{"type":"FeatureCollection","features":[{"type":"Feature","geometry":{"type":"Point","coordinates":[-6.1967,41.725,0]},"properties":{"styleUrl":"#pointStyleMap","icon":"http://maps.google.com/mapfiles/kml/shapes/placemark_circle.png","______Evento":5772,"_______Fecha":"10/02/1961","________Hora":"18:52:01","_____Latitud":41.725,"____Longitud":-6.1967,"__Prof___Km_":"0.0","______Inten_":"VI","________Mag_":"5.2","___Tipo_Mag_":1,"Localizaci_n":"ZAMORA.ZA","unnamed":"Zamora"}},{"type":"Feature","geometry":{"type":"Point","coordinates":[-6.1967,41.725,0]},"properties":{"styleUrl":"#pointStyleMap","icon":"http://maps.google.com/mapfiles/kml/shapes/placemark_circle.png","______Evento":5773,"_______Fecha":"10/02/1961","________Hora":"19:16:34","_____Latitud":41.725,"____Longitud":-6.1967,"__Prof___Km_":"0.0","______Inten_":"V","________Mag_":"5.2","___Tipo_Mag_":1,"Localizaci_n":"ZAMORA.ZA","unnamed":"Zamora"}},{"type":"Feature","geometry":{"type":"Point","coordinates":[-5.765,41.7617,0]},"properties":{"styleUrl":"#pointStyleMap","icon":"http://maps.google.com/mapfiles/kml/shapes/placemark_circle.png","______Evento":5805,"_______Fecha":"22/12/1961","________Hora":"12:04:06","_____Latitud":41.7617,"____Longitud":-5.765,"__Prof___Km_":"23.0","______Inten_":"","________Mag_":"4.5","___Tipo_Mag_":1,"Localizaci_n":"W MANGANESES DE LA LAMPREANA.ZA","unnamed":"Zamora"}},{"type":"Feature","geometry":{"type":"Point","coordinates":[-2.1,41.2,0]},"properties":{"styleUrl":"#pointStyleMap","icon":"http://maps.google.com/mapfiles/kml/shapes/placemark_circle.png","______Evento":5018,"_______Fecha":"20/12/1951","________Hora":"22:07:50","_____Latitud":41.2,"____Longitud":-2.1,"__Prof___Km_":"0.0","______Inten_":"III","________Mag_":"4.4","___Tipo_Mag_":1,"Localizaci_n":"STA.MARIA DE HUERTA.SO","unnamed":"Soria"}},{"type":"Feature","geometry":{"type":"Point","coordinates":[-6.1967,41.725,0]},"properties":{"styleUrl":"#pointStyleMap","icon":"http://maps.google.com/mapfiles/kml/shapes/placemark_circle.png","______Evento":5778,"_______Fecha":"14/03/1961","________Hora":"21:47:03","_____Latitud":41.725,"____Longitud":-6.1967,"__Prof___Km_":"0.0","______Inten_":"","________Mag_":"4.4","___Tipo_Mag_":1,"Localizaci_n":"ZAMORA.ZA","unnamed":"Zamora"}},{"type":"Feature","geometry":{"type":"Point","coordinates":[-6.002,41.5777,0]},"properties":{"styleUrl":"#pointStyleMap","icon":"http://maps.google.com/mapfiles/kml/shapes/placemark_circle.png","______Evento":361919,"_______Fecha":"23/01/2003","________Hora":"10:13:18","_____Latitud":41.5777,"____Longitud":-6.002,"__Prof___Km_":"10.3","______Inten_":"IV-V","________Mag_":"4.4","___Tipo_Mag_":4,"Localizaci_n":"SE VIDEMALA.ZA","unnamed":"Zamora"}},{"type":"Feature","geometry":{"type":"Point","coordinates":[-3.5833,42.9333,0]},"properties":{"styleUrl":"#pointStyleMap","icon":"http://maps.google.com/mapfiles/kml/shapes/placemark_circle.png","______Evento":4394,"_______Fecha":"02/10/1939","________Hora":"21:38:29","_____Latitud":42.9333,"____Longitud":-3.5833,"__Prof___Km_":"0.0","______Inten_":"V","________Mag_":"4.3","___Tipo_Mag_":1,"Localizaci_n":"VILLARCAYO.BU","unnamed":"Burgos"}},{"type":"Feature","geometry":{"type":"Point","coordinates":[-5.45,41.4117,0]},"properties":{"styleUrl":"#pointStyleMap","icon":"http://maps.google.com/mapfiles/kml/shapes/placemark_circle.png","______Evento":5776,"_______Fecha":"11/02/1961","________Hora":"10:00:20","_____Latitud":41.4117,"____Longitud":-5.45,"__Prof___Km_":"5.0","______Inten_":"","________Mag_":"4.2","___Tipo_Mag_":1,"Localizaci_n":"S VALDEFINJAS.ZA","unnamed":"Zamora"}},{"type":"Feature","geometry":{"type":"Point","coordinates":[-5.9781,41.5725,0]},"properties":{"styleUrl":"#pointStyleMap","icon":"http://maps.google.com/mapfiles/kml/shapes/placemark_circle.png","______Evento":360788,"_______Fecha":"12/01/2003","________Hora":"15:56:35","_____Latitud":41.5725,"____Longitud":-5.9781,"__Prof___Km_":"6.2","______Inten_":"IV","________Mag_":"4.2","___Tipo_Mag_":4,"Localizaci_n":"N MUELAS DEL PAN.ZA","unnamed":"Zamora"}},{"type":"Feature","geometry":{"type":"Point","coordinates":[-5.8217,41.9017,0]},"properties":{"styleUrl":"#pointStyleMap","icon":"http://maps.google.com/mapfiles/kml/shapes/placemark_circle.png","______Evento":5804,"_______Fecha":"22/12/1961","________Hora":"12:00:40","_____Latitud":41.9017,"____Longitud":-5.8217,"__Prof___Km_":"5.0","______Inten_":"III","________Mag_":"4.1","___Tipo_Mag_":1,"Localizaci_n":"SE FRIERA DE VALVERDE.ZA","unnamed":"Zamora"}},{"type":"Feature","geometry":{"type":"Point","coordinates":[-6.4713,42.4462,0]},"properties":{"styleUrl":"#pointStyleMap","icon":"http://maps.google.com/mapfiles/kml/shapes/placemark_circle.png","______Evento":665976,"_______Fecha":"10/06/2006","________Hora":"06:18:44","_____Latitud":42.4462,"____Longitud":-6.4713,"__Prof___Km_":"10.7","______Inten_":"V","________Mag_":"4.1","___Tipo_Mag_":5,"Localizaci_n":"SE MOLINASECA.LE","unnamed":"León"}},{"type":"Feature","geometry":{"type":"Point","coordinates":[-6.1967,41.725,0]},"properties":{"styleUrl":"#pointStyleMap","icon":"http://maps.google.com/mapfiles/kml/shapes/placemark_circle.png","______Evento":5774,"_______Fecha":"10/02/1961","________Hora":"20:02:58","_____Latitud":41.725,"____Longitud":-6.1967,"__Prof___Km_":"0.0","______Inten_":"","________Mag_":"3.9","___Tipo_Mag_":1,"Localizaci_n":"ZAMORA.ZA","unnamed":"Zamora"}},{"type":"Feature","geometry":{"type":"Point","coordinates":[-3.7117,43.06,0]},"properties":{"styleUrl":"#pointStyleMap","icon":"http://maps.google.com/mapfiles/kml/shapes/placemark_circle.png","______Evento":10685,"_______Fecha":"07/11/1987","________Hora":"11:07:51","_____Latitud":43.06,"____Longitud":-3.7117,"__Prof___Km_":"13.0","______Inten_":"IV","________Mag_":"3.9","___Tipo_Mag_":2,"Localizaci_n":"NE PEDROSA DE VALDEPORRES.BU","unnamed":"Burgos"}},{"type":"Feature","geometry":{"type":"Point","coordinates":[-3.3,43.15,0]},"properties":{"styleUrl":"#pointStyleMap","icon":"http://maps.google.com/mapfiles/kml/shapes/placemark_circle.png","______Evento":6203,"_______Fecha":"18/12/1966","________Hora":"13:51:36","_____Latitud":43.15,"____Longitud":-3.3,"__Prof___Km_":"0.0","______Inten_":"V","________Mag_":"3.8","___Tipo_Mag_":2,"Localizaci_n":"NW VILLASANA DE MENA.BU","unnamed":"Burgos"}},{"type":"Feature","geometry":{"type":"Point","coordinates":[-5.1017,43.11,0]},"properties":{"styleUrl":"#pointStyleMap","icon":"http://maps.google.com/mapfiles/kml/shapes/placemark_circle.png","______Evento":11151,"_______Fecha":"20/02/1989","________Hora":"20:52:28","_____Latitud":43.11,"____Longitud":-5.1017,"__Prof___Km_":"9.0","______Inten_":"III-IV","________Mag_":"3.7","___Tipo_Mag_":2,"Localizaci_n":"SW OSEJA DE SAJAMBRE.LE","unnamed":"León"}},{"type":"Feature","geometry":{"type":"Point","coordinates":[-3.0967,41.5583,0]},"properties":{"styleUrl":"#pointStyleMap","icon":"http://maps.google.com/mapfiles/kml/shapes/placemark_circle.png","______Evento":13882,"_______Fecha":"13/04/1994","________Hora":"03:33:03","_____Latitud":41.5583,"____Longitud":-3.0967,"__Prof___Km_":"8.0","______Inten_":"V","________Mag_":"3.7","___Tipo_Mag_":2,"Localizaci_n":"SW BURGO DE OSMA.SO","unnamed":"Soria"}},{"type":"Feature","geometry":{"type":"Point","coordinates":[-5.9867,43.01,0]},"properties":{"styleUrl":"#pointStyleMap","icon":"http://maps.google.com/mapfiles/kml/shapes/placemark_circle.png","______Evento":16725,"_______Fecha":"12/10/1996","________Hora":"23:26:35","_____Latitud":43.01,"____Longitud":-5.9867,"__Prof___Km_":"17.0","______Inten_":"III","________Mag_":"3.7","___Tipo_Mag_":2,"Localizaci_n":"NE SAN EMILIANO.LE","unnamed":"León"}},{"type":"Feature","geometry":{"type":"Point","coordinates":[-2.2726,41.6274,0]},"properties":{"styleUrl":"#pointStyleMap","icon":"http://maps.google.com/mapfiles/kml/shapes/placemark_circle.png","______Evento":1338870,"_______Fecha":"05/08/2015","________Hora":"16:26:52","_____Latitud":41.6274,"____Longitud":-2.2726,"__Prof___Km_":"16.0","______Inten_":"III-IV","________Mag_":"3.7","___Tipo_Mag_":5,"Localizaci_n":"SW ALIUD.SO","unnamed":"Soria"}},{"type":"Feature","geometry":{"type":"Point","coordinates":[-6.7083,42.7433,0]},"properties":{"styleUrl":"#pointStyleMap","icon":"http://maps.google.com/mapfiles/kml/shapes/placemark_circle.png","______Evento":9111,"_______Fecha":"08/07/1981","________Hora":"15:10:09","_____Latitud":42.7433,"____Longitud":-6.7083,"__Prof___Km_":"27.0","______Inten_":"","________Mag_":"3.6","___Tipo_Mag_":2,"Localizaci_n":"W VEGA DE ESPINAREDA.LE","unnamed":"León"}},{"type":"Feature","geometry":{"type":"Point","coordinates":[-4.6156,42.864,0]},"properties":{"styleUrl":"#pointStyleMap","icon":"http://maps.google.com/mapfiles/kml/shapes/placemark_circle.png","______Evento":0,"_______Fecha":"19/05/2018","________Hora":"18:35:11","_____Latitud":42.864,"____Longitud":-4.6156,"__Prof___Km_":"12.0","______Inten_":"III","________Mag_":"3.6","___Tipo_Mag_":4,"Localizaci_n":"NW CASTREJÓN DE LA PEÑA.P","unnamed":"Palencia"}},{"type":"Feature","geometry":{"type":"Point","coordinates":[-6.0079,42.6071,0]},"properties":{"styleUrl":"#pointStyleMap","icon":"http://maps.google.com/mapfiles/kml/shapes/placemark_circle.png","______Evento":0,"_______Fecha":"30/09/2023","________Hora":"12:46:42","_____Latitud":42.6071,"____Longitud":-6.0079,"__Prof___Km_":"5.0","______Inten_":"III-IV","________Mag_":"3.6","___Tipo_Mag_":5,"Localizaci_n":"NE VILLAMEJIL.LE","unnamed":"León"}},{"type":"Feature","geometry":{"type":"Point","coordinates":[-5.9764,41.5743,0]},"properties":{"styleUrl":"#pointStyleMap","icon":"http://maps.google.com/mapfiles/kml/shapes/placemark_circle.png","______Evento":360802,"_______Fecha":"12/01/2003","________Hora":"16:25:22","_____Latitud":41.5743,"____Longitud":-5.9764,"__Prof___Km_":"7.1","______Inten_":"III","________Mag_":"3.5","___Tipo_Mag_":4,"Localizaci_n":"SW ALMENDRA.ZA","unnamed":"Zamora"}},{"type":"Feature","geometry":{"type":"Point","coordinates":[-5.991,41.5709,0]},"properties":{"styleUrl":"#pointStyleMap","icon":"http://maps.google.com/mapfiles/kml/shapes/placemark_circle.png","______Evento":403580,"_______Fecha":"27/07/2003","________Hora":"20:46:18","_____Latitud":41.5709,"____Longitud":-5.991,"__Prof___Km_":"8.0","______Inten_":"III","________Mag_":"3.5","___Tipo_Mag_":4,"Localizaci_n":"NW MUELAS DEL PAN.ZA","unnamed":"Zamora"}},{"type":"Feature","geometry":{"type":"Point","coordinates":[-5.8821,41.7362,0]},"properties":{"styleUrl":"#pointStyleMap","icon":"http://maps.google.com/mapfiles/kml/shapes/placemark_circle.png","______Evento":0,"_______Fecha":"08/09/2022","________Hora":"01:43:07","_____Latitud":41.7362,"____Longitud":-5.8821,"__Prof___Km_":"10.0","______Inten_":"III","________Mag_":"3.5","___Tipo_Mag_":4,"Localizaci_n":"NW PERILLA DE CASTRO.ZA","unnamed":"Zamora"}},{"type":"Feature","geometry":{"type":"Point","coordinates":[-3.1383,42.0817,0]},"properties":{"styleUrl":"#pointStyleMap","icon":"http://maps.google.com/mapfiles/kml/shapes/placemark_circle.png","______Evento":6143,"_______Fecha":"14/05/1966","________Hora":"07:17:55","_____Latitud":42.0817,"____Longitud":-3.1383,"__Prof___Km_":"5.0","______Inten_":"","________Mag_":"3.4","___Tipo_Mag_":2,"Localizaci_n":"S HUERTA DE ABAJO.BU","unnamed":"Burgos"}},{"type":"Feature","geometry":{"type":"Point","coordinates":[-5.9083,41.4033,0]},"properties":{"styleUrl":"#pointStyleMap","icon":"http://maps.google.com/mapfiles/kml/shapes/placemark_circle.png","______Evento":10326,"_______Fecha":"12/07/1986","________Hora":"23:00:45","_____Latitud":41.4033,"____Longitud":-5.9083,"__Prof___Km_":"5.0","______Inten_":"IV","________Mag_":"3.4","___Tipo_Mag_":2,"Localizaci_n":"SW PERERUELA.ZA","unnamed":"Zamora"}},{"type":"Feature","geometry":{"type":"Point","coordinates":[-3.4417,43.085,0]},"properties":{"styleUrl":"#pointStyleMap","icon":"http://maps.google.com/mapfiles/kml/shapes/placemark_circle.png","______Evento":11906,"_______Fecha":"06/09/1990","________Hora":"06:44:14","_____Latitud":43.085,"____Longitud":-3.4417,"__Prof___Km_":"18.0","______Inten_":"","________Mag_":"3.4","___Tipo_Mag_":2,"Localizaci_n":"NE VILLASANTE DE MONTIJA.BU","unnamed":"Burgos"}},{"type":"Feature","geometry":{"type":"Point","coordinates":[-5.9856,41.5386,0]},"properties":{"styleUrl":"#pointStyleMap","icon":"http://maps.google.com/mapfiles/kml/shapes/placemark_circle.png","______Evento":262074,"_______Fecha":"21/05/2001","________Hora":"11:07:36","_____Latitud":41.5386,"____Longitud":-5.9856,"__Prof___Km_":"2.7","______Inten_":"III","________Mag_":"3.4","___Tipo_Mag_":2,"Localizaci_n":"NW MUELAS DEL PAN.ZA","unnamed":"Zamora"}},{"type":"Feature","geometry":{"type":"Point","coordinates":[-5.9895,41.5759,0]},"properties":{"styleUrl":"#pointStyleMap","icon":"http://maps.google.com/mapfiles/kml/shapes/placemark_circle.png","______Evento":452119,"_______Fecha":"30/01/2004","________Hora":"00:16:06","_____Latitud":41.5759,"____Longitud":-5.9895,"__Prof___Km_":"8.1","______Inten_":"IV","________Mag_":"3.4","___Tipo_Mag_":4,"Localizaci_n":"SE VIDEMALA.ZA","unnamed":"Zamora"}},{"type":"Feature","geometry":{"type":"Point","coordinates":[-3.0525,42.9465,0]},"properties":{"styleUrl":"#pointStyleMap","icon":"http://maps.google.com/mapfiles/kml/shapes/placemark_circle.png","______Evento":1083237,"_______Fecha":"17/08/2011","________Hora":"18:21:34","_____Latitud":42.9465,"____Longitud":-3.0525,"__Prof___Km_":"7.9","______Inten_":"III","________Mag_":"3.4","___Tipo_Mag_":4,"Localizaci_n":"NE VILLALBA DE LOSA.BU","unnamed":"Burgos"}},{"type":"Feature","geometry":{"type":"Point","coordinates":[-4.5907,42.9868,0]},"properties":{"styleUrl":"#pointStyleMap","icon":"http://maps.google.com/mapfiles/kml/shapes/placemark_circle.png","______Evento":0,"_______Fecha":"20/04/2018","________Hora":"10:22:23","_____Latitud":42.9868,"____Longitud":-4.5907,"__Prof___Km_":"12.0","______Inten_":"II","________Mag_":"3.4","___Tipo_Mag_":4,"Localizaci_n":"NW POLENTINOS.P","unnamed":"Palencia"}},{"type":"Feature","geometry":{"type":"Point","coordinates":[-4.22,42.42,0]},"properties":{"styleUrl":"#pointStyleMap","icon":"http://maps.google.com/mapfiles/kml/shapes/placemark_circle.png","______Evento":8003,"_______Fecha":"09/08/1978","________Hora":"11:17:55","_____Latitud":42.42,"____Longitud":-4.22,"__Prof___Km_":"0.0","______Inten_":"","________Mag_":"3.3","___Tipo_Mag_":2,"Localizaci_n":"NE MELGAR DE FERNAMENTAL.BU","unnamed":"Burgos"}},{"type":"Feature","geometry":{"type":"Point","coordinates":[-5.99,42.385,0]},"properties":{"styleUrl":"#pointStyleMap","icon":"http://maps.google.com/mapfiles/kml/shapes/placemark_circle.png","______Evento":10600,"_______Fecha":"28/07/1987","________Hora":"19:19:19","_____Latitud":42.385,"____Longitud":-5.99,"__Prof___Km_":"5.0","______Inten_":"III-IV","________Mag_":"3.3","___Tipo_Mag_":2,"Localizaci_n":"SW RIEGO DE LA VEGA.LE","unnamed":"León"}},{"type":"Feature","geometry":{"type":"Point","coordinates":[-5.9533,43.0183,0]},"properties":{"styleUrl":"#pointStyleMap","icon":"http://maps.google.com/mapfiles/kml/shapes/placemark_circle.png","______Evento":16754,"_______Fecha":"28/10/1996","________Hora":"06:31:02","_____Latitud":43.0183,"____Longitud":-5.9533,"__Prof___Km_":"5.0","______Inten_":"","________Mag_":"3.3","___Tipo_Mag_":2,"Localizaci_n":"NE SAN EMILIANO.LE","unnamed":"León"}},{"type":"Feature","geometry":{"type":"Point","coordinates":[-6.7883,42.7933,0]},"properties":{"styleUrl":"#pointStyleMap","icon":"http://maps.google.com/mapfiles/kml/shapes/placemark_circle.png","______Evento":17076,"_______Fecha":"23/02/1997","________Hora":"15:13:33","_____Latitud":42.7933,"____Longitud":-6.7883,"__Prof___Km_":"9.0","______Inten_":"","________Mag_":"3.3","___Tipo_Mag_":2,"Localizaci_n":"SW CANDÍN.LE","unnamed":"León"}},{"type":"Feature","geometry":{"type":"Point","coordinates":[-3.3463,43.1419,0]},"properties":{"styleUrl":"#pointStyleMap","icon":"http://maps.google.com/mapfiles/kml/shapes/placemark_circle.png","______Evento":195774,"_______Fecha":"18/03/2000","________Hora":"11:53:59","_____Latitud":43.1419,"____Longitud":-3.3463,"__Prof___Km_":"0.0","______Inten_":"III-IV","________Mag_":"3.3","___Tipo_Mag_":2,"Localizaci_n":"NW VILLASANA DE MENA.BU","unnamed":"Burgos"}},{"type":"Feature","geometry":{"type":"Point","coordinates":[-5.1299,43.0648,0]},"properties":{"styleUrl":"#pointStyleMap","icon":"http://maps.google.com/mapfiles/kml/shapes/placemark_circle.png","______Evento":934463,"_______Fecha":"16/08/2009","________Hora":"06:58:31","_____Latitud":43.0648,"____Longitud":-5.1299,"__Prof___Km_":"10.8","______Inten_":"III","________Mag_":"3.3","___Tipo_Mag_":4,"Localizaci_n":"NW ACEBEDO.LE","unnamed":"León"}},{"type":"Feature","geometry":{"type":"Point","coordinates":[-1.843,41.7057,0]},"properties":{"styleUrl":"#pointStyleMap","icon":"http://maps.google.com/mapfiles/kml/shapes/placemark_circle.png","______Evento":1188381,"_______Fecha":"03/02/2013","________Hora":"05:17:56","_____Latitud":41.7057,"____Longitud":-1.843,"__Prof___Km_":"11.0","______Inten_":"III","________Mag_":"3.3","___Tipo_Mag_":4,"Localizaci_n":"SW BERATÓN.SO","unnamed":"Soria"}},{"type":"Feature","geometry":{"type":"Point","coordinates":[-6.6817,41.14,0]},"properties":{"styleUrl":"#pointStyleMap","icon":"http://maps.google.com/mapfiles/kml/shapes/placemark_circle.png","______Evento":7322,"_______Fecha":"03/05/1973","________Hora":"20:55:38","_____Latitud":41.14,"____Longitud":-6.6817,"__Prof___Km_":"5.0","______Inten_":"","________Mag_":"3.2","___Tipo_Mag_":2,"Localizaci_n":"W CEREZAL DE PEÑAHORCADA.SA","unnamed":"Salamanca"}},{"type":"Feature","geometry":{"type":"Point","coordinates":[-6.8383,42.75,0]},"properties":{"styleUrl":"#pointStyleMap","icon":"http://maps.google.com/mapfiles/kml/shapes/placemark_circle.png","______Evento":10268,"_______Fecha":"11/05/1986","________Hora":"18:51:56","_____Latitud":42.75,"____Longitud":-6.8383,"__Prof___Km_":"5.0","______Inten_":"","________Mag_":"3.2","___Tipo_Mag_":2,"Localizaci_n":"NE BALBOA.LE","unnamed":"León"}},{"type":"Feature","geometry":{"type":"Point","coordinates":[-6.73,42.4967,0]},"properties":{"styleUrl":"#pointStyleMap","icon":"http://maps.google.com/mapfiles/kml/shapes/placemark_circle.png","______Evento":10817,"_______Fecha":"10/04/1988","________Hora":"22:40:28","_____Latitud":42.4967,"____Longitud":-6.73,"__Prof___Km_":"3.0","______Inten_":"III","________Mag_":"3.2","___Tipo_Mag_":2,"Localizaci_n":"NW BORRENES.LE","unnamed":"León"}},{"type":"Feature","geometry":{"type":"Point","coordinates":[-5.9783,41.4733,0]},"properties":{"styleUrl":"#pointStyleMap","icon":"http://maps.google.com/mapfiles/kml/shapes/placemark_circle.png","______Evento":12379,"_______Fecha":"07/02/1992","________Hora":"00:51:24","_____Latitud":41.4733,"____Longitud":-5.9783,"__Prof___Km_":"4.0","______Inten_":"II-III","________Mag_":"3.2","___Tipo_Mag_":2,"Localizaci_n":"W VILLASECO DEL PAN.ZA","unnamed":"Zamora"}},{"type":"Feature","geometry":{"type":"Point","coordinates":[-4.8967,43.025,0]},"properties":{"styleUrl":"#pointStyleMap","icon":"http://maps.google.com/mapfiles/kml/shapes/placemark_circle.png","______Evento":13128,"_______Fecha":"28/06/1993","________Hora":"03:25:41","_____Latitud":43.025,"____Longitud":-4.8967,"__Prof___Km_":"15.0","______Inten_":"","________Mag_":"3.2","___Tipo_Mag_":2,"Localizaci_n":"NE BOCA DE HUÉRGANO.LE","unnamed":"León"}},{"type":"Feature","geometry":{"type":"Point","coordinates":[-6.1905,42.968,0]},"properties":{"styleUrl":"#pointStyleMap","icon":"http://maps.google.com/mapfiles/kml/shapes/placemark_circle.png","______Evento":1167035,"_______Fecha":"22/09/2012","________Hora":"16:28:51","_____Latitud":42.968,"____Longitud":-6.1905,"__Prof___Km_":"11.0","______Inten_":"III","________Mag_":"3.2","___Tipo_Mag_":4,"Localizaci_n":"NW CABRILLANES.LE","unnamed":"León"}},{"type":"Feature","geometry":{"type":"Point","coordinates":[-5.3139,43.033,0]},"properties":{"styleUrl":"#pointStyleMap","icon":"http://maps.google.com/mapfiles/kml/shapes/placemark_circle.png","______Evento":0,"_______Fecha":"03/10/2023","________Hora":"15:37:12","_____Latitud":43.033,"____Longitud":-5.3139,"__Prof___Km_":"0.0","______Inten_":"II","________Mag_":"3.2","___Tipo_Mag_":4,"Localizaci_n":"NW PUEBLA DE LILLO.LE","unnamed":"León"}},{"type":"Feature","geometry":{"type":"Point","coordinates":[-6.588,42.7162,0]},"properties":{"styleUrl":"#pointStyleMap","icon":"http://maps.google.com/mapfiles/kml/shapes/placemark_circle.png","______Evento":0,"_______Fecha":"06/12/2023","________Hora":"18:26:25","_____Latitud":42.7162,"____Longitud":-6.588,"__Prof___Km_":"5.0","______Inten_":"III","________Mag_":"3.2","___Tipo_Mag_":4,"Localizaci_n":"SE BERLANGA DEL BIERZO.LE","unnamed":"León"}},{"type":"Feature","geometry":{"type":"Point","coordinates":[-6.3467,41.8633,0]},"properties":{"styleUrl":"#pointStyleMap","icon":"http://maps.google.com/mapfiles/kml/shapes/placemark_circle.png","______Evento":8592,"_______Fecha":"30/05/1980","________Hora":"16:15:16","_____Latitud":41.8633,"____Longitud":-6.3467,"__Prof___Km_":"10.0","______Inten_":"","________Mag_":"3.1","___Tipo_Mag_":2,"Localizaci_n":"E MAHIDE.ZA","unnamed":"Zamora"}},{"type":"Feature","geometry":{"type":"Point","coordinates":[-3.3383,42.285,0]},"properties":{"styleUrl":"#pointStyleMap","icon":"http://maps.google.com/mapfiles/kml/shapes/placemark_circle.png","______Evento":9233,"_______Fecha":"03/01/1982","________Hora":"02:13:24","_____Latitud":42.285,"____Longitud":-3.3383,"__Prof___Km_":"5.0","______Inten_":"","________Mag_":"3.1","___Tipo_Mag_":2,"Localizaci_n":"SE VILLASUR DE HERREROS.BU","unnamed":"Burgos"}},{"type":"Feature","geometry":{"type":"Point","coordinates":[-5.025,43.0483,0]},"properties":{"styleUrl":"#pointStyleMap","icon":"http://maps.google.com/mapfiles/kml/shapes/placemark_circle.png","______Evento":10479,"_______Fecha":"19/02/1987","________Hora":"02:17:52","_____Latitud":43.0483,"____Longitud":-5.025,"__Prof___Km_":"5.0","______Inten_":"","________Mag_":"3.1","___Tipo_Mag_":2,"Localizaci_n":"NE BURÓN.LE","unnamed":"León"}},{"type":"Feature","geometry":{"type":"Point","coordinates":[-6.6583,42.1667,0]},"properties":{"styleUrl":"#pointStyleMap","icon":"http://maps.google.com/mapfiles/kml/shapes/placemark_circle.png","______Evento":12134,"_______Fecha":"13/06/1991","________Hora":"01:01:17","_____Latitud":42.1667,"____Longitud":-6.6583,"__Prof___Km_":"2.0","______Inten_":"","________Mag_":"3.1","___Tipo_Mag_":2,"Localizaci_n":"NW SAN JUSTO.ZA","unnamed":"Zamora"}},{"type":"Feature","geometry":{"type":"Point","coordinates":[-2.055,41.7483,0]},"properties":{"styleUrl":"#pointStyleMap","icon":"http://maps.google.com/mapfiles/kml/shapes/placemark_circle.png","______Evento":13134,"_______Fecha":"04/07/1993","________Hora":"08:40:18","_____Latitud":41.7483,"____Longitud":-2.055,"__Prof___Km_":"2.0","______Inten_":"","________Mag_":"3.1","___Tipo_Mag_":2,"Localizaci_n":"E HINOJOSA DEL CAMPO.SO","unnamed":"Soria"}},{"type":"Feature","geometry":{"type":"Point","coordinates":[-6.02,43.005,0]},"properties":{"styleUrl":"#pointStyleMap","icon":"http://maps.google.com/mapfiles/kml/shapes/placemark_circle.png","______Evento":16727,"_______Fecha":"13/10/1996","________Hora":"03:51:02","_____Latitud":43.005,"____Longitud":-6.02,"__Prof___Km_":"14.0","______Inten_":"","________Mag_":"3.1","___Tipo_Mag_":2,"Localizaci_n":"NW SAN EMILIANO.LE","unnamed":"León"}},{"type":"Feature","geometry":{"type":"Point","coordinates":[-5.6067,42.875,0]},"properties":{"styleUrl":"#pointStyleMap","icon":"http://maps.google.com/mapfiles/kml/shapes/placemark_circle.png","______Evento":17909,"_______Fecha":"10/09/1997","________Hora":"07:28:25","_____Latitud":42.875,"____Longitud":-5.6067,"__Prof___Km_":"3.0","______Inten_":"","________Mag_":"3.1","___Tipo_Mag_":2,"Localizaci_n":"NE POLA DE GORDÓN, LA.LE","unnamed":"León"}},{"type":"Feature","geometry":{"type":"Point","coordinates":[-5.9871,41.5409,0]},"properties":{"styleUrl":"#pointStyleMap","icon":"http://maps.google.com/mapfiles/kml/shapes/placemark_circle.png","______Evento":297122,"_______Fecha":"09/12/2001","________Hora":"09:30:56","_____Latitud":41.5409,"____Longitud":-5.9871,"__Prof___Km_":"4.8","______Inten_":"III","________Mag_":"3.1","___Tipo_Mag_":2,"Localizaci_n":"NW MUELAS DEL PAN.ZA","unnamed":"Zamora"}},{"type":"Feature","geometry":{"type":"Point","coordinates":[-5.9854,41.5903,0]},"properties":{"styleUrl":"#pointStyleMap","icon":"http://maps.google.com/mapfiles/kml/shapes/placemark_circle.png","______Evento":403592,"_______Fecha":"27/07/2003","________Hora":"20:51:30","_____Latitud":41.5903,"____Longitud":-5.9854,"__Prof___Km_":"10.0","______Inten_":"II-III","________Mag_":"3.1","___Tipo_Mag_":4,"Localizaci_n":"SE VIDEMALA.ZA","unnamed":"Zamora"}},{"type":"Feature","geometry":{"type":"Point","coordinates":[-6.7171,42.4294,0]},"properties":{"styleUrl":"#pointStyleMap","icon":"http://maps.google.com/mapfiles/kml/shapes/placemark_circle.png","______Evento":800355,"_______Fecha":"12/10/2007","________Hora":"15:59:15","_____Latitud":42.4294,"____Longitud":-6.7171,"__Prof___Km_":"20.6","______Inten_":"III","________Mag_":"3.1","___Tipo_Mag_":4,"Localizaci_n":"NW BENUZA.LE","unnamed":"León"}},{"type":"Feature","geometry":{"type":"Point","coordinates":[-3.3153,42.9458,0]},"properties":{"styleUrl":"#pointStyleMap","icon":"http://maps.google.com/mapfiles/kml/shapes/placemark_circle.png","______Evento":0,"_______Fecha":"25/08/2017","________Hora":"07:56:49","_____Latitud":42.9458,"____Longitud":-3.3153,"__Prof___Km_":"12.0","______Inten_":"III","________Mag_":"3.1","___Tipo_Mag_":4,"Localizaci_n":"SW EL CAÑÓN.BU","unnamed":"Burgos"}},{"type":"Feature","geometry":{"type":"Point","coordinates":[-3.3198,42.9583,0]},"properties":{"styleUrl":"#pointStyleMap","icon":"http://maps.google.com/mapfiles/kml/shapes/placemark_circle.png","______Evento":0,"_______Fecha":"05/10/2017","________Hora":"06:22:04","_____Latitud":42.9583,"____Longitud":-3.3198,"__Prof___Km_":"12.0","______Inten_":"II","________Mag_":"3.1","___Tipo_Mag_":4,"Localizaci_n":"W EL CAÑÓN.BU","unnamed":"Burgos"}},{"type":"Feature","geometry":{"type":"Point","coordinates":[-5.413,42.9893,0]},"properties":{"styleUrl":"#pointStyleMap","icon":"http://maps.google.com/mapfiles/kml/shapes/placemark_circle.png","______Evento":0,"_______Fecha":"03/06/2021","________Hora":"17:44:48","_____Latitud":42.9893,"____Longitud":-5.413,"__Prof___Km_":"5.0","______Inten_":"III","________Mag_":"3.1","___Tipo_Mag_":4,"Localizaci_n":"N VALDELUGUEROS.LE","unnamed":"León"}},{"type":"Feature","geometry":{"type":"Point","coordinates":[-5.821,41.3173,0]},"properties":{"styleUrl":"#pointStyleMap","icon":"http://maps.google.com/mapfiles/kml/shapes/placemark_circle.png","______Evento":0,"_______Fecha":"07/03/2022","________Hora":"10:59:42","_____Latitud":41.3173,"____Longitud":-5.821,"__Prof___Km_":"4.0","______Inten_":"II","________Mag_":"3.1","___Tipo_Mag_":4,"Localizaci_n":"SW CABAÑAS DE SAYAGO.ZA","unnamed":"Zamora"}},{"type":"Feature","geometry":{"type":"Point","coordinates":[-5.9971,43.046,0]},"properties":{"styleUrl":"#pointStyleMap","icon":"http://maps.google.com/mapfiles/kml/shapes/placemark_circle.png","______Evento":0,"_______Fecha":"20/05/2022","________Hora":"00:16:15","_____Latitud":43.046,"____Longitud":-5.9971,"__Prof___Km_":"0.0","______Inten_":"II","________Mag_":"3.1","___Tipo_Mag_":4,"Localizaci_n":"N SAN EMILIANO.LE","unnamed":"León"}},{"type":"Feature","geometry":{"type":"Point","coordinates":[-6.704,42.3042,0]},"properties":{"styleUrl":"#pointStyleMap","icon":"http://maps.google.com/mapfiles/kml/shapes/placemark_circle.png","______Evento":0,"_______Fecha":"01/03/2025","________Hora":"03:30:20","_____Latitud":42.3042,"____Longitud":-6.704,"__Prof___Km_":"1.0","______Inten_":"III","________Mag_":"3.1","___Tipo_Mag_":4,"Localizaci_n":"NW ENCINEDO.LE","unnamed":"León"}},{"type":"Feature","geometry":{"type":"Point","coordinates":[-5.8252,42.9413,0]},"properties":{"styleUrl":"#pointStyleMap","icon":"http://maps.google.com/mapfiles/kml/shapes/placemark_circle.png","______Evento":0,"_______Fecha":"17/06/2026","________Hora":"22:30:40","_____Latitud":42.9413,"____Longitud":-5.8252,"__Prof___Km_":"0.0","______Inten_":"II-III","________Mag_":"3.1","___Tipo_Mag_":4,"Localizaci_n":"E SENA DE LUNA.LE","unnamed":"León"}},{"type":"Feature","geometry":{"type":"Point","coordinates":[-3.72,42.62,0]},"properties":{"styleUrl":"#pointStyleMap","icon":"http://maps.google.com/mapfiles/kml/shapes/placemark_circle.png","______Evento":8207,"_______Fecha":"23/05/1979","________Hora":"10:36:50","_____Latitud":42.62,"____Longitud":-3.72,"__Prof___Km_":"0.0","______Inten_":"","________Mag_":"3.0","___Tipo_Mag_":2,"Localizaci_n":"NE MONTORIO.BU","unnamed":"Burgos"}},{"type":"Feature","geometry":{"type":"Point","coordinates":[-2.07,41.4683,0]},"properties":{"styleUrl":"#pointStyleMap","icon":"http://maps.google.com/mapfiles/kml/shapes/placemark_circle.png","______Evento":9053,"_______Fecha":"11/05/1981","________Hora":"11:28:20","_____Latitud":41.4683,"____Longitud":-2.07,"__Prof___Km_":"5.0","______Inten_":"","________Mag_":"3.0","___Tipo_Mag_":2,"Localizaci_n":"W DEZA.SO","unnamed":"Soria"}},{"type":"Feature","geometry":{"type":"Point","coordinates":[-3.1,42.5,0]},"properties":{"styleUrl":"#pointStyleMap","icon":"http://maps.google.com/mapfiles/kml/shapes/placemark_circle.png","______Evento":9176,"_______Fecha":"03/10/1981","________Hora":"07:19:29","_____Latitud":42.5,"____Longitud":-3.1,"__Prof___Km_":"0.0","______Inten_":"","________Mag_":"3.0","___Tipo_Mag_":2,"Localizaci_n":"E CEREZO DE RÍO TIRÓN.BU","unnamed":"Burgos"}},{"type":"Feature","geometry":{"type":"Point","coordinates":[-3.1067,42.7167,0]},"properties":{"styleUrl":"#pointStyleMap","icon":"http://maps.google.com/mapfiles/kml/shapes/placemark_circle.png","______Evento":9584,"_______Fecha":"19/05/1983","________Hora":"16:39:03","_____Latitud":42.7167,"____Longitud":-3.1067,"__Prof___Km_":"5.0","______Inten_":"","________Mag_":"3.0","___Tipo_Mag_":2,"Localizaci_n":"SW BOZOÓ.BU","unnamed":"Burgos"}},{"type":"Feature","geometry":{"type":"Point","coordinates":[-5.825,41.555,0]},"properties":{"styleUrl":"#pointStyleMap","icon":"http://maps.google.com/mapfiles/kml/shapes/placemark_circle.png","______Evento":9969,"_______Fecha":"22/04/1985","________Hora":"03:15:32","_____Latitud":41.555,"____Longitud":-5.825,"__Prof___Km_":"6.0","______Inten_":"","________Mag_":"3.0","___Tipo_Mag_":2,"Localizaci_n":"W HINIESTA, LA.ZA","unnamed":"Zamora"}},{"type":"Feature","geometry":{"type":"Point","coordinates":[-1.8133,41.73,0]},"properties":{"styleUrl":"#pointStyleMap","icon":"http://maps.google.com/mapfiles/kml/shapes/placemark_circle.png","______Evento":10519,"_______Fecha":"09/04/1987","________Hora":"12:35:45","_____Latitud":41.73,"____Longitud":-1.8133,"__Prof___Km_":"16.0","______Inten_":"","________Mag_":"3.0","___Tipo_Mag_":2,"Localizaci_n":"NW BERATÓN.SO","unnamed":"Soria"}},{"type":"Feature","geometry":{"type":"Point","coordinates":[-5.8983,41.4,0]},"properties":{"styleUrl":"#pointStyleMap","icon":"http://maps.google.com/mapfiles/kml/shapes/placemark_circle.png","______Evento":12284,"_______Fecha":"15/11/1991","________Hora":"05:59:05","_____Latitud":41.4,"____Longitud":-5.8983,"__Prof___Km_":"4.0","______Inten_":"","________Mag_":"3.0","___Tipo_Mag_":2,"Localizaci_n":"SW PERERUELA.ZA","unnamed":"Zamora"}},{"type":"Feature","geometry":{"type":"Point","coordinates":[-3.07,41.5383,0]},"properties":{"styleUrl":"#pointStyleMap","icon":"http://maps.google.com/mapfiles/kml/shapes/placemark_circle.png","______Evento":13416,"_______Fecha":"07/12/1993","________Hora":"03:11:17","_____Latitud":41.5383,"____Longitud":-3.07,"__Prof___Km_":"5.0","______Inten_":"","________Mag_":"3.0","___Tipo_Mag_":2,"Localizaci_n":"S BURGO DE OSMA.SO","unnamed":"Soria"}},{"type":"Feature","geometry":{"type":"Point","coordinates":[-2.235,41.9883,0]},"properties":{"styleUrl":"#pointStyleMap","icon":"http://maps.google.com/mapfiles/kml/shapes/placemark_circle.png","______Evento":14604,"_______Fecha":"13/10/1994","________Hora":"10:21:14","_____Latitud":41.9883,"____Longitud":-2.235,"__Prof___Km_":"3.0","______Inten_":"","________Mag_":"3.0","___Tipo_Mag_":2,"Localizaci_n":"S SAN PEDRO MANRIQUE.SO","unnamed":"Soria"}},{"type":"Feature","geometry":{"type":"Point","coordinates":[-5.99,41.4983,0]},"properties":{"styleUrl":"#pointStyleMap","icon":"http://maps.google.com/mapfiles/kml/shapes/placemark_circle.png","______Evento":14931,"_______Fecha":"20/02/1995","________Hora":"05:40:04","_____Latitud":41.4983,"____Longitud":-5.99,"__Prof___Km_":"3.0","______Inten_":"","________Mag_":"3.0","___Tipo_Mag_":2,"Localizaci_n":"SW MUELAS DEL PAN.ZA","unnamed":"Zamora"}},{"type":"Feature","geometry":{"type":"Point","coordinates":[-6.315,42.8767,0]},"properties":{"styleUrl":"#pointStyleMap","icon":"http://maps.google.com/mapfiles/kml/shapes/placemark_circle.png","______Evento":16879,"_______Fecha":"12/12/1996","________Hora":"15:08:18","_____Latitud":42.8767,"____Longitud":-6.315,"__Prof___Km_":"0.0","______Inten_":"","________Mag_":"3.0","___Tipo_Mag_":2,"Localizaci_n":"S VILLABLINO.LE","unnamed":"León"}},{"type":"Feature","geometry":{"type":"Point","coordinates":[-7.0083,42.51,0]},"properties":{"styleUrl":"#pointStyleMap","icon":"http://maps.google.com/mapfiles/kml/shapes/placemark_circle.png","______Evento":17233,"_______Fecha":"26/03/1997","________Hora":"11:42:33","_____Latitud":42.51,"____Longitud":-7.0083,"__Prof___Km_":"24.0","______Inten_":"","________Mag_":"3.0","___Tipo_Mag_":2,"Localizaci_n":"SW OENCIA.LE","unnamed":"León"}},{"type":"Feature","geometry":{"type":"Point","coordinates":[-5.9889,41.5492,0]},"properties":{"styleUrl":"#pointStyleMap","icon":"http://maps.google.com/mapfiles/kml/shapes/placemark_circle.png","______Evento":417912,"_______Fecha":"21/09/2003","________Hora":"00:15:02","_____Latitud":41.5492,"____Longitud":-5.9889,"__Prof___Km_":"5.7","______Inten_":"III","________Mag_":"3.0","___Tipo_Mag_":4,"Localizaci_n":"NW MUELAS DEL PAN.ZA","unnamed":"Zamora"}},{"type":"Feature","geometry":{"type":"Point","coordinates":[-5.9486,42.866,0]},"properties":{"styleUrl":"#pointStyleMap","icon":"http://maps.google.com/mapfiles/kml/shapes/placemark_circle.png","______Evento":0,"_______Fecha":"18/07/2020","________Hora":"15:26:44","_____Latitud":42.866,"____Longitud":-5.9486,"__Prof___Km_":"0.0","______Inten_":"","________Mag_":"3.0","___Tipo_Mag_":4,"Localizaci_n":"S SENA DE LUNA.LE","unnamed":"León"}},{"type":"Feature","geometry":{"type":"Point","coordinates":[-1.8026,41.7263,0]},"properties":{"styleUrl":"#pointStyleMap","icon":"http://maps.google.com/mapfiles/kml/shapes/placemark_circle.png","______Evento":0,"_______Fecha":"03/10/2023","________Hora":"10:38:25","_____Latitud":41.7263,"____Longitud":-1.8026,"__Prof___Km_":"1.0","______Inten_":"II-III","________Mag_":"3.0","___Tipo_Mag_":4,"Localizaci_n":"NE BERATÓN.SO","unnamed":"Soria"}},{"type":"Feature","geometry":{"type":"Point","coordinates":[-2.4667,42.1083,0]},"properties":{"styleUrl":"#pointStyleMap","icon":"http://maps.google.com/mapfiles/kml/shapes/placemark_circle.png","______Evento":10652,"_______Fecha":"24/09/1987","________Hora":"14:42:50","_____Latitud":42.1083,"____Longitud":-2.4667,"__Prof___Km_":"15.0","______Inten_":"","________Mag_":"2.9","___Tipo_Mag_":2,"Localizaci_n":"NW SANTA CRUZ DE YANGUAS.SO","unnamed":"Soria"}},{"type":"Feature","geometry":{"type":"Point","coordinates":[-7,42.7117,0]},"properties":{"styleUrl":"#pointStyleMap","icon":"http://maps.google.com/mapfiles/kml/shapes/placemark_circle.png","______Evento":10739,"_______Fecha":"12/01/1988","________Hora":"14:14:29","_____Latitud":42.7117,"____Longitud":-7,"__Prof___Km_":"1.0","______Inten_":"","________Mag_":"2.9","___Tipo_Mag_":2,"Localizaci_n":"W BALBOA.LE","unnamed":"León"}},{"type":"Feature","geometry":{"type":"Point","coordinates":[-6.6717,42.2067,0]},"properties":{"styleUrl":"#pointStyleMap","icon":"http://maps.google.com/mapfiles/kml/shapes/placemark_circle.png","______Evento":11048,"_______Fecha":"16/11/1988","________Hora":"15:20:52","_____Latitud":42.2067,"____Longitud":-6.6717,"__Prof___Km_":"4.0","______Inten_":"","________Mag_":"2.9","___Tipo_Mag_":2,"Localizaci_n":"NW SAN JUSTO.ZA","unnamed":"Zamora"}},{"type":"Feature","geometry":{"type":"Point","coordinates":[-6.8483,42.11,0]},"properties":{"styleUrl":"#pointStyleMap","icon":"http://maps.google.com/mapfiles/kml/shapes/placemark_circle.png","______Evento":11468,"_______Fecha":"27/08/1989","________Hora":"12:06:01","_____Latitud":42.11,"____Longitud":-6.8483,"__Prof___Km_":"0.0","______Inten_":"","________Mag_":"2.9","___Tipo_Mag_":2,"Localizaci_n":"SE PORTO.ZA","unnamed":"Zamora"}},{"type":"Feature","geometry":{"type":"Point","coordinates":[-6.1767,43.0083,0]},"properties":{"styleUrl":"#pointStyleMap","icon":"http://maps.google.com/mapfiles/kml/shapes/placemark_circle.png","______Evento":12061,"_______Fecha":"09/03/1991","________Hora":"14:02:37","_____Latitud":43.0083,"____Longitud":-6.1767,"__Prof___Km_":"10.0","______Inten_":"","________Mag_":"2.9","___Tipo_Mag_":2,"Localizaci_n":"NW CABRILLANES.LE","unnamed":"León"}},{"type":"Feature","geometry":{"type":"Point","coordinates":[-6.75,42.4417,0]},"properties":{"styleUrl":"#pointStyleMap","icon":"http://maps.google.com/mapfiles/kml/shapes/placemark_circle.png","______Evento":12580,"_______Fecha":"19/07/1992","________Hora":"03:58:13","_____Latitud":42.4417,"____Longitud":-6.75,"__Prof___Km_":"5.0","______Inten_":"","________Mag_":"2.9","___Tipo_Mag_":2,"Localizaci_n":"NW BENUZA.LE","unnamed":"León"}},{"type":"Feature","geometry":{"type":"Point","coordinates":[-5.965,41.5517,0]},"properties":{"styleUrl":"#pointStyleMap","icon":"http://maps.google.com/mapfiles/kml/shapes/placemark_circle.png","______Evento":15483,"_______Fecha":"30/10/1995","________Hora":"01:37:37","_____Latitud":41.5517,"____Longitud":-5.965,"__Prof___Km_":"4.0","______Inten_":"II-III","________Mag_":"2.9","___Tipo_Mag_":2,"Localizaci_n":"N MUELAS DEL PAN.ZA","unnamed":"Zamora"}},{"type":"Feature","geometry":{"type":"Point","coordinates":[-6.8233,42.06,0]},"properties":{"styleUrl":"#pointStyleMap","icon":"http://maps.google.com/mapfiles/kml/shapes/placemark_circle.png","______Evento":17195,"_______Fecha":"19/03/1997","________Hora":"18:23:29","_____Latitud":42.06,"____Longitud":-6.8233,"__Prof___Km_":"0.0","______Inten_":"","________Mag_":"2.9","___Tipo_Mag_":2,"Localizaci_n":"NE LUBIÁN.ZA","unnamed":"Zamora"}},{"type":"Feature","geometry":{"type":"Point","coordinates":[-6.7517,42.7933,0]},"properties":{"styleUrl":"#pointStyleMap","icon":"http://maps.google.com/mapfiles/kml/shapes/placemark_circle.png","______Evento":17924,"_______Fecha":"16/09/1997","________Hora":"11:32:04","_____Latitud":42.7933,"____Longitud":-6.7517,"__Prof___Km_":"0.0","______Inten_":"","________Mag_":"2.9","___Tipo_Mag_":2,"Localizaci_n":"SW CANDÍN.LE","unnamed":"León"}},{"type":"Feature","geometry":{"type":"Point","coordinates":[-2.2685,42.0592,0]},"properties":{"styleUrl":"#pointStyleMap","icon":"http://maps.google.com/mapfiles/kml/shapes/placemark_circle.png","______Evento":112824,"_______Fecha":"20/09/1998","________Hora":"06:10:31","_____Latitud":42.0592,"____Longitud":-2.2685,"__Prof___Km_":"4.4","______Inten_":"II","________Mag_":"2.9","___Tipo_Mag_":2,"Localizaci_n":"NW SAN PEDRO MANRIQUE.SO","unnamed":"Soria"}},{"type":"Feature","geometry":{"type":"Point","coordinates":[-6.0042,41.4625,0]},"properties":{"styleUrl":"#pointStyleMap","icon":"http://maps.google.com/mapfiles/kml/shapes/placemark_circle.png","______Evento":251223,"_______Fecha":"12/03/2001","________Hora":"13:29:23","_____Latitud":41.4625,"____Longitud":-6.0042,"__Prof___Km_":"2.4","______Inten_":"","________Mag_":"2.9","___Tipo_Mag_":2,"Localizaci_n":"W VILLASECO DEL PAN.ZA","unnamed":"Zamora"}},{"type":"Feature","geometry":{"type":"Point","coordinates":[-6.4181,41.2789,0]},"properties":{"styleUrl":"#pointStyleMap","icon":"http://maps.google.com/mapfiles/kml/shapes/placemark_circle.png","______Evento":348588,"_______Fecha":"19/09/2002","________Hora":"15:28:29","_____Latitud":41.2789,"____Longitud":-6.4181,"__Prof___Km_":"10.8","______Inten_":"","________Mag_":"2.9","___Tipo_Mag_":4,"Localizaci_n":"E VILLARINO DE LOS AIRES.SA","unnamed":"Salamanca"}},{"type":"Feature","geometry":{"type":"Point","coordinates":[-5.9952,41.5538,0]},"properties":{"styleUrl":"#pointStyleMap","icon":"http://maps.google.com/mapfiles/kml/shapes/placemark_circle.png","______Evento":361904,"_______Fecha":"22/01/2003","________Hora":"21:10:58","_____Latitud":41.5538,"____Longitud":-5.9952,"__Prof___Km_":"5.6","______Inten_":"III","________Mag_":"2.9","___Tipo_Mag_":4,"Localizaci_n":"NW MUELAS DEL PAN.ZA","unnamed":"Zamora"}},{"type":"Feature","geometry":{"type":"Point","coordinates":[-5.9639,40.4833,0]},"properties":{"styleUrl":"#pointStyleMap","icon":"http://maps.google.com/mapfiles/kml/shapes/placemark_circle.png","______Evento":1209677,"_______Fecha":"01/05/2013","________Hora":"11:08:47","_____Latitud":40.4833,"____Longitud":-5.9639,"__Prof___Km_":"11.0","______Inten_":"III","________Mag_":"2.9","___Tipo_Mag_":4,"Localizaci_n":"NW MOLINILLO.SA","unnamed":"Salamanca"}},{"type":"Feature","geometry":{"type":"Point","coordinates":[-6.8409,42.5501,0]},"properties":{"styleUrl":"#pointStyleMap","icon":"http://maps.google.com/mapfiles/kml/shapes/placemark_circle.png","______Evento":1215763,"_______Fecha":"04/06/2013","________Hora":"22:04:01","_____Latitud":42.5501,"____Longitud":-6.8409,"__Prof___Km_":"19.0","______Inten_":"II-III","________Mag_":"2.9","___Tipo_Mag_":4,"Localizaci_n":"NE SOBRADO.LE","unnamed":"León"}},{"type":"Feature","geometry":{"type":"Point","coordinates":[-1.9486,41.8849,0]},"properties":{"styleUrl":"#pointStyleMap","icon":"http://maps.google.com/mapfiles/kml/shapes/placemark_circle.png","______Evento":0,"_______Fecha":"16/06/2017","________Hora":"15:57:33","_____Latitud":41.8849,"____Longitud":-1.9486,"__Prof___Km_":"12.0","______Inten_":"","________Mag_":"2.9","___Tipo_Mag_":4,"Localizaci_n":"S DÉVANOS.SO","unnamed":"Soria"}},{"type":"Feature","geometry":{"type":"Point","coordinates":[-6.7311,42.2589,0]},"properties":{"styleUrl":"#pointStyleMap","icon":"http://maps.google.com/mapfiles/kml/shapes/placemark_circle.png","______Evento":0,"_______Fecha":"18/11/2018","________Hora":"16:38:27","_____Latitud":42.2589,"____Longitud":-6.7311,"__Prof___Km_":"11.0","______Inten_":"","________Mag_":"2.9","___Tipo_Mag_":4,"Localizaci_n":"W ENCINEDO.LE","unnamed":"León"}},{"type":"Feature","geometry":{"type":"Point","coordinates":[-5.8379,41.7004,0]},"properties":{"styleUrl":"#pointStyleMap","icon":"http://maps.google.com/mapfiles/kml/shapes/placemark_circle.png","______Evento":0,"_______Fecha":"08/09/2022","________Hora":"20:03:39","_____Latitud":41.7004,"____Longitud":-5.8379,"__Prof___Km_":"4.0","______Inten_":"II","________Mag_":"2.9","___Tipo_Mag_":4,"Localizaci_n":"SE PERILLA DE CASTRO.ZA","unnamed":"Zamora"}},{"type":"Feature","geometry":{"type":"Point","coordinates":[-6.805,42.1717,0]},"properties":{"styleUrl":"#pointStyleMap","icon":"http://maps.google.com/mapfiles/kml/shapes/placemark_circle.png","______Evento":10616,"_______Fecha":"16/08/1987","________Hora":"17:35:32","_____Latitud":42.1717,"____Longitud":-6.805,"__Prof___Km_":"9.0","______Inten_":"","________Mag_":"2.8","___Tipo_Mag_":2,"Localizaci_n":"E PORTO.ZA","unnamed":"Zamora"}},{"type":"Feature","geometry":{"type":"Point","coordinates":[-6.1217,41.4617,0]},"properties":{"styleUrl":"#pointStyleMap","icon":"http://maps.google.com/mapfiles/kml/shapes/placemark_circle.png","______Evento":12285,"_______Fecha":"16/11/1991","________Hora":"03:42:28","_____Latitud":41.4617,"____Longitud":-6.1217,"__Prof___Km_":"5.0","______Inten_":"","________Mag_":"2.8","___Tipo_Mag_":2,"Localizaci_n":"NE LUELMO.ZA","unnamed":"Zamora"}},{"type":"Feature","geometry":{"type":"Point","coordinates":[-6.7133,42.5217,0]},"properties":{"styleUrl":"#pointStyleMap","icon":"http://maps.google.com/mapfiles/kml/shapes/placemark_circle.png","______Evento":12501,"_______Fecha":"16/05/1992","________Hora":"15:45:18","_____Latitud":42.5217,"____Longitud":-6.7133,"__Prof___Km_":"2.0","______Inten_":"","________Mag_":"2.8","___Tipo_Mag_":2,"Localizaci_n":"NE BORRENES.LE","unnamed":"León"}},{"type":"Feature","geometry":{"type":"Point","coordinates":[-6.1633,41.135,0]},"properties":{"styleUrl":"#pointStyleMap","icon":"http://maps.google.com/mapfiles/kml/shapes/placemark_circle.png","______Evento":12938,"_______Fecha":"27/02/1993","________Hora":"13:41:16","_____Latitud":41.135,"____Longitud":-6.1633,"__Prof___Km_":"12.0","______Inten_":"","________Mag_":"2.8","___Tipo_Mag_":2,"Localizaci_n":"SE VILLASECO DE LOS REYES.SA","unnamed":"Salamanca"}},{"type":"Feature","geometry":{"type":"Point","coordinates":[-6.8817,42.7467,0]},"properties":{"styleUrl":"#pointStyleMap","icon":"http://maps.google.com/mapfiles/kml/shapes/placemark_circle.png","______Evento":17614,"_______Fecha":"13/06/1997","________Hora":"14:21:56","_____Latitud":42.7467,"____Longitud":-6.8817,"__Prof___Km_":"5.0","______Inten_":"","________Mag_":"2.8","___Tipo_Mag_":2,"Localizaci_n":"NE BALBOA.LE","unnamed":"León"}},{"type":"Feature","geometry":{"type":"Point","coordinates":[-2.3972,41.6917,0]},"properties":{"styleUrl":"#pointStyleMap","icon":"http://maps.google.com/mapfiles/kml/shapes/placemark_circle.png","______Evento":130417,"_______Fecha":"15/03/1999","________Hora":"08:34:50","_____Latitud":41.6917,"____Longitud":-2.3972,"__Prof___Km_":"1.1","______Inten_":"","________Mag_":"2.8","___Tipo_Mag_":2,"Localizaci_n":"SW ALCONABA.SO","unnamed":"Soria"}},{"type":"Feature","geometry":{"type":"Point","coordinates":[-2.2857,41.9748,0]},"properties":{"styleUrl":"#pointStyleMap","icon":"http://maps.google.com/mapfiles/kml/shapes/placemark_circle.png","______Evento":245873,"_______Fecha":"02/02/2001","________Hora":"23:44:16","_____Latitud":41.9748,"____Longitud":-2.2857,"__Prof___Km_":"1.2","______Inten_":"II-III","________Mag_":"2.8","___Tipo_Mag_":2,"Localizaci_n":"E ONCALA.SO","unnamed":"Soria"}},{"type":"Feature","geometry":{"type":"Point","coordinates":[-3.1075,41.5684,0]},"properties":{"styleUrl":"#pointStyleMap","icon":"http://maps.google.com/mapfiles/kml/shapes/placemark_circle.png","______Evento":332841,"_______Fecha":"31/05/2002","________Hora":"23:45:56","_____Latitud":41.5684,"____Longitud":-3.1075,"__Prof___Km_":"0.0","______Inten_":"II-III","________Mag_":"2.8","___Tipo_Mag_":4,"Localizaci_n":"SW BURGO DE OSMA.SO","unnamed":"Soria"}},{"type":"Feature","geometry":{"type":"Point","coordinates":[-6.9111,42.7377,0]},"properties":{"styleUrl":"#pointStyleMap","icon":"http://maps.google.com/mapfiles/kml/shapes/placemark_circle.png","______Evento":334873,"_______Fecha":"16/06/2002","________Hora":"06:46:05","_____Latitud":42.7377,"____Longitud":-6.9111,"__Prof___Km_":"15.9","______Inten_":"II-III","________Mag_":"2.8","___Tipo_Mag_":4,"Localizaci_n":"NE BALBOA.LE","unnamed":"León"}},{"type":"Feature","geometry":{"type":"Point","coordinates":[-1.9598,41.8693,0]},"properties":{"styleUrl":"#pointStyleMap","icon":"http://maps.google.com/mapfiles/kml/shapes/placemark_circle.png","______Evento":463373,"_______Fecha":"03/03/2004","________Hora":"22:23:01","_____Latitud":41.8693,"____Longitud":-1.9598,"__Prof___Km_":"10.6","______Inten_":"IV","________Mag_":"2.8","___Tipo_Mag_":4,"Localizaci_n":"NW ÁGREDA.SO","unnamed":"Soria"}},{"type":"Feature","geometry":{"type":"Point","coordinates":[-6.8031,42.1051,0]},"properties":{"styleUrl":"#pointStyleMap","icon":"http://maps.google.com/mapfiles/kml/shapes/placemark_circle.png","______Evento":860294,"_______Fecha":"04/08/2008","________Hora":"06:09:10","_____Latitud":42.1051,"____Longitud":-6.8031,"__Prof___Km_":"19.2","______Inten_":"II","________Mag_":"2.8","___Tipo_Mag_":4,"Localizaci_n":"NW COBREROS.ZA","unnamed":"Zamora"}},{"type":"Feature","geometry":{"type":"Point","coordinates":[-3.9294,42.9891,0]},"properties":{"styleUrl":"#pointStyleMap","icon":"http://maps.google.com/mapfiles/kml/shapes/placemark_circle.png","______Evento":1255674,"_______Fecha":"27/01/2014","________Hora":"02:22:07","_____Latitud":42.9891,"____Longitud":-3.9294,"__Prof___Km_":"11.0","______Inten_":"II","________Mag_":"2.8","___Tipo_Mag_":4,"Localizaci_n":"SE ARIJA.BU","unnamed":"Burgos"}},{"type":"Feature","geometry":{"type":"Point","coordinates":[-2.2005,41.5783,0]},"properties":{"styleUrl":"#pointStyleMap","icon":"http://maps.google.com/mapfiles/kml/shapes/placemark_circle.png","______Evento":0,"_______Fecha":"16/05/2019","________Hora":"13:20:53","_____Latitud":41.5783,"____Longitud":-2.2005,"__Prof___Km_":"4.0","______Inten_":"","________Mag_":"2.8","___Tipo_Mag_":4,"Localizaci_n":"W ALMAZUL.SO","unnamed":"Soria"}},{"type":"Feature","geometry":{"type":"Point","coordinates":[-3.6054,42.8354,0]},"properties":{"styleUrl":"#pointStyleMap","icon":"http://maps.google.com/mapfiles/kml/shapes/placemark_circle.png","______Evento":0,"_______Fecha":"11/03/2020","________Hora":"15:18:20","_____Latitud":42.8354,"____Longitud":-3.6054,"__Prof___Km_":"5.0","______Inten_":"","________Mag_":"2.8","___Tipo_Mag_":4,"Localizaci_n":"NE LOS ALTOS.BU","unnamed":"Burgos"}},{"type":"Feature","geometry":{"type":"Point","coordinates":[-5.771,41.9196,0]},"properties":{"styleUrl":"#pointStyleMap","icon":"http://maps.google.com/mapfiles/kml/shapes/placemark_circle.png","______Evento":0,"_______Fecha":"24/04/2021","________Hora":"06:09:22","_____Latitud":41.9196,"____Longitud":-5.771,"__Prof___Km_":"1.0","______Inten_":"II","________Mag_":"2.8","___Tipo_Mag_":4,"Localizaci_n":"E BURGANES DE VALVERDE.ZA","unnamed":"Zamora"}},{"type":"Feature","geometry":{"type":"Point","coordinates":[-5.6027,42.9084,0]},"properties":{"styleUrl":"#pointStyleMap","icon":"http://maps.google.com/mapfiles/kml/shapes/placemark_circle.png","______Evento":0,"_______Fecha":"21/01/2022","________Hora":"05:05:17","_____Latitud":42.9084,"____Longitud":-5.6027,"__Prof___Km_":"0.0","______Inten_":"","________Mag_":"2.8","___Tipo_Mag_":4,"Localizaci_n":"SE VILLAMANÍN.LE","unnamed":"León"}},{"type":"Feature","geometry":{"type":"Point","coordinates":[-5.9631,41.5322,0]},"properties":{"styleUrl":"#pointStyleMap","icon":"http://maps.google.com/mapfiles/kml/shapes/placemark_circle.png","______Evento":0,"_______Fecha":"19/10/2022","________Hora":"02:39:13","_____Latitud":41.5322,"____Longitud":-5.9631,"__Prof___Km_":"0.0","______Inten_":"II-III","________Mag_":"2.8","___Tipo_Mag_":4,"Localizaci_n":"NE MUELAS DEL PAN.ZA","unnamed":"Zamora"}},{"type":"Feature","geometry":{"type":"Point","coordinates":[-5.6416,42.8158,0]},"properties":{"styleUrl":"#pointStyleMap","icon":"http://maps.google.com/mapfiles/kml/shapes/placemark_circle.png","______Evento":0,"_______Fecha":"10/05/2023","________Hora":"01:44:43","_____Latitud":42.8158,"____Longitud":-5.6416,"__Prof___Km_":"0.0","______Inten_":"III","________Mag_":"2.8","___Tipo_Mag_":4,"Localizaci_n":"NW LA ROBLA.LE","unnamed":"León"}},{"type":"Feature","geometry":{"type":"Point","coordinates":[-6.6867,42.2721,0]},"properties":{"styleUrl":"#pointStyleMap","icon":"http://maps.google.com/mapfiles/kml/shapes/placemark_circle.png","______Evento":0,"_______Fecha":"01/03/2025","________Hora":"08:25:24","_____Latitud":42.2721,"____Longitud":-6.6867,"__Prof___Km_":"0.0","______Inten_":"II","________Mag_":"2.8","___Tipo_Mag_":4,"Localizaci_n":"W ENCINEDO.LE","unnamed":"León"}},{"type":"Feature","geometry":{"type":"Point","coordinates":[-2.6083,42.7117,0]},"properties":{"styleUrl":"#pointStyleMap","icon":"http://maps.google.com/mapfiles/kml/shapes/placemark_circle.png","______Evento":12232,"_______Fecha":"18/09/1991","________Hora":"00:38:51","_____Latitud":42.7117,"____Longitud":-2.6083,"__Prof___Km_":"0.0","______Inten_":"","________Mag_":"2.7","___Tipo_Mag_":2,"Localizaci_n":"E TREVIÑO.BU","unnamed":"Burgos"}},{"type":"Feature","geometry":{"type":"Point","coordinates":[-3.055,41.5467,0]},"properties":{"styleUrl":"#pointStyleMap","icon":"http://maps.google.com/mapfiles/kml/shapes/placemark_circle.png","______Evento":13886,"_______Fecha":"14/04/1994","________Hora":"01:16:38","_____Latitud":41.5467,"____Longitud":-3.055,"__Prof___Km_":"20.0","______Inten_":"","________Mag_":"2.7","___Tipo_Mag_":2,"Localizaci_n":"SE BURGO DE OSMA.SO","unnamed":"Soria"}},{"type":"Feature","geometry":{"type":"Point","coordinates":[-6.645,40.615,0]},"properties":{"styleUrl":"#pointStyleMap","icon":"http://maps.google.com/mapfiles/kml/shapes/placemark_circle.png","______Evento":15823,"_______Fecha":"05/01/1996","________Hora":"12:42:41","_____Latitud":40.615,"____Longitud":-6.645,"__Prof___Km_":"16.0","______Inten_":"","________Mag_":"2.7","___Tipo_Mag_":2,"Localizaci_n":"N CARPIO DE AZABA.SA","unnamed":"Salamanca"}},{"type":"Feature","geometry":{"type":"Point","coordinates":[-6.8783,42.7367,0]},"properties":{"styleUrl":"#pointStyleMap","icon":"http://maps.google.com/mapfiles/kml/shapes/placemark_circle.png","______Evento":17187,"_______Fecha":"19/03/1997","________Hora":"06:27:17","_____Latitud":42.7367,"____Longitud":-6.8783,"__Prof___Km_":"8.0","______Inten_":"","________Mag_":"2.7","___Tipo_Mag_":2,"Localizaci_n":"NE BALBOA.LE","unnamed":"León"}},{"type":"Feature","geometry":{"type":"Point","coordinates":[-3.2631,42.5074,0]},"properties":{"styleUrl":"#pointStyleMap","icon":"http://maps.google.com/mapfiles/kml/shapes/placemark_circle.png","______Evento":131759,"_______Fecha":"24/03/1999","________Hora":"16:59:08","_____Latitud":42.5074,"____Longitud":-3.2631,"__Prof___Km_":"1.6","______Inten_":"","________Mag_":"2.7","___Tipo_Mag_":2,"Localizaci_n":"NE BAÑUELOS DE BUREBA.BU","unnamed":"Burgos"}},{"type":"Feature","geometry":{"type":"Point","coordinates":[-6.3191,42.6403,0]},"properties":{"styleUrl":"#pointStyleMap","icon":"http://maps.google.com/mapfiles/kml/shapes/placemark_circle.png","______Evento":263014,"_______Fecha":"24/05/2001","________Hora":"03:29:53","_____Latitud":42.6403,"____Longitud":-6.3191,"__Prof___Km_":"11.2","______Inten_":"","________Mag_":"2.7","___Tipo_Mag_":2,"Localizaci_n":"SW FOLGOSO DE LA RIBERA.LE","unnamed":"León"}},{"type":"Feature","geometry":{"type":"Point","coordinates":[-5.9149,41.5517,0]},"properties":{"styleUrl":"#pointStyleMap","icon":"http://maps.google.com/mapfiles/kml/shapes/placemark_circle.png","______Evento":266739,"_______Fecha":"09/06/2001","________Hora":"11:40:08","_____Latitud":41.5517,"____Longitud":-5.9149,"__Prof___Km_":"0.4","______Inten_":"","________Mag_":"2.7","___Tipo_Mag_":2,"Localizaci_n":"S ALMENDRA.ZA","unnamed":"Zamora"}},{"type":"Feature","geometry":{"type":"Point","coordinates":[-6.1219,41.2202,0]},"properties":{"styleUrl":"#pointStyleMap","icon":"http://maps.google.com/mapfiles/kml/shapes/placemark_circle.png","______Evento":609551,"_______Fecha":"16/10/2005","________Hora":"19:59:26","_____Latitud":41.2202,"____Longitud":-6.1219,"__Prof___Km_":"10.6","______Inten_":"II","________Mag_":"2.7","___Tipo_Mag_":4,"Localizaci_n":"SE CARBELLINO.ZA","unnamed":"Zamora"}},{"type":"Feature","geometry":{"type":"Point","coordinates":[-6.7168,42.3045,0]},"properties":{"styleUrl":"#pointStyleMap","icon":"http://maps.google.com/mapfiles/kml/shapes/placemark_circle.png","______Evento":1053637,"_______Fecha":"02/04/2011","________Hora":"22:13:04","_____Latitud":42.3045,"____Longitud":-6.7168,"__Prof___Km_":"19.7","______Inten_":"II","________Mag_":"2.7","___Tipo_Mag_":4,"Localizaci_n":"W ENCINEDO.LE","unnamed":"León"}},{"type":"Feature","geometry":{"type":"Point","coordinates":[-2.1959,42.004,0]},"properties":{"styleUrl":"#pointStyleMap","icon":"http://maps.google.com/mapfiles/kml/shapes/placemark_circle.png","______Evento":1137529,"_______Fecha":"10/04/2012","________Hora":"01:54:31","_____Latitud":42.004,"____Longitud":-2.1959,"__Prof___Km_":"11.0","______Inten_":"II-III","________Mag_":"2.7","___Tipo_Mag_":4,"Localizaci_n":"SE SAN PEDRO MANRIQUE.SO","unnamed":"Soria"}},{"type":"Feature","geometry":{"type":"Point","coordinates":[-6.7174,42.3668,0]},"properties":{"styleUrl":"#pointStyleMap","icon":"http://maps.google.com/mapfiles/kml/shapes/placemark_circle.png","______Evento":1256774,"_______Fecha":"02/02/2014","________Hora":"23:15:09","_____Latitud":42.3668,"____Longitud":-6.7174,"__Prof___Km_":"19.0","______Inten_":"II","________Mag_":"2.7","___Tipo_Mag_":4,"Localizaci_n":"SW BENUZA.LE","unnamed":"León"}},{"type":"Feature","geometry":{"type":"Point","coordinates":[-6.735,42.3364,0]},"properties":{"styleUrl":"#pointStyleMap","icon":"http://maps.google.com/mapfiles/kml/shapes/placemark_circle.png","______Evento":1340765,"_______Fecha":"18/08/2015","________Hora":"17:35:43","_____Latitud":42.3364,"____Longitud":-6.735,"__Prof___Km_":"20.0","______Inten_":"","________Mag_":"2.7","___Tipo_Mag_":4,"Localizaci_n":"SW BENUZA.LE","unnamed":"León"}},{"type":"Feature","geometry":{"type":"Point","coordinates":[-4.3931,42.9807,0]},"properties":{"styleUrl":"#pointStyleMap","icon":"http://maps.google.com/mapfiles/kml/shapes/placemark_circle.png","______Evento":1358828,"_______Fecha":"21/12/2015","________Hora":"09:48:16","_____Latitud":42.9807,"____Longitud":-4.3931,"__Prof___Km_":"4.0","______Inten_":"","________Mag_":"2.7","___Tipo_Mag_":4,"Localizaci_n":"E SAN SALVADOR DE CANTAMUDA.P","unnamed":"Palencia"}},{"type":"Feature","geometry":{"type":"Point","coordinates":[-5.281,43.0207,0]},"properties":{"styleUrl":"#pointStyleMap","icon":"http://maps.google.com/mapfiles/kml/shapes/placemark_circle.png","______Evento":0,"_______Fecha":"31/08/2017","________Hora":"15:32:31","_____Latitud":43.0207,"____Longitud":-5.281,"__Prof___Km_":"0.0","______Inten_":"","________Mag_":"2.7","___Tipo_Mag_":4,"Localizaci_n":"NW PUEBLA DE LILLO.LE","unnamed":"León"}},{"type":"Feature","geometry":{"type":"Point","coordinates":[-3.7421,43.0324,0]},"properties":{"styleUrl":"#pointStyleMap","icon":"http://maps.google.com/mapfiles/kml/shapes/placemark_circle.png","______Evento":0,"_______Fecha":"27/09/2018","________Hora":"21:00:12","_____Latitud":43.0324,"____Longitud":-3.7421,"__Prof___Km_":"1.0","______Inten_":"","________Mag_":"2.7","___Tipo_Mag_":4,"Localizaci_n":"N PEDROSA DE VALDEPORRES.BU","unnamed":"Burgos"}},{"type":"Feature","geometry":{"type":"Point","coordinates":[-5.1666,43.0558,0]},"properties":{"styleUrl":"#pointStyleMap","icon":"http://maps.google.com/mapfiles/kml/shapes/placemark_circle.png","______Evento":0,"_______Fecha":"10/12/2019","________Hora":"05:55:33","_____Latitud":43.0558,"____Longitud":-5.1666,"__Prof___Km_":"4.0","______Inten_":"","________Mag_":"2.7","___Tipo_Mag_":4,"Localizaci_n":"NE MARAÑA.LE","unnamed":"León"}},{"type":"Feature","geometry":{"type":"Point","coordinates":[-6.8608,42.0941,0]},"properties":{"styleUrl":"#pointStyleMap","icon":"http://maps.google.com/mapfiles/kml/shapes/placemark_circle.png","______Evento":0,"_______Fecha":"15/04/2020","________Hora":"17:56:38","_____Latitud":42.0941,"____Longitud":-6.8608,"__Prof___Km_":"4.0","______Inten_":"","________Mag_":"2.7","___Tipo_Mag_":4,"Localizaci_n":"NE LUBIÁN.ZA","unnamed":"Zamora"}},{"type":"Feature","geometry":{"type":"Point","coordinates":[-2.2759,41.6723,0]},"properties":{"styleUrl":"#pointStyleMap","icon":"http://maps.google.com/mapfiles/kml/shapes/placemark_circle.png","______Evento":0,"_______Fecha":"21/05/2021","________Hora":"02:51:06","_____Latitud":41.6723,"____Longitud":-2.2759,"__Prof___Km_":"1.0","______Inten_":"","________Mag_":"2.7","___Tipo_Mag_":4,"Localizaci_n":"SW CABREJAS DEL CAMPO.SO","unnamed":"Soria"}},{"type":"Feature","geometry":{"type":"Point","coordinates":[-2.3796,41.7279,0]},"properties":{"styleUrl":"#pointStyleMap","icon":"http://maps.google.com/mapfiles/kml/shapes/placemark_circle.png","______Evento":0,"_______Fecha":"13/12/2021","________Hora":"10:44:59","_____Latitud":41.7279,"____Longitud":-2.3796,"__Prof___Km_":"0.0","______Inten_":"","________Mag_":"2.7","___Tipo_Mag_":4,"Localizaci_n":"NE ALCONABA.SO","unnamed":"Soria"}},{"type":"Feature","geometry":{"type":"Point","coordinates":[-2.3897,41.7153,0]},"properties":{"styleUrl":"#pointStyleMap","icon":"http://maps.google.com/mapfiles/kml/shapes/placemark_circle.png","______Evento":0,"_______Fecha":"02/02/2022","________Hora":"04:47:43","_____Latitud":41.7153,"____Longitud":-2.3897,"__Prof___Km_":"0.0","______Inten_":"","________Mag_":"2.7","___Tipo_Mag_":4,"Localizaci_n":"SW ALCONABA.SO","unnamed":"Soria"}},{"type":"Feature","geometry":{"type":"Point","coordinates":[-6.8366,42.0025,0]},"properties":{"styleUrl":"#pointStyleMap","icon":"http://maps.google.com/mapfiles/kml/shapes/placemark_circle.png","______Evento":0,"_______Fecha":"20/02/2023","________Hora":"14:33:50","_____Latitud":42.0025,"____Longitud":-6.8366,"__Prof___Km_":"7.0","______Inten_":"","________Mag_":"2.7","___Tipo_Mag_":4,"Localizaci_n":"NE HERMISENDE.ZA","unnamed":"Zamora"}},{"type":"Feature","geometry":{"type":"Point","coordinates":[-5.9479,41.5012,0]},"properties":{"styleUrl":"#pointStyleMap","icon":"http://maps.google.com/mapfiles/kml/shapes/placemark_circle.png","______Evento":0,"_______Fecha":"06/11/2023","________Hora":"19:35:54","_____Latitud":41.5012,"____Longitud":-5.9479,"__Prof___Km_":"1.0","______Inten_":"II","________Mag_":"2.7","___Tipo_Mag_":4,"Localizaci_n":"SE MUELAS DEL PAN.ZA","unnamed":"Zamora"}},{"type":"Feature","geometry":{"type":"Point","coordinates":[-6.7042,42.3015,0]},"properties":{"styleUrl":"#pointStyleMap","icon":"http://maps.google.com/mapfiles/kml/shapes/placemark_circle.png","______Evento":0,"_______Fecha":"01/03/2025","________Hora":"01:07:42","_____Latitud":42.3015,"____Longitud":-6.7042,"__Prof___Km_":"1.0","______Inten_":"","________Mag_":"2.7","___Tipo_Mag_":4,"Localizaci_n":"NW ENCINEDO.LE","unnamed":"León"}},{"type":"Feature","geometry":{"type":"Point","coordinates":[-6.7917,42.1133,0]},"properties":{"styleUrl":"#pointStyleMap","icon":"http://maps.google.com/mapfiles/kml/shapes/placemark_circle.png","______Evento":11830,"_______Fecha":"25/06/1990","________Hora":"01:19:59","_____Latitud":42.1133,"____Longitud":-6.7917,"__Prof___Km_":"4.0","______Inten_":"","________Mag_":"2.6","___Tipo_Mag_":2,"Localizaci_n":"NW COBREROS.ZA","unnamed":"zamora"}},{"type":"Feature","geometry":{"type":"Point","coordinates":[-6.665,40.6683,0]},"properties":{"styleUrl":"#pointStyleMap","icon":"http://maps.google.com/mapfiles/kml/shapes/placemark_circle.png","______Evento":14178,"_______Fecha":"08/06/1994","________Hora":"12:47:02","_____Latitud":40.6683,"____Longitud":-6.665,"__Prof___Km_":"5.0","______Inten_":"","________Mag_":"2.6","___Tipo_Mag_":2,"Localizaci_n":"W SAELICES EL CHICO.SA","unnamed":"Salamanca"}},{"type":"Feature","geometry":{"type":"Point","coordinates":[-6.3295,42.2544,0]},"properties":{"styleUrl":"#pointStyleMap","icon":"http://maps.google.com/mapfiles/kml/shapes/placemark_circle.png","______Evento":152604,"_______Fecha":"27/08/1999","________Hora":"09:04:30","_____Latitud":42.2544,"____Longitud":-6.3295,"__Prof___Km_":"0.0","______Inten_":"","________Mag_":"2.6","___Tipo_Mag_":2,"Localizaci_n":"E TRUCHAS.LE","unnamed":"León"}},{"type":"Feature","geometry":{"type":"Point","coordinates":[-6.3473,42.2422,0]},"properties":{"styleUrl":"#pointStyleMap","icon":"http://maps.google.com/mapfiles/kml/shapes/placemark_circle.png","______Evento":219535,"_______Fecha":"18/08/2000","________Hora":"03:27:32","_____Latitud":42.2422,"____Longitud":-6.3473,"__Prof___Km_":"2.5","______Inten_":"","________Mag_":"2.6","___Tipo_Mag_":2,"Localizaci_n":"E TRUCHAS.LE","unnamed":"León"}},{"type":"Feature","geometry":{"type":"Point","coordinates":[-6.7087,42.2116,0]},"properties":{"styleUrl":"#pointStyleMap","icon":"http://maps.google.com/mapfiles/kml/shapes/placemark_circle.png","______Evento":281172,"_______Fecha":"23/08/2001","________Hora":"22:54:59","_____Latitud":42.2116,"____Longitud":-6.7087,"__Prof___Km_":"11.1","______Inten_":"","________Mag_":"2.6","___Tipo_Mag_":2,"Localizaci_n":"NW SAN JUSTO.ZA","unnamed":"Zamora"}},{"type":"Feature","geometry":{"type":"Point","coordinates":[-6.7262,42.3851,0]},"properties":{"styleUrl":"#pointStyleMap","icon":"http://maps.google.com/mapfiles/kml/shapes/placemark_circle.png","______Evento":283834,"_______Fecha":"07/09/2001","________Hora":"17:45:13","_____Latitud":42.3851,"____Longitud":-6.7262,"__Prof___Km_":"0.0","______Inten_":"","________Mag_":"2.6","___Tipo_Mag_":2,"Localizaci_n":"SW BENUZA.LE","unnamed":"León"}},{"type":"Feature","geometry":{"type":"Point","coordinates":[-5.9584,41.5582,0]},"properties":{"styleUrl":"#pointStyleMap","icon":"http://maps.google.com/mapfiles/kml/shapes/placemark_circle.png","______Evento":292968,"_______Fecha":"07/11/2001","________Hora":"05:26:54","_____Latitud":41.5582,"____Longitud":-5.9584,"__Prof___Km_":"0.0","______Inten_":"","________Mag_":"2.6","___Tipo_Mag_":2,"Localizaci_n":"N MUELAS DEL PAN.ZA","unnamed":"Zamora"}},{"type":"Feature","geometry":{"type":"Point","coordinates":[-5.9982,41.5525,0]},"properties":{"styleUrl":"#pointStyleMap","icon":"http://maps.google.com/mapfiles/kml/shapes/placemark_circle.png","______Evento":361387,"_______Fecha":"17/01/2003","________Hora":"15:32:05","_____Latitud":41.5525,"____Longitud":-5.9982,"__Prof___Km_":"1.9","______Inten_":"II","________Mag_":"2.6","___Tipo_Mag_":4,"Localizaci_n":"NW MUELAS DEL PAN.ZA","unnamed":"Zamora"}},{"type":"Feature","geometry":{"type":"Point","coordinates":[-5.9664,41.5572,0]},"properties":{"styleUrl":"#pointStyleMap","icon":"http://maps.google.com/mapfiles/kml/shapes/placemark_circle.png","______Evento":393337,"_______Fecha":"21/06/2003","________Hora":"06:55:38","_____Latitud":41.5572,"____Longitud":-5.9664,"__Prof___Km_":"0.0","______Inten_":"","________Mag_":"2.6","___Tipo_Mag_":4,"Localizaci_n":"N MUELAS DEL PAN.ZA","unnamed":"Zamora"}},{"type":"Feature","geometry":{"type":"Point","coordinates":[-4.9597,43.0119,0]},"properties":{"styleUrl":"#pointStyleMap","icon":"http://maps.google.com/mapfiles/kml/shapes/placemark_circle.png","______Evento":836455,"_______Fecha":"19/04/2008","________Hora":"05:35:19","_____Latitud":43.0119,"____Longitud":-4.9597,"__Prof___Km_":"11.3","______Inten_":"","________Mag_":"2.6","___Tipo_Mag_":4,"Localizaci_n":"NW BOCA DE HUÉRGANO.LE","unnamed":"León"}},{"type":"Feature","geometry":{"type":"Point","coordinates":[-6.0261,41.5617,0]},"properties":{"styleUrl":"#pointStyleMap","icon":"http://maps.google.com/mapfiles/kml/shapes/placemark_circle.png","______Evento":1055869,"_______Fecha":"14/04/2011","________Hora":"07:30:08","_____Latitud":41.5617,"____Longitud":-6.0261,"__Prof___Km_":"14.4","______Inten_":"III","________Mag_":"2.6","___Tipo_Mag_":4,"Localizaci_n":"NE VILLALCAMPO.ZA","unnamed":"Zamora"}},{"type":"Feature","geometry":{"type":"Point","coordinates":[-6.5063,41.235,0]},"properties":{"styleUrl":"#pointStyleMap","icon":"http://maps.google.com/mapfiles/kml/shapes/placemark_circle.png","______Evento":1081360,"_______Fecha":"10/08/2011","________Hora":"07:21:26","_____Latitud":41.235,"____Longitud":-6.5063,"__Prof___Km_":"11.0","______Inten_":"","________Mag_":"2.6","___Tipo_Mag_":4,"Localizaci_n":"E PEREÑA DE LA RIBERA.SA","unnamed":"Salamanca"}},{"type":"Feature","geometry":{"type":"Point","coordinates":[-6.7367,42.3502,0]},"properties":{"styleUrl":"#pointStyleMap","icon":"http://maps.google.com/mapfiles/kml/shapes/placemark_circle.png","______Evento":1244038,"_______Fecha":"01/11/2013","________Hora":"06:43:18","_____Latitud":42.3502,"____Longitud":-6.7367,"__Prof___Km_":"20.0","______Inten_":"","________Mag_":"2.6","___Tipo_Mag_":4,"Localizaci_n":"SW BENUZA.LE","unnamed":"León"}},{"type":"Feature","geometry":{"type":"Point","coordinates":[-6.5264,42.3289,0]},"properties":{"styleUrl":"#pointStyleMap","icon":"http://maps.google.com/mapfiles/kml/shapes/placemark_circle.png","______Evento":0,"_______Fecha":"03/07/2017","________Hora":"06:25:13","_____Latitud":42.3289,"____Longitud":-6.5264,"__Prof___Km_":"12.0","______Inten_":"II","________Mag_":"2.6","___Tipo_Mag_":4,"Localizaci_n":"SE CASTRILLO DE CABRERA.LE","unnamed":"León"}},{"type":"Feature","geometry":{"type":"Point","coordinates":[-3.7426,43.0308,0]},"properties":{"styleUrl":"#pointStyleMap","icon":"http://maps.google.com/mapfiles/kml/shapes/placemark_circle.png","______Evento":0,"_______Fecha":"27/09/2018","________Hora":"20:46:37","_____Latitud":43.0308,"____Longitud":-3.7426,"__Prof___Km_":"0.0","______Inten_":"","________Mag_":"2.6","___Tipo_Mag_":4,"Localizaci_n":"N PEDROSA DE VALDEPORRES.BU","unnamed":"Burgos"}},{"type":"Feature","geometry":{"type":"Point","coordinates":[-6.4885,42.2265,0]},"properties":{"styleUrl":"#pointStyleMap","icon":"http://maps.google.com/mapfiles/kml/shapes/placemark_circle.png","______Evento":0,"_______Fecha":"29/12/2018","________Hora":"00:52:14","_____Latitud":42.2265,"____Longitud":-6.4885,"__Prof___Km_":"8.0","______Inten_":"I-II","________Mag_":"2.6","___Tipo_Mag_":4,"Localizaci_n":"SW TRUCHAS.LE","unnamed":"León"}},{"type":"Feature","geometry":{"type":"Point","coordinates":[-2.1438,41.4672,0]},"properties":{"styleUrl":"#pointStyleMap","icon":"http://maps.google.com/mapfiles/kml/shapes/placemark_circle.png","______Evento":0,"_______Fecha":"03/07/2019","________Hora":"03:33:22","_____Latitud":41.4672,"____Longitud":-2.1438,"__Prof___Km_":"2.0","______Inten_":"","________Mag_":"2.6","___Tipo_Mag_":4,"Localizaci_n":"NE TORLENGUA.SO","unnamed":"Soria"}},{"type":"Feature","geometry":{"type":"Point","coordinates":[-6.8332,42.6573,0]},"properties":{"styleUrl":"#pointStyleMap","icon":"http://maps.google.com/mapfiles/kml/shapes/placemark_circle.png","______Evento":0,"_______Fecha":"11/05/2021","________Hora":"22:23:07","_____Latitud":42.6573,"____Longitud":-6.8332,"__Prof___Km_":"1.0","______Inten_":"","________Mag_":"2.6","___Tipo_Mag_":4,"Localizaci_n":"E TRABADELO.LE","unnamed":"León"}},{"type":"Feature","geometry":{"type":"Point","coordinates":[-2.0924,41.6205,0]},"properties":{"styleUrl":"#pointStyleMap","icon":"http://maps.google.com/mapfiles/kml/shapes/placemark_circle.png","______Evento":0,"_______Fecha":"13/05/2021","________Hora":"15:55:00","_____Latitud":41.6205,"____Longitud":-2.0924,"__Prof___Km_":"0.0","______Inten_":"","________Mag_":"2.6","___Tipo_Mag_":4,"Localizaci_n":"S TORRUBIA DE SORIA.SO","unnamed":"Soria"}},{"type":"Feature","geometry":{"type":"Point","coordinates":[-5.3623,43.0003,0]},"properties":{"styleUrl":"#pointStyleMap","icon":"http://maps.google.com/mapfiles/kml/shapes/placemark_circle.png","______Evento":0,"_______Fecha":"30/05/2021","________Hora":"02:16:20","_____Latitud":43.0003,"____Longitud":-5.3623,"__Prof___Km_":"1.0","______Inten_":"","________Mag_":"2.6","___Tipo_Mag_":4,"Localizaci_n":"NE VALDELUGUEROS.LE","unnamed":"León"}},{"type":"Feature","geometry":{"type":"Point","coordinates":[-6.7557,42.136,0]},"properties":{"styleUrl":"#pointStyleMap","icon":"http://maps.google.com/mapfiles/kml/shapes/placemark_circle.png","______Evento":0,"_______Fecha":"29/11/2021","________Hora":"10:24:36","_____Latitud":42.136,"____Longitud":-6.7557,"__Prof___Km_":"12.0","______Inten_":"","________Mag_":"2.6","___Tipo_Mag_":4,"Localizaci_n":"NW COBREROS.ZA","unnamed":"Zamora"}},{"type":"Feature","geometry":{"type":"Point","coordinates":[-2.3894,41.6996,0]},"properties":{"styleUrl":"#pointStyleMap","icon":"http://maps.google.com/mapfiles/kml/shapes/placemark_circle.png","______Evento":0,"_______Fecha":"13/12/2021","________Hora":"01:38:17","_____Latitud":41.6996,"____Longitud":-2.3894,"__Prof___Km_":"0.0","______Inten_":"I-II","________Mag_":"2.6","___Tipo_Mag_":4,"Localizaci_n":"S ALCONABA.SO","unnamed":"Soria"}},{"type":"Feature","geometry":{"type":"Point","coordinates":[-2.3691,41.7447,0]},"properties":{"styleUrl":"#pointStyleMap","icon":"http://maps.google.com/mapfiles/kml/shapes/placemark_circle.png","______Evento":0,"_______Fecha":"07/05/2022","________Hora":"07:15:58","_____Latitud":41.7447,"____Longitud":-2.3691,"__Prof___Km_":"0.0","______Inten_":"","________Mag_":"2.6","___Tipo_Mag_":4,"Localizaci_n":"NE ALCONABA.SO","unnamed":"Soria"}},{"type":"Feature","geometry":{"type":"Point","coordinates":[-4.193,42.7224,0]},"properties":{"styleUrl":"#pointStyleMap","icon":"http://maps.google.com/mapfiles/kml/shapes/placemark_circle.png","______Evento":0,"_______Fecha":"04/01/2025","________Hora":"19:15:02","_____Latitud":42.7224,"____Longitud":-4.193,"__Prof___Km_":"0.0","______Inten_":"","________Mag_":"2.6","___Tipo_Mag_":4,"Localizaci_n":"NE REBOLLEDO DE LA TORRE.BU","unnamed":"Burgos"}},{"type":"Feature","geometry":{"type":"Point","coordinates":[-5.9926,41.5507,0]},"properties":{"styleUrl":"#pointStyleMap","icon":"http://maps.google.com/mapfiles/kml/shapes/placemark_circle.png","______Evento":0,"_______Fecha":"29/10/2025","________Hora":"00:44:25","_____Latitud":41.5507,"____Longitud":-5.9926,"__Prof___Km_":"0.0","______Inten_":"II","________Mag_":"2.6","___Tipo_Mag_":4,"Localizaci_n":"NW MUELAS DEL PAN.ZA","unnamed":"Zamora"}},{"type":"Feature","geometry":{"type":"Point","coordinates":[-4.4667,41.8283,0]},"properties":{"styleUrl":"#pointStyleMap","icon":"http://maps.google.com/mapfiles/kml/shapes/placemark_circle.png","______Evento":10316,"_______Fecha":"25/06/1986","________Hora":"10:42:26","_____Latitud":41.8283,"____Longitud":-4.4667,"__Prof___Km_":"5.0","______Inten_":"","________Mag_":"2.5","___Tipo_Mag_":2,"Localizaci_n":"N CUBILLAS DE CERRATO.P","unnamed":"Palencia"}},{"type":"Feature","geometry":{"type":"Point","coordinates":[-2.3267,41.165,0]},"properties":{"styleUrl":"#pointStyleMap","icon":"http://maps.google.com/mapfiles/kml/shapes/placemark_circle.png","______Evento":11433,"_______Fecha":"18/07/1989","________Hora":"16:27:56","_____Latitud":41.165,"____Longitud":-2.3267,"__Prof___Km_":"0.0","______Inten_":"","________Mag_":"2.5","___Tipo_Mag_":2,"Localizaci_n":"SW ARCOS DE JALÓN.SO","unnamed":"Soria"}},{"type":"Feature","geometry":{"type":"Point","coordinates":[-5.9431,41.5571,0]},"properties":{"styleUrl":"#pointStyleMap","icon":"http://maps.google.com/mapfiles/kml/shapes/placemark_circle.png","______Evento":292967,"_______Fecha":"07/11/2001","________Hora":"05:25:37","_____Latitud":41.5571,"____Longitud":-5.9431,"__Prof___Km_":"0.0","______Inten_":"","________Mag_":"2.5","___Tipo_Mag_":2,"Localizaci_n":"NE MUELAS DEL PAN.ZA","unnamed":"Zamora"}},{"type":"Feature","geometry":{"type":"Point","coordinates":[-6.5797,40.6277,0]},"properties":{"styleUrl":"#pointStyleMap","icon":"http://maps.google.com/mapfiles/kml/shapes/placemark_circle.png","______Evento":294442,"_______Fecha":"18/05/2000","________Hora":"11:08:08","_____Latitud":40.6277,"____Longitud":-6.5797,"__Prof___Km_":"0.0","______Inten_":"","________Mag_":"2.5","___Tipo_Mag_":2,"Localizaci_n":"NW CIUDAD RODRIGO.SA","unnamed":"Salamanca"}},{"type":"Feature","geometry":{"type":"Point","coordinates":[-5.1129,43.0327,0]},"properties":{"styleUrl":"#pointStyleMap","icon":"http://maps.google.com/mapfiles/kml/shapes/placemark_circle.png","______Evento":309310,"_______Fecha":"08/02/2002","________Hora":"01:32:15","_____Latitud":43.0327,"____Longitud":-5.1129,"__Prof___Km_":"6.2","______Inten_":"","________Mag_":"2.5","___Tipo_Mag_":2,"Localizaci_n":"SE ACEBEDO.LE","unnamed":"León"}},{"type":"Feature","geometry":{"type":"Point","coordinates":[-6.8524,42.0574,0]},"properties":{"styleUrl":"#pointStyleMap","icon":"http://maps.google.com/mapfiles/kml/shapes/placemark_circle.png","______Evento":346342,"_______Fecha":"04/02/2001","________Hora":"03:31:15","_____Latitud":42.0574,"____Longitud":-6.8524,"__Prof___Km_":"0.0","______Inten_":"","________Mag_":"2.5","___Tipo_Mag_":2,"Localizaci_n":"NE LUBIÁN.ZA","unnamed":"Zamora"}},{"type":"Feature","geometry":{"type":"Point","coordinates":[-6.7004,41.1062,0]},"properties":{"styleUrl":"#pointStyleMap","icon":"http://maps.google.com/mapfiles/kml/shapes/placemark_circle.png","______Evento":351203,"_______Fecha":"11/03/2001","________Hora":"06:29:11","_____Latitud":41.1062,"____Longitud":-6.7004,"__Prof___Km_":"0.0","______Inten_":"","________Mag_":"2.5","___Tipo_Mag_":2,"Localizaci_n":"E VILVESTRE.SA","unnamed":"Salamanca"}},{"type":"Feature","geometry":{"type":"Point","coordinates":[-6.6834,41.1407,0]},"properties":{"styleUrl":"#pointStyleMap","icon":"http://maps.google.com/mapfiles/kml/shapes/placemark_circle.png","______Evento":351450,"_______Fecha":"19/03/2001","________Hora":"20:14:34","_____Latitud":41.1407,"____Longitud":-6.6834,"__Prof___Km_":"0.0","______Inten_":"","________Mag_":"2.5","___Tipo_Mag_":2,"Localizaci_n":"S MIEZA.SA","unnamed":"Salamanca"}},{"type":"Feature","geometry":{"type":"Point","coordinates":[-5.9807,41.5861,0]},"properties":{"styleUrl":"#pointStyleMap","icon":"http://maps.google.com/mapfiles/kml/shapes/placemark_circle.png","______Evento":360834,"_______Fecha":"12/01/2003","________Hora":"17:13:01","_____Latitud":41.5861,"____Longitud":-5.9807,"__Prof___Km_":"7.8","______Inten_":"II","________Mag_":"2.5","___Tipo_Mag_":4,"Localizaci_n":"W ALMENDRA.ZA","unnamed":"Zamora"}},{"type":"Feature","geometry":{"type":"Point","coordinates":[-5.9958,41.5748,0]},"properties":{"styleUrl":"#pointStyleMap","icon":"http://maps.google.com/mapfiles/kml/shapes/placemark_circle.png","______Evento":360937,"_______Fecha":"13/01/2003","________Hora":"04:17:16","_____Latitud":41.5748,"____Longitud":-5.9958,"__Prof___Km_":"7.1","______Inten_":"II-III","________Mag_":"2.5","___Tipo_Mag_":4,"Localizaci_n":"SE VIDEMALA.ZA","unnamed":"Zamora"}},{"type":"Feature","geometry":{"type":"Point","coordinates":[-5.9719,41.5529,0]},"properties":{"styleUrl":"#pointStyleMap","icon":"http://maps.google.com/mapfiles/kml/shapes/placemark_circle.png","______Evento":361557,"_______Fecha":"18/01/2003","________Hora":"16:33:26","_____Latitud":41.5529,"____Longitud":-5.9719,"__Prof___Km_":"0.0","______Inten_":"II-III","________Mag_":"2.5","___Tipo_Mag_":4,"Localizaci_n":"N MUELAS DEL PAN.ZA","unnamed":"Zamora"}},{"type":"Feature","geometry":{"type":"Point","coordinates":[-5.9776,41.5728,0]},"properties":{"styleUrl":"#pointStyleMap","icon":"http://maps.google.com/mapfiles/kml/shapes/placemark_circle.png","______Evento":361992,"_______Fecha":"24/01/2003","________Hora":"00:13:00","_____Latitud":41.5728,"____Longitud":-5.9776,"__Prof___Km_":"4.4","______Inten_":"II-III","________Mag_":"2.5","___Tipo_Mag_":4,"Localizaci_n":"SW ALMENDRA.ZA","unnamed":"Zamora"}},{"type":"Feature","geometry":{"type":"Point","coordinates":[-5.9881,41.5596,0]},"properties":{"styleUrl":"#pointStyleMap","icon":"http://maps.google.com/mapfiles/kml/shapes/placemark_circle.png","______Evento":379697,"_______Fecha":"07/05/2003","________Hora":"04:09:50","_____Latitud":41.5596,"____Longitud":-5.9881,"__Prof___Km_":"2.0","______Inten_":"","________Mag_":"2.5","___Tipo_Mag_":4,"Localizaci_n":"NW MUELAS DEL PAN.ZA","unnamed":"Zamora"}},{"type":"Feature","geometry":{"type":"Point","coordinates":[-1.9656,41.8451,0]},"properties":{"styleUrl":"#pointStyleMap","icon":"http://maps.google.com/mapfiles/kml/shapes/placemark_circle.png","______Evento":463811,"_______Fecha":"04/03/2004","________Hora":"22:54:55","_____Latitud":41.8451,"____Longitud":-1.9656,"__Prof___Km_":"6.9","______Inten_":"III","________Mag_":"2.5","___Tipo_Mag_":4,"Localizaci_n":"W ÁGREDA.SO","unnamed":"Soria"}},{"type":"Feature","geometry":{"type":"Point","coordinates":[-1.9613,41.8304,0]},"properties":{"styleUrl":"#pointStyleMap","icon":"http://maps.google.com/mapfiles/kml/shapes/placemark_circle.png","______Evento":464326,"_______Fecha":"06/03/2004","________Hora":"14:28:32","_____Latitud":41.8304,"____Longitud":-1.9613,"__Prof___Km_":"0.0","______Inten_":"II-III","________Mag_":"2.5","___Tipo_Mag_":4,"Localizaci_n":"SW ÁGREDA.SO","unnamed":"Soria"}},{"type":"Feature","geometry":{"type":"Point","coordinates":[-5.6973,42.4394,0]},"properties":{"styleUrl":"#pointStyleMap","icon":"http://maps.google.com/mapfiles/kml/shapes/placemark_circle.png","______Evento":754738,"_______Fecha":"18/05/2007","________Hora":"17:44:57","_____Latitud":42.4394,"____Longitud":-5.6973,"__Prof___Km_":"11.3","______Inten_":"","________Mag_":"2.5","___Tipo_Mag_":4,"Localizaci_n":"N SAN PEDRO BERCIANOS.LE","unnamed":"León"}},{"type":"Feature","geometry":{"type":"Point","coordinates":[-6.7174,42.277,0]},"properties":{"styleUrl":"#pointStyleMap","icon":"http://maps.google.com/mapfiles/kml/shapes/placemark_circle.png","______Evento":842847,"_______Fecha":"18/05/2008","________Hora":"12:04:49","_____Latitud":42.277,"____Longitud":-6.7174,"__Prof___Km_":"20.5","______Inten_":"","________Mag_":"2.5","___Tipo_Mag_":4,"Localizaci_n":"W ENCINEDO.LE","unnamed":"León"}},{"type":"Feature","geometry":{"type":"Point","coordinates":[-3.2,42.2303,0]},"properties":{"styleUrl":"#pointStyleMap","icon":"http://maps.google.com/mapfiles/kml/shapes/placemark_circle.png","______Evento":995988,"_______Fecha":"13/06/2010","________Hora":"16:56:42","_____Latitud":42.2303,"____Longitud":-3.2,"__Prof___Km_":"10.8","______Inten_":"","________Mag_":"2.5","___Tipo_Mag_":4,"Localizaci_n":"E PINEDA DE LA SIERRA.BU","unnamed":"Burgos"}},{"type":"Feature","geometry":{"type":"Point","coordinates":[-2.1719,41.988,0]},"properties":{"styleUrl":"#pointStyleMap","icon":"http://maps.google.com/mapfiles/kml/shapes/placemark_circle.png","______Evento":1141245,"_______Fecha":"01/05/2012","________Hora":"03:50:52","_____Latitud":41.988,"____Longitud":-2.1719,"__Prof___Km_":"11.0","______Inten_":"II","________Mag_":"2.5","___Tipo_Mag_":4,"Localizaci_n":"N FUENTES DE MAGAÑA.SO","unnamed":"Soria"}},{"type":"Feature","geometry":{"type":"Point","coordinates":[-5.559,40.8925,0]},"properties":{"styleUrl":"#pointStyleMap","icon":"http://maps.google.com/mapfiles/kml/shapes/placemark_circle.png","______Evento":1324047,"_______Fecha":"03/04/2015","________Hora":"11:10:32","_____Latitud":40.8925,"____Longitud":-5.559,"__Prof___Km_":"7.0","______Inten_":"","________Mag_":"2.5","___Tipo_Mag_":4,"Localizaci_n":"SE CALVARRASA DE ARRIBA.SA","unnamed":"Salamanca"}},{"type":"Feature","geometry":{"type":"Point","coordinates":[-5.9672,41.5663,0]},"properties":{"styleUrl":"#pointStyleMap","icon":"http://maps.google.com/mapfiles/kml/shapes/placemark_circle.png","______Evento":0,"_______Fecha":"19/08/2017","________Hora":"12:47:26","_____Latitud":41.5663,"____Longitud":-5.9672,"__Prof___Km_":"12.0","______Inten_":"II","________Mag_":"2.5","___Tipo_Mag_":4,"Localizaci_n":"N MUELAS DEL PAN.ZA","unnamed":"Zamora"}},{"type":"Feature","geometry":{"type":"Point","coordinates":[-3.0567,42.6796,0]},"properties":{"styleUrl":"#pointStyleMap","icon":"http://maps.google.com/mapfiles/kml/shapes/placemark_circle.png","______Evento":0,"_______Fecha":"02/09/2017","________Hora":"19:53:34","_____Latitud":42.6796,"____Longitud":-3.0567,"__Prof___Km_":"0.0","______Inten_":"","________Mag_":"2.5","___Tipo_Mag_":4,"Localizaci_n":"N AMEYUGO.BU","unnamed":"Burgos"}},{"type":"Feature","geometry":{"type":"Point","coordinates":[-6.7553,42.0745,0]},"properties":{"styleUrl":"#pointStyleMap","icon":"http://maps.google.com/mapfiles/kml/shapes/placemark_circle.png","______Evento":0,"_______Fecha":"26/07/2018","________Hora":"08:05:08","_____Latitud":42.0745,"____Longitud":-6.7553,"__Prof___Km_":"12.0","______Inten_":"","________Mag_":"2.5","___Tipo_Mag_":4,"Localizaci_n":"W COBREROS.ZA","unnamed":"Zamora"}},{"type":"Feature","geometry":{"type":"Point","coordinates":[-6.6543,42.4918,0]},"properties":{"styleUrl":"#pointStyleMap","icon":"http://maps.google.com/mapfiles/kml/shapes/placemark_circle.png","______Evento":0,"_______Fecha":"29/03/2022","________Hora":"23:42:59","_____Latitud":42.4918,"____Longitud":-6.6543,"__Prof___Km_":"5.0","______Inten_":"II","________Mag_":"2.5","___Tipo_Mag_":4,"Localizaci_n":"SE PRIARANZA DEL BIERZO.LE","unnamed":"León"}},{"type":"Feature","geometry":{"type":"Point","coordinates":[-2.3344,42.1253,0]},"properties":{"styleUrl":"#pointStyleMap","icon":"http://maps.google.com/mapfiles/kml/shapes/placemark_circle.png","______Evento":0,"_______Fecha":"17/09/2022","________Hora":"15:19:21","_____Latitud":42.1253,"____Longitud":-2.3344,"__Prof___Km_":"0.0","______Inten_":"","________Mag_":"2.5","___Tipo_Mag_":4,"Localizaci_n":"N YANGUAS.SO","unnamed":"Soria"}},{"type":"Feature","geometry":{"type":"Point","coordinates":[-1.8057,41.743,0]},"properties":{"styleUrl":"#pointStyleMap","icon":"http://maps.google.com/mapfiles/kml/shapes/placemark_circle.png","______Evento":0,"_______Fecha":"29/09/2023","________Hora":"05:56:15","_____Latitud":41.743,"____Longitud":-1.8057,"__Prof___Km_":"4.0","______Inten_":"","________Mag_":"2.5","___Tipo_Mag_":4,"Localizaci_n":"N BERATÓN.SO","unnamed":"Soria"}},{"type":"Feature","geometry":{"type":"Point","coordinates":[-4.6296,42.853,0]},"properties":{"styleUrl":"#pointStyleMap","icon":"http://maps.google.com/mapfiles/kml/shapes/placemark_circle.png","______Evento":0,"_______Fecha":"30/10/2024","________Hora":"13:02:24","_____Latitud":42.853,"____Longitud":-4.6296,"__Prof___Km_":"1.0","______Inten_":"","________Mag_":"2.5","___Tipo_Mag_":4,"Localizaci_n":"NW CASTREJÓN DE LA PEÑA.P","unnamed":"Palencia"}},{"type":"Feature","geometry":{"type":"Point","coordinates":[-2.3435,42.1165,0]},"properties":{"styleUrl":"#pointStyleMap","icon":"http://maps.google.com/mapfiles/kml/shapes/placemark_circle.png","______Evento":0,"_______Fecha":"26/05/2016","________Hora":"05:25:11","_____Latitud":42.1165,"____Longitud":-2.3435,"__Prof___Km_":"2.0","______Inten_":"II-III","________Mag_":"2.5","___Tipo_Mag_":4,"Localizaci_n":"NW YANGUAS.SO","unnamed":"soria"}},{"type":"Feature","geometry":{"type":"Point","coordinates":[-6.4733,40.6833,0]},"properties":{"styleUrl":"#pointStyleMap","icon":"http://maps.google.com/mapfiles/kml/shapes/placemark_circle.png","______Evento":16942,"_______Fecha":"09/01/1997","________Hora":"12:30:11","_____Latitud":40.6833,"____Longitud":-6.4733,"__Prof___Km_":"0.0","______Inten_":"","________Mag_":"2.4","___Tipo_Mag_":2,"Localizaci_n":"SW SANCTI-SPÍRITUS.SA","unnamed":"Salamanca"}},{"type":"Feature","geometry":{"type":"Point","coordinates":[-5.3717,40.8394,0]},"properties":{"styleUrl":"#pointStyleMap","icon":"http://maps.google.com/mapfiles/kml/shapes/placemark_circle.png","______Evento":215414,"_______Fecha":"24/07/2000","________Hora":"04:06:08","_____Latitud":40.8394,"____Longitud":-5.3717,"__Prof___Km_":"0.0","______Inten_":"","________Mag_":"2.4","___Tipo_Mag_":2,"Localizaci_n":"NE PEDROSILLO DE ALBA.SA","unnamed":"Salamanca"}},{"type":"Feature","geometry":{"type":"Point","coordinates":[-3.821,41.0863,0]},"properties":{"styleUrl":"#pointStyleMap","icon":"http://maps.google.com/mapfiles/kml/shapes/placemark_circle.png","______Evento":229287,"_______Fecha":"13/10/2000","________Hora":"14:25:26","_____Latitud":41.0863,"____Longitud":-3.821,"__Prof___Km_":"0.0","______Inten_":"","________Mag_":"2.4","___Tipo_Mag_":2,"Localizaci_n":"NW CEGUILLA.SG","unnamed":"Segovia"}},{"type":"Feature","geometry":{"type":"Point","coordinates":[-5.999,41.5016,0]},"properties":{"styleUrl":"#pointStyleMap","icon":"http://maps.google.com/mapfiles/kml/shapes/placemark_circle.png","______Evento":266218,"_______Fecha":"07/06/2001","________Hora":"17:15:23","_____Latitud":41.5016,"____Longitud":-5.999,"__Prof___Km_":"0.0","______Inten_":"","________Mag_":"2.4","___Tipo_Mag_":2,"Localizaci_n":"SW MUELAS DEL PAN.ZA","unnamed":"Zamora"}},{"type":"Feature","geometry":{"type":"Point","coordinates":[-6.0139,41.4193,0]},"properties":{"styleUrl":"#pointStyleMap","icon":"http://maps.google.com/mapfiles/kml/shapes/placemark_circle.png","______Evento":279357,"_______Fecha":"10/08/2001","________Hora":"23:02:29","_____Latitud":41.4193,"____Longitud":-6.0139,"__Prof___Km_":"17.1","______Inten_":"","________Mag_":"2.4","___Tipo_Mag_":2,"Localizaci_n":"SW VILLASECO DEL PAN.ZA","unnamed":"Zamora"}},{"type":"Feature","geometry":{"type":"Point","coordinates":[-6.0099,41.5716,0]},"properties":{"styleUrl":"#pointStyleMap","icon":"http://maps.google.com/mapfiles/kml/shapes/placemark_circle.png","______Evento":362561,"_______Fecha":"31/01/2003","________Hora":"19:58:48","_____Latitud":41.5716,"____Longitud":-6.0099,"__Prof___Km_":"10.6","______Inten_":"","________Mag_":"2.4","___Tipo_Mag_":4,"Localizaci_n":"SE VIDEMALA.ZA","unnamed":"Zamora"}},{"type":"Feature","geometry":{"type":"Point","coordinates":[-5.9893,41.5793,0]},"properties":{"styleUrl":"#pointStyleMap","icon":"http://maps.google.com/mapfiles/kml/shapes/placemark_circle.png","______Evento":375609,"_______Fecha":"13/04/2003","________Hora":"06:00:56","_____Latitud":41.5793,"____Longitud":-5.9893,"__Prof___Km_":"0.0","______Inten_":"II","________Mag_":"2.4","___Tipo_Mag_":4,"Localizaci_n":"SE VIDEMALA.ZA","unnamed":"Zamora"}},{"type":"Feature","geometry":{"type":"Point","coordinates":[-5.9777,41.5908,0]},"properties":{"styleUrl":"#pointStyleMap","icon":"http://maps.google.com/mapfiles/kml/shapes/placemark_circle.png","______Evento":430602,"_______Fecha":"31/10/2003","________Hora":"02:31:53","_____Latitud":41.5908,"____Longitud":-5.9777,"__Prof___Km_":"0.0","______Inten_":"","________Mag_":"2.4","___Tipo_Mag_":4,"Localizaci_n":"W ALMENDRA.ZA","unnamed":"Zamora"}},{"type":"Feature","geometry":{"type":"Point","coordinates":[-3.5787,42.879,0]},"properties":{"styleUrl":"#pointStyleMap","icon":"http://maps.google.com/mapfiles/kml/shapes/placemark_circle.png","______Evento":903412,"_______Fecha":"19/03/2009","________Hora":"05:58:54","_____Latitud":42.879,"____Longitud":-3.5787,"__Prof___Km_":"10.5","______Inten_":"","________Mag_":"2.4","___Tipo_Mag_":4,"Localizaci_n":"NW QUECEDO DE VALDIVIELSO.BU","unnamed":"Burgos"}},{"type":"Feature","geometry":{"type":"Point","coordinates":[-3.1658,42.739,0]},"properties":{"styleUrl":"#pointStyleMap","icon":"http://maps.google.com/mapfiles/kml/shapes/placemark_circle.png","______Evento":995775,"_______Fecha":"13/06/2010","________Hora":"12:13:23","_____Latitud":42.739,"____Longitud":-3.1658,"__Prof___Km_":"10.2","______Inten_":"","________Mag_":"2.4","___Tipo_Mag_":4,"Localizaci_n":"W BOZOÓ.BU","unnamed":"Burgos"}},{"type":"Feature","geometry":{"type":"Point","coordinates":[-1.8445,41.7645,0]},"properties":{"styleUrl":"#pointStyleMap","icon":"http://maps.google.com/mapfiles/kml/shapes/placemark_circle.png","______Evento":1055622,"_______Fecha":"12/04/2011","________Hora":"19:36:51","_____Latitud":41.7645,"____Longitud":-1.8445,"__Prof___Km_":"10.9","______Inten_":"","________Mag_":"2.4","___Tipo_Mag_":4,"Localizaci_n":"E CUEVA DE ÁGREDA.SO","unnamed":"Soria"}},{"type":"Feature","geometry":{"type":"Point","coordinates":[-6.2079,41.5529,0]},"properties":{"styleUrl":"#pointStyleMap","icon":"http://maps.google.com/mapfiles/kml/shapes/placemark_circle.png","______Evento":1205611,"_______Fecha":"12/04/2013","________Hora":"01:06:31","_____Latitud":41.5529,"____Longitud":-6.2079,"__Prof___Km_":"11.0","______Inten_":"II","________Mag_":"2.4","___Tipo_Mag_":4,"Localizaci_n":"NW VILLARDIEGUA DE LA RIBERA.ZA","unnamed":"Zamora"}},{"type":"Feature","geometry":{"type":"Point","coordinates":[-3.1553,42.1842,0]},"properties":{"styleUrl":"#pointStyleMap","icon":"http://maps.google.com/mapfiles/kml/shapes/placemark_circle.png","______Evento":0,"_______Fecha":"17/05/2018","________Hora":"00:27:37","_____Latitud":42.1842,"____Longitud":-3.1553,"__Prof___Km_":"4.0","______Inten_":"","________Mag_":"2.4","___Tipo_Mag_":4,"Localizaci_n":"NE BARBADILLO DE HERREROS.BU","unnamed":"Burgos"}},{"type":"Feature","geometry":{"type":"Point","coordinates":[-4.6068,42.8203,0]},"properties":{"styleUrl":"#pointStyleMap","icon":"http://maps.google.com/mapfiles/kml/shapes/placemark_circle.png","______Evento":0,"_______Fecha":"19/05/2018","________Hora":"19:46:35","_____Latitud":42.8203,"____Longitud":-4.6068,"__Prof___Km_":"3.0","______Inten_":"II","________Mag_":"2.4","___Tipo_Mag_":4,"Localizaci_n":"NW CASTREJÓN DE LA PEÑA.P","unnamed":"Palencia"}},{"type":"Feature","geometry":{"type":"Point","coordinates":[-2.3369,42.0071,0]},"properties":{"styleUrl":"#pointStyleMap","icon":"http://maps.google.com/mapfiles/kml/shapes/placemark_circle.png","______Evento":0,"_______Fecha":"21/09/2018","________Hora":"15:10:34","_____Latitud":42.0071,"____Longitud":-2.3369,"__Prof___Km_":"0.0","______Inten_":"II","________Mag_":"2.4","___Tipo_Mag_":4,"Localizaci_n":"NE LAS ALDEHUELAS.SO","unnamed":"Soria"}},{"type":"Feature","geometry":{"type":"Point","coordinates":[-5.8984,42.8826,0]},"properties":{"styleUrl":"#pointStyleMap","icon":"http://maps.google.com/mapfiles/kml/shapes/placemark_circle.png","______Evento":0,"_______Fecha":"18/07/2020","________Hora":"15:44:34","_____Latitud":42.8826,"____Longitud":-5.8984,"__Prof___Km_":"1.0","______Inten_":"","________Mag_":"2.4","___Tipo_Mag_":4,"Localizaci_n":"NW LOS BARRIOS DE LUNA.LE","unnamed":"León"}},{"type":"Feature","geometry":{"type":"Point","coordinates":[-5.0382,42.8895,0]},"properties":{"styleUrl":"#pointStyleMap","icon":"http://maps.google.com/mapfiles/kml/shapes/placemark_circle.png","______Evento":0,"_______Fecha":"26/08/2020","________Hora":"18:36:30","_____Latitud":42.8895,"____Longitud":-5.0382,"__Prof___Km_":"0.0","______Inten_":"","________Mag_":"2.4","___Tipo_Mag_":4,"Localizaci_n":"W PRIORO.LE","unnamed":"León"}},{"type":"Feature","geometry":{"type":"Point","coordinates":[-2.2608,42.0265,0]},"properties":{"styleUrl":"#pointStyleMap","icon":"http://maps.google.com/mapfiles/kml/shapes/placemark_circle.png","______Evento":0,"_______Fecha":"13/12/2021","________Hora":"00:26:43","_____Latitud":42.0265,"____Longitud":-2.2608,"__Prof___Km_":"0.0","______Inten_":"","________Mag_":"2.4","___Tipo_Mag_":4,"Localizaci_n":"W SAN PEDRO MANRIQUE.SO","unnamed":"Salamanca"}},{"type":"Feature","geometry":{"type":"Point","coordinates":[-3.1707,43.1539,0]},"properties":{"styleUrl":"#pointStyleMap","icon":"http://maps.google.com/mapfiles/kml/shapes/placemark_circle.png","______Evento":0,"_______Fecha":"21/04/2022","________Hora":"22:03:13","_____Latitud":43.1539,"____Longitud":-3.1707,"__Prof___Km_":"4.0","______Inten_":"","________Mag_":"2.4","___Tipo_Mag_":4,"Localizaci_n":"NE VALLE DE MENA.BU","unnamed":"Burgos"}},{"type":"Feature","geometry":{"type":"Point","coordinates":[-6.7718,42.7208,0]},"properties":{"styleUrl":"#pointStyleMap","icon":"http://maps.google.com/mapfiles/kml/shapes/placemark_circle.png","______Evento":0,"_______Fecha":"15/08/2022","________Hora":"12:00:13","_____Latitud":42.7208,"____Longitud":-6.7718,"__Prof___Km_":"0.0","______Inten_":"","________Mag_":"2.4","___Tipo_Mag_":4,"Localizaci_n":"W VEGA DE ESPINAREDA.LE","unnamed":"León"}},{"type":"Feature","geometry":{"type":"Point","coordinates":[-6.8091,41.9967,0]},"properties":{"styleUrl":"#pointStyleMap","icon":"http://maps.google.com/mapfiles/kml/shapes/placemark_circle.png","______Evento":0,"_______Fecha":"20/02/2023","________Hora":"16:25:20","_____Latitud":41.9967,"____Longitud":-6.8091,"__Prof___Km_":"11.0","______Inten_":"","________Mag_":"2.4","___Tipo_Mag_":4,"Localizaci_n":"SW REQUEJO.ZA","unnamed":"Zamora"}},{"type":"Feature","geometry":{"type":"Point","coordinates":[-6.5143,42.3778,0]},"properties":{"styleUrl":"#pointStyleMap","icon":"http://maps.google.com/mapfiles/kml/shapes/placemark_circle.png","______Evento":0,"_______Fecha":"28/06/2024","________Hora":"04:12:55","_____Latitud":42.3778,"____Longitud":-6.5143,"__Prof___Km_":"7.0","______Inten_":"","________Mag_":"2.4","___Tipo_Mag_":4,"Localizaci_n":"NE CASTRILLO DE CABRERA.LE","unnamed":"León"}},{"type":"Feature","geometry":{"type":"Point","coordinates":[-6.6933,42.2944,0]},"properties":{"styleUrl":"#pointStyleMap","icon":"http://maps.google.com/mapfiles/kml/shapes/placemark_circle.png","______Evento":0,"_______Fecha":"01/03/2025","________Hora":"03:59:19","_____Latitud":42.2944,"____Longitud":-6.6933,"__Prof___Km_":"0.0","______Inten_":"","________Mag_":"2.4","___Tipo_Mag_":4,"Localizaci_n":"W ENCINEDO.LE","unnamed":"León"}},{"type":"Feature","geometry":{"type":"Point","coordinates":[-5.3831,42.191,0]},"properties":{"styleUrl":"#pointStyleMap","icon":"http://maps.google.com/mapfiles/kml/shapes/placemark_circle.png","______Evento":0,"_______Fecha":"27/08/2025","________Hora":"20:01:25","_____Latitud":42.191,"____Longitud":-5.3831,"__Prof___Km_":"6.0","______Inten_":"","________Mag_":"2.4","___Tipo_Mag_":4,"Localizaci_n":"E VALDEMORA.LE","unnamed":"León"}},{"type":"Feature","geometry":{"type":"Point","coordinates":[-6.2751,42.2713,0]},"properties":{"styleUrl":"#pointStyleMap","icon":"http://maps.google.com/mapfiles/kml/shapes/placemark_circle.png","______Evento":0,"_______Fecha":"25/10/2025","________Hora":"02:13:35","_____Latitud":42.2713,"____Longitud":-6.2751,"__Prof___Km_":"4.0","______Inten_":"","________Mag_":"2.4","___Tipo_Mag_":4,"Localizaci_n":"NW CASTROCONTRIGO.LE","unnamed":"León"}},{"type":"Feature","geometry":{"type":"Point","coordinates":[-6.8952,42.6374,0]},"properties":{"styleUrl":"#pointStyleMap","icon":"http://maps.google.com/mapfiles/kml/shapes/placemark_circle.png","______Evento":0,"_______Fecha":"29/11/2025","________Hora":"19:09:49","_____Latitud":42.6374,"____Longitud":-6.8952,"__Prof___Km_":"5.0","______Inten_":"","________Mag_":"2.4","___Tipo_Mag_":4,"Localizaci_n":"SW TRABADELO.LE","unnamed":"León"}},{"type":"Feature","geometry":{"type":"Point","coordinates":[-2.9037,41.6136,0]},"properties":{"styleUrl":"#pointStyleMap","icon":"http://maps.google.com/mapfiles/kml/shapes/placemark_circle.png","______Evento":0,"_______Fecha":"29/02/2016","________Hora":"23:06:00","_____Latitud":41.6136,"____Longitud":-2.9037,"__Prof___Km_":"23.0","______Inten_":"","________Mag_":"2.4","___Tipo_Mag_":4,"Localizaci_n":"SW RIOSECO DE SORIA.SO","unnamed":"Soria"}},{"type":"Feature","geometry":{"type":"Point","coordinates":[-6.8157,42.1329,0]},"properties":{"styleUrl":"#pointStyleMap","icon":"http://maps.google.com/mapfiles/kml/shapes/placemark_circle.png","______Evento":0,"_______Fecha":"07/03/2016","________Hora":"20:17:36","_____Latitud":42.1329,"____Longitud":-6.8157,"__Prof___Km_":"21.0","______Inten_":"","________Mag_":"2.4","___Tipo_Mag_":4,"Localizaci_n":"SE PORTO.ZA","unnamed":"Zamora"}},{"type":"Feature","geometry":{"type":"Point","coordinates":[-2.318,42.1274,0]},"properties":{"styleUrl":"#pointStyleMap","icon":"http://maps.google.com/mapfiles/kml/shapes/placemark_circle.png","______Evento":0,"_______Fecha":"26/05/2016","________Hora":"05:24:48","_____Latitud":42.1274,"____Longitud":-2.318,"__Prof___Km_":"0.0","______Inten_":"","________Mag_":"2.4","___Tipo_Mag_":4,"Localizaci_n":"NE YANGUAS.SO","unnamed":"Soria"}},{"type":"Feature","geometry":{"type":"Point","coordinates":[-6.3448,42.9732,0]},"properties":{"styleUrl":"#pointStyleMap","icon":"http://maps.google.com/mapfiles/kml/shapes/placemark_circle.png","______Evento":80466,"_______Fecha":"18/01/1998","________Hora":"06:09:14","_____Latitud":42.9732,"____Longitud":-6.3448,"__Prof___Km_":"13.4","______Inten_":"","________Mag_":"2.3","___Tipo_Mag_":3,"Localizaci_n":"NW VILLABLINO.LE","unnamed":"León"}},{"type":"Feature","geometry":{"type":"Point","coordinates":[-3.8021,41.0004,0]},"properties":{"styleUrl":"#pointStyleMap","icon":"http://maps.google.com/mapfiles/kml/shapes/placemark_circle.png","______Evento":229245,"_______Fecha":"13/10/2000","________Hora":"10:34:54","_____Latitud":41.0004,"____Longitud":-3.8021,"__Prof___Km_":"0.5","______Inten_":"","________Mag_":"2.3","___Tipo_Mag_":2,"Localizaci_n":"S CEGUILLA.SG","unnamed":"Segovia"}},{"type":"Feature","geometry":{"type":"Point","coordinates":[-2.215,41.9594,0]},"properties":{"styleUrl":"#pointStyleMap","icon":"http://maps.google.com/mapfiles/kml/shapes/placemark_circle.png","______Evento":244969,"_______Fecha":"28/01/2001","________Hora":"14:02:55","_____Latitud":41.9594,"____Longitud":-2.215,"__Prof___Km_":"2.3","______Inten_":"","________Mag_":"2.3","___Tipo_Mag_":2,"Localizaci_n":"NE VALTAJEROS.SO","unnamed":"Soria"}},{"type":"Feature","geometry":{"type":"Point","coordinates":[-2.3121,42.0937,0]},"properties":{"styleUrl":"#pointStyleMap","icon":"http://maps.google.com/mapfiles/kml/shapes/placemark_circle.png","______Evento":259376,"_______Fecha":"04/05/2001","________Hora":"19:57:38","_____Latitud":42.0937,"____Longitud":-2.3121,"__Prof___Km_":"0.0","______Inten_":"","________Mag_":"2.3","___Tipo_Mag_":2,"Localizaci_n":"SE YANGUAS.SO","unnamed":"Soria"}},{"type":"Feature","geometry":{"type":"Point","coordinates":[-6.0193,41.5639,0]},"properties":{"styleUrl":"#pointStyleMap","icon":"http://maps.google.com/mapfiles/kml/shapes/placemark_circle.png","______Evento":370178,"_______Fecha":"18/03/2003","________Hora":"02:09:00","_____Latitud":41.5639,"____Longitud":-6.0193,"__Prof___Km_":"10.8","______Inten_":"II","________Mag_":"2.3","___Tipo_Mag_":4,"Localizaci_n":"NE VILLALCAMPO.ZA","unnamed":"Zamora"}},{"type":"Feature","geometry":{"type":"Point","coordinates":[-2.1079,41.1511,0]},"properties":{"styleUrl":"#pointStyleMap","icon":"http://maps.google.com/mapfiles/kml/shapes/placemark_circle.png","______Evento":601703,"_______Fecha":"10/09/2005","________Hora":"20:50:41","_____Latitud":41.1511,"____Longitud":-2.1079,"__Prof___Km_":"2.7","______Inten_":"","________Mag_":"2.3","___Tipo_Mag_":4,"Localizaci_n":"SE SANTA MARÍA DE HUERTA.SO","unnamed":"Soria"}},{"type":"Feature","geometry":{"type":"Point","coordinates":[-2.1721,41.1489,0]},"properties":{"styleUrl":"#pointStyleMap","icon":"http://maps.google.com/mapfiles/kml/shapes/placemark_circle.png","______Evento":601734,"_______Fecha":"11/09/2005","________Hora":"02:26:13","_____Latitud":41.1489,"____Longitud":-2.1721,"__Prof___Km_":"0.0","______Inten_":"","________Mag_":"2.3","___Tipo_Mag_":4,"Localizaci_n":"SE ARCOS DE JALÓN.SO","unnamed":"Soria"}},{"type":"Feature","geometry":{"type":"Point","coordinates":[-6.82,42.0808,0]},"properties":{"styleUrl":"#pointStyleMap","icon":"http://maps.google.com/mapfiles/kml/shapes/placemark_circle.png","______Evento":663699,"_______Fecha":"01/06/2006","________Hora":"02:21:22","_____Latitud":42.0808,"____Longitud":-6.82,"__Prof___Km_":"20.1","______Inten_":"","________Mag_":"2.3","___Tipo_Mag_":4,"Localizaci_n":"NW REQUEJO.ZA","unnamed":"Zamora"}},{"type":"Feature","geometry":{"type":"Point","coordinates":[-6.7815,42.3832,0]},"properties":{"styleUrl":"#pointStyleMap","icon":"http://maps.google.com/mapfiles/kml/shapes/placemark_circle.png","______Evento":734660,"_______Fecha":"09/03/2007","________Hora":"17:35:39","_____Latitud":42.3832,"____Longitud":-6.7815,"__Prof___Km_":"0.0","______Inten_":"","________Mag_":"2.3","___Tipo_Mag_":4,"Localizaci_n":"SE PUENTE DE DOMINGO FLÓREZ.LE","unnamed":"León"}},{"type":"Feature","geometry":{"type":"Point","coordinates":[-3.8257,42.5417,0]},"properties":{"styleUrl":"#pointStyleMap","icon":"http://maps.google.com/mapfiles/kml/shapes/placemark_circle.png","______Evento":885012,"_______Fecha":"16/11/2008","________Hora":"21:53:22","_____Latitud":42.5417,"____Longitud":-3.8257,"__Prof___Km_":"14.0","______Inten_":"III","________Mag_":"2.3","___Tipo_Mag_":4,"Localizaci_n":"NW HUÉRMECES.BU","unnamed":"Burgos"}},{"type":"Feature","geometry":{"type":"Point","coordinates":[-6.6496,42.4898,0]},"properties":{"styleUrl":"#pointStyleMap","icon":"http://maps.google.com/mapfiles/kml/shapes/placemark_circle.png","______Evento":890938,"_______Fecha":"26/12/2008","________Hora":"17:48:16","_____Latitud":42.4898,"____Longitud":-6.6496,"__Prof___Km_":"19.2","______Inten_":"","________Mag_":"2.3","___Tipo_Mag_":4,"Localizaci_n":"SE PRIARANZA DEL BIERZO.LE","unnamed":"León"}},{"type":"Feature","geometry":{"type":"Point","coordinates":[-5.1144,43.0973,0]},"properties":{"styleUrl":"#pointStyleMap","icon":"http://maps.google.com/mapfiles/kml/shapes/placemark_circle.png","______Evento":1015748,"_______Fecha":"04/09/2010","________Hora":"16:00:22","_____Latitud":43.0973,"____Longitud":-5.1144,"__Prof___Km_":"10.9","______Inten_":"","________Mag_":"2.3","___Tipo_Mag_":4,"Localizaci_n":"N ACEBEDO.LE","unnamed":"León"}},{"type":"Feature","geometry":{"type":"Point","coordinates":[-2.328,42.144,0]},"properties":{"styleUrl":"#pointStyleMap","icon":"http://maps.google.com/mapfiles/kml/shapes/placemark_circle.png","______Evento":1041641,"_______Fecha":"25/01/2011","________Hora":"09:25:50","_____Latitud":42.144,"____Longitud":-2.328,"__Prof___Km_":"11.0","______Inten_":"","________Mag_":"2.3","___Tipo_Mag_":4,"Localizaci_n":"N YANGUAS.SO","unnamed":"Soria"}},{"type":"Feature","geometry":{"type":"Point","coordinates":[-2.2899,41.5985,0]},"properties":{"styleUrl":"#pointStyleMap","icon":"http://maps.google.com/mapfiles/kml/shapes/placemark_circle.png","______Evento":0,"_______Fecha":"12/07/2017","________Hora":"19:01:55","_____Latitud":41.5985,"____Longitud":-2.2899,"__Prof___Km_":"0.0","______Inten_":"","________Mag_":"2.3","___Tipo_Mag_":4,"Localizaci_n":"NW TEJADO.SO","unnamed":"Soria"}},{"type":"Feature","geometry":{"type":"Point","coordinates":[-2.1721,41.153,0]},"properties":{"styleUrl":"#pointStyleMap","icon":"http://maps.google.com/mapfiles/kml/shapes/placemark_circle.png","______Evento":0,"_______Fecha":"07/03/2019","________Hora":"01:19:35","_____Latitud":41.153,"____Longitud":-2.1721,"__Prof___Km_":"6.0","______Inten_":"","________Mag_":"2.3","___Tipo_Mag_":4,"Localizaci_n":"SE ARCOS DE JALÓN.SO","unnamed":"Soria"}},{"type":"Feature","geometry":{"type":"Point","coordinates":[-6.1568,42.4511,0]},"properties":{"styleUrl":"#pointStyleMap","icon":"http://maps.google.com/mapfiles/kml/shapes/placemark_circle.png","______Evento":0,"_______Fecha":"08/08/2019","________Hora":"04:23:07","_____Latitud":42.4511,"____Longitud":-6.1568,"__Prof___Km_":"1.0","______Inten_":"","________Mag_":"2.3","___Tipo_Mag_":4,"Localizaci_n":"NW VAL DE SAN LORENZO.LE","unnamed":"León"}},{"type":"Feature","geometry":{"type":"Point","coordinates":[-3.3297,43.09,0]},"properties":{"styleUrl":"#pointStyleMap","icon":"http://maps.google.com/mapfiles/kml/shapes/placemark_circle.png","______Evento":0,"_______Fecha":"29/10/2019","________Hora":"00:04:52","_____Latitud":43.09,"____Longitud":-3.3297,"__Prof___Km_":"3.0","______Inten_":"","________Mag_":"2.3","___Tipo_Mag_":4,"Localizaci_n":"W VALLE DE MENA.BU","unnamed":"Burgos"}},{"type":"Feature","geometry":{"type":"Point","coordinates":[-5.2405,41.015,0]},"properties":{"styleUrl":"#pointStyleMap","icon":"http://maps.google.com/mapfiles/kml/shapes/placemark_circle.png","______Evento":0,"_______Fecha":"12/05/2020","________Hora":"16:28:33","_____Latitud":41.015,"____Longitud":-5.2405,"__Prof___Km_":"0.0","______Inten_":"","________Mag_":"2.3","___Tipo_Mag_":4,"Localizaci_n":"NE EL CAMPO DE PEÑARANDA.SA","unnamed":"Salamanca"}},{"type":"Feature","geometry":{"type":"Point","coordinates":[-2.1244,41.9485,0]},"properties":{"styleUrl":"#pointStyleMap","icon":"http://maps.google.com/mapfiles/kml/shapes/placemark_circle.png","______Evento":0,"_______Fecha":"06/01/2021","________Hora":"20:59:37","_____Latitud":41.9485,"____Longitud":-2.1244,"__Prof___Km_":"1.0","______Inten_":"","________Mag_":"2.3","___Tipo_Mag_":4,"Localizaci_n":"NW VALDEPRADO.SO","unnamed":"Soria"}},{"type":"Feature","geometry":{"type":"Point","coordinates":[-1.8515,41.7421,0]},"properties":{"styleUrl":"#pointStyleMap","icon":"http://maps.google.com/mapfiles/kml/shapes/placemark_circle.png","______Evento":0,"_______Fecha":"31/01/2021","________Hora":"08:21:32","_____Latitud":41.7421,"____Longitud":-1.8515,"__Prof___Km_":"7.0","______Inten_":"","________Mag_":"2.3","___Tipo_Mag_":4,"Localizaci_n":"SE CUEVA DE ÁGREDA.SO","unnamed":"Soria"}},{"type":"Feature","geometry":{"type":"Point","coordinates":[-4.9385,42.9315,0]},"properties":{"styleUrl":"#pointStyleMap","icon":"http://maps.google.com/mapfiles/kml/shapes/placemark_circle.png","______Evento":0,"_______Fecha":"13/05/2021","________Hora":"18:15:29","_____Latitud":42.9315,"____Longitud":-4.9385,"__Prof___Km_":"2.0","______Inten_":"","________Mag_":"2.3","___Tipo_Mag_":4,"Localizaci_n":"NE PRIORO.LE","unnamed":"León"}},{"type":"Feature","geometry":{"type":"Point","coordinates":[-3.6483,43.1215,0]},"properties":{"styleUrl":"#pointStyleMap","icon":"http://maps.google.com/mapfiles/kml/shapes/placemark_circle.png","______Evento":0,"_______Fecha":"30/08/2021","________Hora":"07:32:14","_____Latitud":43.1215,"____Longitud":-3.6483,"__Prof___Km_":"3.0","______Inten_":"","________Mag_":"2.3","___Tipo_Mag_":4,"Localizaci_n":"NW ESPINOSA DE LOS MONTEROS.BU","unnamed":"Burgos"}},{"type":"Feature","geometry":{"type":"Point","coordinates":[-6.8126,42.8349,0]},"properties":{"styleUrl":"#pointStyleMap","icon":"http://maps.google.com/mapfiles/kml/shapes/placemark_circle.png","______Evento":0,"_______Fecha":"23/01/2022","________Hora":"21:11:33","_____Latitud":42.8349,"____Longitud":-6.8126,"__Prof___Km_":"4.0","______Inten_":"","________Mag_":"2.3","___Tipo_Mag_":4,"Localizaci_n":"W CANDÍN.LE","unnamed":"León"}},{"type":"Feature","geometry":{"type":"Point","coordinates":[-4.6293,42.9468,0]},"properties":{"styleUrl":"#pointStyleMap","icon":"http://maps.google.com/mapfiles/kml/shapes/placemark_circle.png","______Evento":0,"_______Fecha":"23/04/2022","________Hora":"23:47:29","_____Latitud":42.9468,"____Longitud":-4.6293,"__Prof___Km_":"6.0","______Inten_":"","________Mag_":"2.3","___Tipo_Mag_":4,"Localizaci_n":"NE TRIOLLO.P","unnamed":"Palencia"}},{"type":"Feature","geometry":{"type":"Point","coordinates":[-2.3234,41.7346,0]},"properties":{"styleUrl":"#pointStyleMap","icon":"http://maps.google.com/mapfiles/kml/shapes/placemark_circle.png","______Evento":0,"_______Fecha":"14/07/2022","________Hora":"04:45:00","_____Latitud":41.7346,"____Longitud":-2.3234,"__Prof___Km_":"1.0","______Inten_":"","________Mag_":"2.3","___Tipo_Mag_":4,"Localizaci_n":"NW CANDILICHERA.SO","unnamed":"Soria"}},{"type":"Feature","geometry":{"type":"Point","coordinates":[-6.25,42.9464,0]},"properties":{"styleUrl":"#pointStyleMap","icon":"http://maps.google.com/mapfiles/kml/shapes/placemark_circle.png","______Evento":0,"_______Fecha":"29/01/2023","________Hora":"11:35:12","_____Latitud":42.9464,"____Longitud":-6.25,"__Prof___Km_":"11.0","______Inten_":"","________Mag_":"2.3","___Tipo_Mag_":4,"Localizaci_n":"E VILLABLINO.LE","unnamed":"León"}},{"type":"Feature","geometry":{"type":"Point","coordinates":[-2.3583,41.7029,0]},"properties":{"styleUrl":"#pointStyleMap","icon":"http://maps.google.com/mapfiles/kml/shapes/placemark_circle.png","______Evento":0,"_______Fecha":"16/05/2023","________Hora":"17:34:31","_____Latitud":41.7029,"____Longitud":-2.3583,"__Prof___Km_":"1.0","______Inten_":"","________Mag_":"2.3","___Tipo_Mag_":4,"Localizaci_n":"SE ALCONABA.SO","unnamed":"Soria"}},{"type":"Feature","geometry":{"type":"Point","coordinates":[-6.4998,42.3644,0]},"properties":{"styleUrl":"#pointStyleMap","icon":"http://maps.google.com/mapfiles/kml/shapes/placemark_circle.png","______Evento":0,"_______Fecha":"28/06/2024","________Hora":"04:17:58","_____Latitud":42.3644,"____Longitud":-6.4998,"__Prof___Km_":"1.0","______Inten_":"","________Mag_":"2.3","___Tipo_Mag_":4,"Localizaci_n":"NE CASTRILLO DE CABRERA.LE","unnamed":"León"}},{"type":"Feature","geometry":{"type":"Point","coordinates":[-3.3075,43.1014,0]},"properties":{"styleUrl":"#pointStyleMap","icon":"http://maps.google.com/mapfiles/kml/shapes/placemark_circle.png","______Evento":0,"_______Fecha":"26/10/2024","________Hora":"00:13:20","_____Latitud":43.1014,"____Longitud":-3.3075,"__Prof___Km_":"6.0","______Inten_":"","________Mag_":"2.3","___Tipo_Mag_":4,"Localizaci_n":"W VALLE DE MENA.BU","unnamed":"Burgos"}},{"type":"Feature","geometry":{"type":"Point","coordinates":[-3.6761,43.1419,0]},"properties":{"styleUrl":"#pointStyleMap","icon":"http://maps.google.com/mapfiles/kml/shapes/placemark_circle.png","______Evento":0,"_______Fecha":"05/12/2024","________Hora":"11:42:48","_____Latitud":43.1419,"____Longitud":-3.6761,"__Prof___Km_":"2.0","______Inten_":"","________Mag_":"2.3","___Tipo_Mag_":4,"Localizaci_n":"NW ESPINOSA DE LOS MONTEROS.BU","unnamed":"Burgos"}},{"type":"Feature","geometry":{"type":"Point","coordinates":[-3.6008,43.1069,0]},"properties":{"styleUrl":"#pointStyleMap","icon":"http://maps.google.com/mapfiles/kml/shapes/placemark_circle.png","______Evento":0,"_______Fecha":"06/01/2025","________Hora":"05:13:39","_____Latitud":43.1069,"____Longitud":-3.6008,"__Prof___Km_":"0.0","______Inten_":"","________Mag_":"2.3","___Tipo_Mag_":4,"Localizaci_n":"NW ESPINOSA DE LOS MONTEROS.BU","unnamed":"Burgos"}},{"type":"Feature","geometry":{"type":"Point","coordinates":[-7.0157,42.704,0]},"properties":{"styleUrl":"#pointStyleMap","icon":"http://maps.google.com/mapfiles/kml/shapes/placemark_circle.png","______Evento":0,"_______Fecha":"17/12/2025","________Hora":"13:13:49","_____Latitud":42.704,"____Longitud":-7.0157,"__Prof___Km_":"0.0","______Inten_":"","________Mag_":"2.3","___Tipo_Mag_":4,"Localizaci_n":"NW VEGA DE VALCARCE.LE","unnamed":"León"}},{"type":"Feature","geometry":{"type":"Point","coordinates":[-4.6882,41.0437,0]},"properties":{"styleUrl":"#pointStyleMap","icon":"http://maps.google.com/mapfiles/kml/shapes/placemark_circle.png","______Evento":0,"_______Fecha":"04/01/2026","________Hora":"06:42:24","_____Latitud":41.0437,"____Longitud":-4.6882,"__Prof___Km_":"0.0","______Inten_":"","________Mag_":"2.3","___Tipo_Mag_":4,"Localizaci_n":"SE ARÉVALO.AV","unnamed":"Ávila"}},{"type":"Feature","geometry":{"type":"Point","coordinates":[-5.0273,41.0548,0]},"properties":{"styleUrl":"#pointStyleMap","icon":"http://maps.google.com/mapfiles/kml/shapes/placemark_circle.png","______Evento":0,"_______Fecha":"05/02/2026","________Hora":"07:16:23","_____Latitud":41.0548,"____Longitud":-5.0273,"__Prof___Km_":"1.0","______Inten_":"","________Mag_":"2.3","___Tipo_Mag_":4,"Localizaci_n":"NW MAMBLAS.AV","unnamed":"Ávila"}},{"type":"Feature","geometry":{"type":"Point","coordinates":[-2.158,41.9578,0]},"properties":{"styleUrl":"#pointStyleMap","icon":"http://maps.google.com/mapfiles/kml/shapes/placemark_circle.png","______Evento":0,"_______Fecha":"04/03/2016","________Hora":"23:28:58","_____Latitud":41.9578,"____Longitud":-2.158,"__Prof___Km_":"21.0","______Inten_":"","________Mag_":"2.3","___Tipo_Mag_":4,"Localizaci_n":"NE FUENTES DE MAGAÑA.SO","unnamed":"Soria"}},{"type":"Feature","geometry":{"type":"Point","coordinates":[-6.7876,42.0893,0]},"properties":{"styleUrl":"#pointStyleMap","icon":"http://maps.google.com/mapfiles/kml/shapes/placemark_circle.png","______Evento":0,"_______Fecha":"28/05/2016","________Hora":"13:29:49","_____Latitud":42.0893,"____Longitud":-6.7876,"__Prof___Km_":"13.0","______Inten_":"","________Mag_":"2.3","___Tipo_Mag_":4,"Localizaci_n":"W COBREROS.ZA","unnamed":"Zamora"}},{"type":"Feature","geometry":{"type":"Point","coordinates":[-6.4958,42.3488,0]},"properties":{"styleUrl":"#pointStyleMap","icon":"http://maps.google.com/mapfiles/kml/shapes/placemark_circle.png","______Evento":0,"_______Fecha":"07/08/2016","________Hora":"19:24:14","_____Latitud":42.3488,"____Longitud":-6.4958,"__Prof___Km_":"11.0","______Inten_":"","________Mag_":"2.3","___Tipo_Mag_":4,"Localizaci_n":"E CASTRILLO DE CABRERA.LE","unnamed":"León"}},{"type":"Feature","geometry":{"type":"Point","coordinates":[-3.7777,41.0235,0]},"properties":{"styleUrl":"#pointStyleMap","icon":"http://maps.google.com/mapfiles/kml/shapes/placemark_circle.png","______Evento":239742,"_______Fecha":"23/12/2000","________Hora":"02:58:28","_____Latitud":41.0235,"____Longitud":-3.7777,"__Prof___Km_":"1.3","______Inten_":"","________Mag_":"2.2","___Tipo_Mag_":2,"Localizaci_n":"SE CEGUILLA.SG","unnamed":"Segovia"}},{"type":"Feature","geometry":{"type":"Point","coordinates":[-5.0644,41.1172,0]},"properties":{"styleUrl":"#pointStyleMap","icon":"http://maps.google.com/mapfiles/kml/shapes/placemark_circle.png","______Evento":243487,"_______Fecha":"18/01/2001","________Hora":"20:45:22","_____Latitud":41.1172,"____Longitud":-5.0644,"__Prof___Km_":"12.3","______Inten_":"","________Mag_":"2.2","___Tipo_Mag_":2,"Localizaci_n":"W BLASCONUÑO DE MATACABRAS.AV","unnamed":"Ávila"}},{"type":"Feature","geometry":{"type":"Point","coordinates":[-5.9884,41.5484,0]},"properties":{"styleUrl":"#pointStyleMap","icon":"http://maps.google.com/mapfiles/kml/shapes/placemark_circle.png","______Evento":360843,"_______Fecha":"12/01/2003","________Hora":"17:30:37","_____Latitud":41.5484,"____Longitud":-5.9884,"__Prof___Km_":"6.6","______Inten_":"","________Mag_":"2.2","___Tipo_Mag_":4,"Localizaci_n":"NW MUELAS DEL PAN.ZA","unnamed":"Zamora"}},{"type":"Feature","geometry":{"type":"Point","coordinates":[-5.9933,41.5385,0]},"properties":{"styleUrl":"#pointStyleMap","icon":"http://maps.google.com/mapfiles/kml/shapes/placemark_circle.png","______Evento":360852,"_______Fecha":"12/01/2003","________Hora":"19:13:54","_____Latitud":41.5385,"____Longitud":-5.9933,"__Prof___Km_":"3.1","______Inten_":"","________Mag_":"2.2","___Tipo_Mag_":4,"Localizaci_n":"NW MUELAS DEL PAN.ZA","unnamed":"Zamora"}},{"type":"Feature","geometry":{"type":"Point","coordinates":[-6.0065,41.5694,0]},"properties":{"styleUrl":"#pointStyleMap","icon":"http://maps.google.com/mapfiles/kml/shapes/placemark_circle.png","______Evento":361925,"_______Fecha":"23/01/2003","________Hora":"10:43:14","_____Latitud":41.5694,"____Longitud":-6.0065,"__Prof___Km_":"4.1","______Inten_":"III","________Mag_":"2.2","___Tipo_Mag_":4,"Localizaci_n":"NW MUELAS DEL PAN.ZA","unnamed":"Zamora"}},{"type":"Feature","geometry":{"type":"Point","coordinates":[-6.0036,41.5398,0]},"properties":{"styleUrl":"#pointStyleMap","icon":"http://maps.google.com/mapfiles/kml/shapes/placemark_circle.png","______Evento":362057,"_______Fecha":"24/01/2003","________Hora":"18:16:06","_____Latitud":41.5398,"____Longitud":-6.0036,"__Prof___Km_":"4.4","______Inten_":"","________Mag_":"2.2","___Tipo_Mag_":4,"Localizaci_n":"NE VILLALCAMPO.ZA","unnamed":"Zamora"}},{"type":"Feature","geometry":{"type":"Point","coordinates":[-6.0188,41.5569,0]},"properties":{"styleUrl":"#pointStyleMap","icon":"http://maps.google.com/mapfiles/kml/shapes/placemark_circle.png","______Evento":362465,"_______Fecha":"30/01/2003","________Hora":"19:28:38","_____Latitud":41.5569,"____Longitud":-6.0188,"__Prof___Km_":"10.9","______Inten_":"","________Mag_":"2.2","___Tipo_Mag_":4,"Localizaci_n":"NE VILLALCAMPO.ZA","unnamed":"Zamora"}},{"type":"Feature","geometry":{"type":"Point","coordinates":[-5.9985,41.5718,0]},"properties":{"styleUrl":"#pointStyleMap","icon":"http://maps.google.com/mapfiles/kml/shapes/placemark_circle.png","______Evento":362477,"_______Fecha":"31/01/2003","________Hora":"06:20:05","_____Latitud":41.5718,"____Longitud":-5.9985,"__Prof___Km_":"10.9","______Inten_":"","________Mag_":"2.2","___Tipo_Mag_":4,"Localizaci_n":"SE VIDEMALA.ZA","unnamed":"Zamora"}},{"type":"Feature","geometry":{"type":"Point","coordinates":[-6.8076,42.0772,0]},"properties":{"styleUrl":"#pointStyleMap","icon":"http://maps.google.com/mapfiles/kml/shapes/placemark_circle.png","______Evento":371116,"_______Fecha":"14/10/2001","________Hora":"03:51:49","_____Latitud":42.0772,"____Longitud":-6.8076,"__Prof___Km_":"0.0","______Inten_":"","________Mag_":"2.2","___Tipo_Mag_":2,"Localizaci_n":"NW REQUEJO.ZA","unnamed":"Zamora"}},{"type":"Feature","geometry":{"type":"Point","coordinates":[-6.1504,41.6348,0]},"properties":{"styleUrl":"#pointStyleMap","icon":"http://maps.google.com/mapfiles/kml/shapes/placemark_circle.png","______Evento":401238,"_______Fecha":"20/07/2003","________Hora":"22:03:29","_____Latitud":41.6348,"____Longitud":-6.1504,"__Prof___Km_":"11.0","______Inten_":"","________Mag_":"2.2","___Tipo_Mag_":4,"Localizaci_n":"W FONFRÍA.ZA","unnamed":"Zamora"}},{"type":"Feature","geometry":{"type":"Point","coordinates":[-5.9795,41.5831,0]},"properties":{"styleUrl":"#pointStyleMap","icon":"http://maps.google.com/mapfiles/kml/shapes/placemark_circle.png","______Evento":432331,"_______Fecha":"07/11/2003","________Hora":"07:41:03","_____Latitud":41.5831,"____Longitud":-5.9795,"__Prof___Km_":"0.0","______Inten_":"","________Mag_":"2.2","___Tipo_Mag_":4,"Localizaci_n":"W ALMENDRA.ZA","unnamed":"Zamora"}},{"type":"Feature","geometry":{"type":"Point","coordinates":[-5.0942,43.061,0]},"properties":{"styleUrl":"#pointStyleMap","icon":"http://maps.google.com/mapfiles/kml/shapes/placemark_circle.png","______Evento":591803,"_______Fecha":"28/07/2005","________Hora":"03:00:31","_____Latitud":43.061,"____Longitud":-5.0942,"__Prof___Km_":"9.4","______Inten_":"","________Mag_":"2.2","___Tipo_Mag_":4,"Localizaci_n":"NE ACEBEDO.LE","unnamed":"León"}},{"type":"Feature","geometry":{"type":"Point","coordinates":[-6.7742,42.0771,0]},"properties":{"styleUrl":"#pointStyleMap","icon":"http://maps.google.com/mapfiles/kml/shapes/placemark_circle.png","______Evento":616164,"_______Fecha":"26/11/2005","________Hora":"05:22:21","_____Latitud":42.0771,"____Longitud":-6.7742,"__Prof___Km_":"14.3","______Inten_":"","________Mag_":"2.2","___Tipo_Mag_":4,"Localizaci_n":"NW REQUEJO.ZA","unnamed":"Zamora"}},{"type":"Feature","geometry":{"type":"Point","coordinates":[-5.9946,41.5439,0]},"properties":{"styleUrl":"#pointStyleMap","icon":"http://maps.google.com/mapfiles/kml/shapes/placemark_circle.png","______Evento":742012,"_______Fecha":"03/04/2007","________Hora":"19:43:06","_____Latitud":41.5439,"____Longitud":-5.9946,"__Prof___Km_":"0.0","______Inten_":"","________Mag_":"2.2","___Tipo_Mag_":4,"Localizaci_n":"NW MUELAS DEL PAN.ZA","unnamed":"Zamora"}},{"type":"Feature","geometry":{"type":"Point","coordinates":[-7.0619,42.5358,0]},"properties":{"styleUrl":"#pointStyleMap","icon":"http://maps.google.com/mapfiles/kml/shapes/placemark_circle.png","______Evento":830162,"_______Fecha":"15/03/2008","________Hora":"08:47:22","_____Latitud":42.5358,"____Longitud":-7.0619,"__Prof___Km_":"2.9","______Inten_":"","________Mag_":"2.2","___Tipo_Mag_":4,"Localizaci_n":"W OENCIA.LE","unnamed":"León"}},{"type":"Feature","geometry":{"type":"Point","coordinates":[-5.6457,40.4393,0]},"properties":{"styleUrl":"#pointStyleMap","icon":"http://maps.google.com/mapfiles/kml/shapes/placemark_circle.png","______Evento":903378,"_______Fecha":"18/03/2009","________Hora":"17:55:19","_____Latitud":40.4393,"____Longitud":-5.6457,"__Prof___Km_":"11.5","______Inten_":"","________Mag_":"2.2","___Tipo_Mag_":4,"Localizaci_n":"NE NEILA DE SAN MIGUEL.AV","unnamed":"Ávila"}},{"type":"Feature","geometry":{"type":"Point","coordinates":[-5.2898,43.0672,0]},"properties":{"styleUrl":"#pointStyleMap","icon":"http://maps.google.com/mapfiles/kml/shapes/placemark_circle.png","______Evento":1027328,"_______Fecha":"04/11/2010","________Hora":"21:06:55","_____Latitud":43.0672,"____Longitud":-5.2898,"__Prof___Km_":"0.0","______Inten_":"","________Mag_":"2.2","___Tipo_Mag_":4,"Localizaci_n":"NW PUEBLA DE LILLO.LE","unnamed":"León"}},{"type":"Feature","geometry":{"type":"Point","coordinates":[-3.9408,42.9652,0]},"properties":{"styleUrl":"#pointStyleMap","icon":"http://maps.google.com/mapfiles/kml/shapes/placemark_circle.png","______Evento":1084471,"_______Fecha":"19/08/2011","________Hora":"14:48:39","_____Latitud":42.9652,"____Longitud":-3.9408,"__Prof___Km_":"0.0","______Inten_":"","________Mag_":"2.2","___Tipo_Mag_":4,"Localizaci_n":"NE SANTA GADEA DE ALFOZ.BU","unnamed":"Burgos"}},{"type":"Feature","geometry":{"type":"Point","coordinates":[-6.7532,42.1295,0]},"properties":{"styleUrl":"#pointStyleMap","icon":"http://maps.google.com/mapfiles/kml/shapes/placemark_circle.png","______Evento":1106316,"_______Fecha":"19/10/2011","________Hora":"17:55:17","_____Latitud":42.1295,"____Longitud":-6.7532,"__Prof___Km_":"11.6","______Inten_":"","________Mag_":"2.2","___Tipo_Mag_":4,"Localizaci_n":"NW COBREROS.ZA","unnamed":"Zamora"}},{"type":"Feature","geometry":{"type":"Point","coordinates":[-5.9321,40.7218,0]},"properties":{"styleUrl":"#pointStyleMap","icon":"http://maps.google.com/mapfiles/kml/shapes/placemark_circle.png","______Evento":1180313,"_______Fecha":"18/12/2012","________Hora":"15:24:05","_____Latitud":40.7218,"____Longitud":-5.9321,"__Prof___Km_":"21.0","______Inten_":"","________Mag_":"2.2","___Tipo_Mag_":4,"Localizaci_n":"NW NARROS DE MATALAYEGUA.SA","unnamed":"Salamanca"}},{"type":"Feature","geometry":{"type":"Point","coordinates":[-4.5565,41.0927,0]},"properties":{"styleUrl":"#pointStyleMap","icon":"http://maps.google.com/mapfiles/kml/shapes/placemark_circle.png","______Evento":1237069,"_______Fecha":"01/10/2013","________Hora":"02:13:58","_____Latitud":41.0927,"____Longitud":-4.5565,"__Prof___Km_":"0.0","______Inten_":"","________Mag_":"2.2","___Tipo_Mag_":4,"Localizaci_n":"NE ALDEANUEVA DEL CODONAL.SG","unnamed":"Segovia"}},{"type":"Feature","geometry":{"type":"Point","coordinates":[-6.6204,42.4884,0]},"properties":{"styleUrl":"#pointStyleMap","icon":"http://maps.google.com/mapfiles/kml/shapes/placemark_circle.png","______Evento":0,"_______Fecha":"09/08/2017","________Hora":"03:50:42","_____Latitud":42.4884,"____Longitud":-6.6204,"__Prof___Km_":"11.0","______Inten_":"","________Mag_":"2.2","___Tipo_Mag_":4,"Localizaci_n":"SE PRIARANZA DEL BIERZO.LE","unnamed":"León"}},{"type":"Feature","geometry":{"type":"Point","coordinates":[-2.2249,41.694,0]},"properties":{"styleUrl":"#pointStyleMap","icon":"http://maps.google.com/mapfiles/kml/shapes/placemark_circle.png","______Evento":0,"_______Fecha":"24/10/2017","________Hora":"19:06:31","_____Latitud":41.694,"____Longitud":-2.2249,"__Prof___Km_":"0.0","______Inten_":"","________Mag_":"2.2","___Tipo_Mag_":4,"Localizaci_n":"NW ALMENAR DE SORIA.SO","unnamed":"Soria"}},{"type":"Feature","geometry":{"type":"Point","coordinates":[-2.0185,41.6813,0]},"properties":{"styleUrl":"#pointStyleMap","icon":"http://maps.google.com/mapfiles/kml/shapes/placemark_circle.png","______Evento":0,"_______Fecha":"17/03/2018","________Hora":"05:35:20","_____Latitud":41.6813,"____Longitud":-2.0185,"__Prof___Km_":"13.0","______Inten_":"","________Mag_":"2.2","___Tipo_Mag_":4,"Localizaci_n":"SE NOVIERCAS.SO","unnamed":"Soria"}},{"type":"Feature","geometry":{"type":"Point","coordinates":[-1.92,41.8485,0]},"properties":{"styleUrl":"#pointStyleMap","icon":"http://maps.google.com/mapfiles/kml/shapes/placemark_circle.png","______Evento":0,"_______Fecha":"07/04/2018","________Hora":"18:24:10","_____Latitud":41.8485,"____Longitud":-1.92,"__Prof___Km_":"0.0","______Inten_":"","________Mag_":"2.2","___Tipo_Mag_":4,"Localizaci_n":"S ÁGREDA.SO","unnamed":"Soria"}},{"type":"Feature","geometry":{"type":"Point","coordinates":[-3.0491,41.6151,0]},"properties":{"styleUrl":"#pointStyleMap","icon":"http://maps.google.com/mapfiles/kml/shapes/placemark_circle.png","______Evento":0,"_______Fecha":"13/06/2018","________Hora":"04:00:03","_____Latitud":41.6151,"____Longitud":-3.0491,"__Prof___Km_":"11.0","______Inten_":"","________Mag_":"2.2","___Tipo_Mag_":4,"Localizaci_n":"NE BURGO DE OSMA.SO","unnamed":"Soria"}},{"type":"Feature","geometry":{"type":"Point","coordinates":[-2.1392,42.036,0]},"properties":{"styleUrl":"#pointStyleMap","icon":"http://maps.google.com/mapfiles/kml/shapes/placemark_circle.png","______Evento":0,"_______Fecha":"29/10/2018","________Hora":"23:06:43","_____Latitud":42.036,"____Longitud":-2.1392,"__Prof___Km_":"1.0","______Inten_":"","________Mag_":"2.2","___Tipo_Mag_":4,"Localizaci_n":"E SAN PEDRO MANRIQUE.SO","unnamed":"Soria"}},{"type":"Feature","geometry":{"type":"Point","coordinates":[-6.3233,41.3729,0]},"properties":{"styleUrl":"#pointStyleMap","icon":"http://maps.google.com/mapfiles/kml/shapes/placemark_circle.png","______Evento":0,"_______Fecha":"01/12/2019","________Hora":"10:41:02","_____Latitud":41.3729,"____Longitud":-6.3233,"__Prof___Km_":"0.0","______Inten_":"","________Mag_":"2.2","___Tipo_Mag_":4,"Localizaci_n":"SW FARIZA.ZA","unnamed":"Zamora"}},{"type":"Feature","geometry":{"type":"Point","coordinates":[-5.3515,42.9832,0]},"properties":{"styleUrl":"#pointStyleMap","icon":"http://maps.google.com/mapfiles/kml/shapes/placemark_circle.png","______Evento":0,"_______Fecha":"29/05/2021","________Hora":"20:01:44","_____Latitud":42.9832,"____Longitud":-5.3515,"__Prof___Km_":"0.0","______Inten_":"","________Mag_":"2.2","___Tipo_Mag_":4,"Localizaci_n":"E VALDELUGUEROS.LE","unnamed":"León"}},{"type":"Feature","geometry":{"type":"Point","coordinates":[-5.6612,41.7769,0]},"properties":{"styleUrl":"#pointStyleMap","icon":"http://maps.google.com/mapfiles/kml/shapes/placemark_circle.png","______Evento":0,"_______Fecha":"22/10/2022","________Hora":"11:52:21","_____Latitud":41.7769,"____Longitud":-5.6612,"__Prof___Km_":"4.0","______Inten_":"","________Mag_":"2.2","___Tipo_Mag_":4,"Localizaci_n":"SW VILLARRÍN DE CAMPOS.ZA","unnamed":"Zamora"}},{"type":"Feature","geometry":{"type":"Point","coordinates":[-5.9742,41.5403,0]},"properties":{"styleUrl":"#pointStyleMap","icon":"http://maps.google.com/mapfiles/kml/shapes/placemark_circle.png","______Evento":0,"_______Fecha":"31/10/2022","________Hora":"16:22:13","_____Latitud":41.5403,"____Longitud":-5.9742,"__Prof___Km_":"0.0","______Inten_":"","________Mag_":"2.2","___Tipo_Mag_":4,"Localizaci_n":"NW MUELAS DEL PAN.ZA","unnamed":"Zamora"}},{"type":"Feature","geometry":{"type":"Point","coordinates":[-1.843,41.6901,0]},"properties":{"styleUrl":"#pointStyleMap","icon":"http://maps.google.com/mapfiles/kml/shapes/placemark_circle.png","______Evento":0,"_______Fecha":"09/11/2023","________Hora":"06:10:31","_____Latitud":41.6901,"____Longitud":-1.843,"__Prof___Km_":"2.0","______Inten_":"","________Mag_":"2.2","___Tipo_Mag_":4,"Localizaci_n":"SW BERATÓN.SO","unnamed":"Soria"}},{"type":"Feature","geometry":{"type":"Point","coordinates":[-6.292,42.3874,0]},"properties":{"styleUrl":"#pointStyleMap","icon":"http://maps.google.com/mapfiles/kml/shapes/placemark_circle.png","______Evento":0,"_______Fecha":"02/05/2024","________Hora":"22:49:15","_____Latitud":42.3874,"____Longitud":-6.292,"__Prof___Km_":"11.0","______Inten_":"","________Mag_":"2.2","___Tipo_Mag_":4,"Localizaci_n":"SE LUCILLO.LE","unnamed":"León"}},{"type":"Feature","geometry":{"type":"Point","coordinates":[-6.5969,42.8373,0]},"properties":{"styleUrl":"#pointStyleMap","icon":"http://maps.google.com/mapfiles/kml/shapes/placemark_circle.png","______Evento":0,"_______Fecha":"06/07/2024","________Hora":"12:26:26","_____Latitud":42.8373,"____Longitud":-6.5969,"__Prof___Km_":"13.0","______Inten_":"","________Mag_":"2.2","___Tipo_Mag_":4,"Localizaci_n":"SE PERANZANES.LE","unnamed":"León"}},{"type":"Feature","geometry":{"type":"Point","coordinates":[-6.8843,42.645,0]},"properties":{"styleUrl":"#pointStyleMap","icon":"http://maps.google.com/mapfiles/kml/shapes/placemark_circle.png","______Evento":0,"_______Fecha":"29/09/2024","________Hora":"18:47:40","_____Latitud":42.645,"____Longitud":-6.8843,"__Prof___Km_":"3.0","______Inten_":"","________Mag_":"2.2","___Tipo_Mag_":4,"Localizaci_n":"S TRABADELO.LE","unnamed":"León"}},{"type":"Feature","geometry":{"type":"Point","coordinates":[-6.7321,42.3988,0]},"properties":{"styleUrl":"#pointStyleMap","icon":"http://maps.google.com/mapfiles/kml/shapes/placemark_circle.png","______Evento":0,"_______Fecha":"16/12/2024","________Hora":"15:10:01","_____Latitud":42.3988,"____Longitud":-6.7321,"__Prof___Km_":"0.0","______Inten_":"","________Mag_":"2.2","___Tipo_Mag_":4,"Localizaci_n":"W BENUZA.LE","unnamed":"León"}},{"type":"Feature","geometry":{"type":"Point","coordinates":[-2.0398,41.6938,0]},"properties":{"styleUrl":"#pointStyleMap","icon":"http://maps.google.com/mapfiles/kml/shapes/placemark_circle.png","______Evento":0,"_______Fecha":"28/01/2025","________Hora":"12:49:14","_____Latitud":41.6938,"____Longitud":-2.0398,"__Prof___Km_":"0.0","______Inten_":"","________Mag_":"2.2","___Tipo_Mag_":4,"Localizaci_n":"S NOVIERCAS.SO","unnamed":"Soria"}},{"type":"Feature","geometry":{"type":"Point","coordinates":[-1.918,41.7668,0]},"properties":{"styleUrl":"#pointStyleMap","icon":"http://maps.google.com/mapfiles/kml/shapes/placemark_circle.png","______Evento":0,"_______Fecha":"07/07/2025","________Hora":"02:08:02","_____Latitud":41.7668,"____Longitud":-1.918,"__Prof___Km_":"2.0","______Inten_":"","________Mag_":"2.2","___Tipo_Mag_":4,"Localizaci_n":"W CUEVA DE ÁGREDA.SO","unnamed":"Soria"}},{"type":"Feature","geometry":{"type":"Point","coordinates":[-3.147,43.0646,0]},"properties":{"styleUrl":"#pointStyleMap","icon":"http://maps.google.com/mapfiles/kml/shapes/placemark_circle.png","______Evento":0,"_______Fecha":"16/03/2016","________Hora":"01:13:45","_____Latitud":43.0646,"____Longitud":-3.147,"__Prof___Km_":"0.0","______Inten_":"","________Mag_":"2.2","___Tipo_Mag_":4,"Localizaci_n":"NE EL CAÑÓN.BU","unnamed":"Burgos"}},{"type":"Feature","geometry":{"type":"Point","coordinates":[-3.4901,42.8507,0]},"properties":{"styleUrl":"#pointStyleMap","icon":"http://maps.google.com/mapfiles/kml/shapes/placemark_circle.png","______Evento":0,"_______Fecha":"11/08/2016","________Hora":"02:38:56","_____Latitud":42.8507,"____Longitud":-3.4901,"__Prof___Km_":"0.0","______Inten_":"II","________Mag_":"2.2","___Tipo_Mag_":4,"Localizaci_n":"NE QUECEDO DE VALDIVIELSO.BU","unnamed":"Burgos"}},{"type":"Feature","geometry":{"type":"Point","coordinates":[-3.9742,40.8576,0]},"properties":{"styleUrl":"#pointStyleMap","icon":"http://maps.google.com/mapfiles/kml/shapes/placemark_circle.png","______Evento":134563,"_______Fecha":"18/04/1999","________Hora":"19:58:42","_____Latitud":40.8576,"____Longitud":-3.9742,"__Prof___Km_":"10.5","______Inten_":"","________Mag_":"2.1","___Tipo_Mag_":2,"Localizaci_n":"SE SAN ILDEFONSO.SG","unnamed":"Segovia"}},{"type":"Feature","geometry":{"type":"Point","coordinates":[-3.2383,43.1859,0]},"properties":{"styleUrl":"#pointStyleMap","icon":"http://maps.google.com/mapfiles/kml/shapes/placemark_circle.png","______Evento":147961,"_______Fecha":"22/07/1999","________Hora":"00:10:05","_____Latitud":43.1859,"____Longitud":-3.2383,"__Prof___Km_":"0.0","______Inten_":"","________Mag_":"2.1","___Tipo_Mag_":2,"Localizaci_n":"NE VILLASANA DE MENA.BU","unnamed":"Burgos"}},{"type":"Feature","geometry":{"type":"Point","coordinates":[-5.9356,41.5282,0]},"properties":{"styleUrl":"#pointStyleMap","icon":"http://maps.google.com/mapfiles/kml/shapes/placemark_circle.png","______Evento":262323,"_______Fecha":"21/05/2001","________Hora":"11:12:11","_____Latitud":41.5282,"____Longitud":-5.9356,"__Prof___Km_":"0.0","______Inten_":"II","________Mag_":"2.1","___Tipo_Mag_":2,"Localizaci_n":"E MUELAS DEL PAN.ZA","unnamed":"Zamora"}},{"type":"Feature","geometry":{"type":"Point","coordinates":[-4.5718,40.6938,0]},"properties":{"styleUrl":"#pointStyleMap","icon":"http://maps.google.com/mapfiles/kml/shapes/placemark_circle.png","______Evento":287158,"_______Fecha":"27/09/2001","________Hora":"18:15:58","_____Latitud":40.6938,"____Longitud":-4.5718,"__Prof___Km_":"0.0","______Inten_":"","________Mag_":"2.1","___Tipo_Mag_":2,"Localizaci_n":"SE BERROCALEJO DE ARAGONA.AV","unnamed":"Ávila"}},{"type":"Feature","geometry":{"type":"Point","coordinates":[-6.7627,42.1455,0]},"properties":{"styleUrl":"#pointStyleMap","icon":"http://maps.google.com/mapfiles/kml/shapes/placemark_circle.png","______Evento":319639,"_______Fecha":"16/03/2002","________Hora":"10:32:49","_____Latitud":42.1455,"____Longitud":-6.7627,"__Prof___Km_":"19.4","______Inten_":"","________Mag_":"2.1","___Tipo_Mag_":4,"Localizaci_n":"NW COBREROS.ZA","unnamed":"Zamora"}},{"type":"Feature","geometry":{"type":"Point","coordinates":[-6.0077,41.554,0]},"properties":{"styleUrl":"#pointStyleMap","icon":"http://maps.google.com/mapfiles/kml/shapes/placemark_circle.png","______Evento":360816,"_______Fecha":"12/01/2003","________Hora":"16:54:56","_____Latitud":41.554,"____Longitud":-6.0077,"__Prof___Km_":"4.5","______Inten_":"II","________Mag_":"2.1","___Tipo_Mag_":4,"Localizaci_n":"NW MUELAS DEL PAN.ZA","unnamed":"Zamora"}},{"type":"Feature","geometry":{"type":"Point","coordinates":[-5.9813,41.5582,0]},"properties":{"styleUrl":"#pointStyleMap","icon":"http://maps.google.com/mapfiles/kml/shapes/placemark_circle.png","______Evento":361957,"_______Fecha":"23/01/2003","________Hora":"14:56:54","_____Latitud":41.5582,"____Longitud":-5.9813,"__Prof___Km_":"7.3","______Inten_":"","________Mag_":"2.1","___Tipo_Mag_":4,"Localizaci_n":"NW MUELAS DEL PAN.ZA","unnamed":"Zamora"}},{"type":"Feature","geometry":{"type":"Point","coordinates":[-6.0108,41.5838,0]},"properties":{"styleUrl":"#pointStyleMap","icon":"http://maps.google.com/mapfiles/kml/shapes/placemark_circle.png","______Evento":362469,"_______Fecha":"30/01/2003","________Hora":"21:33:18","_____Latitud":41.5838,"____Longitud":-6.0108,"__Prof___Km_":"11.0","______Inten_":"","________Mag_":"2.1","___Tipo_Mag_":4,"Localizaci_n":"SE VIDEMALA.ZA","unnamed":"Zamora"}},{"type":"Feature","geometry":{"type":"Point","coordinates":[-5.9836,41.5701,0]},"properties":{"styleUrl":"#pointStyleMap","icon":"http://maps.google.com/mapfiles/kml/shapes/placemark_circle.png","______Evento":363497,"_______Fecha":"08/02/2003","________Hora":"08:04:20","_____Latitud":41.5701,"____Longitud":-5.9836,"__Prof___Km_":"2.6","______Inten_":"","________Mag_":"2.1","___Tipo_Mag_":4,"Localizaci_n":"NW MUELAS DEL PAN.ZA","unnamed":"Zamora"}},{"type":"Feature","geometry":{"type":"Point","coordinates":[-5.9928,41.5653,0]},"properties":{"styleUrl":"#pointStyleMap","icon":"http://maps.google.com/mapfiles/kml/shapes/placemark_circle.png","______Evento":367975,"_______Fecha":"05/03/2003","________Hora":"18:23:32","_____Latitud":41.5653,"____Longitud":-5.9928,"__Prof___Km_":"2.0","______Inten_":"","________Mag_":"2.1","___Tipo_Mag_":4,"Localizaci_n":"NW MUELAS DEL PAN.ZA","unnamed":"Zamora"}},{"type":"Feature","geometry":{"type":"Point","coordinates":[-6.0801,42.2058,0]},"properties":{"styleUrl":"#pointStyleMap","icon":"http://maps.google.com/mapfiles/kml/shapes/placemark_circle.png","______Evento":369384,"_______Fecha":"12/03/2003","________Hora":"23:04:23","_____Latitud":42.2058,"____Longitud":-6.0801,"__Prof___Km_":"11.4","______Inten_":"","________Mag_":"2.1","___Tipo_Mag_":4,"Localizaci_n":"SW QUINTANA Y CONGOSTO.LE","unnamed":"León"}},{"type":"Feature","geometry":{"type":"Point","coordinates":[-6.021,41.562,0]},"properties":{"styleUrl":"#pointStyleMap","icon":"http://maps.google.com/mapfiles/kml/shapes/placemark_circle.png","______Evento":370209,"_______Fecha":"18/03/2003","________Hora":"02:14:09","_____Latitud":41.562,"____Longitud":-6.021,"__Prof___Km_":"10.5","______Inten_":"","________Mag_":"2.1","___Tipo_Mag_":4,"Localizaci_n":"NE VILLALCAMPO.ZA","unnamed":"Zamora"}},{"type":"Feature","geometry":{"type":"Point","coordinates":[-6.7058,42.3449,0]},"properties":{"styleUrl":"#pointStyleMap","icon":"http://maps.google.com/mapfiles/kml/shapes/placemark_circle.png","______Evento":383914,"_______Fecha":"22/05/2003","________Hora":"03:51:54","_____Latitud":42.3449,"____Longitud":-6.7058,"__Prof___Km_":"5.7","______Inten_":"","________Mag_":"2.1","___Tipo_Mag_":4,"Localizaci_n":"S BENUZA.LE","unnamed":"León"}},{"type":"Feature","geometry":{"type":"Point","coordinates":[-5.9905,41.6051,0]},"properties":{"styleUrl":"#pointStyleMap","icon":"http://maps.google.com/mapfiles/kml/shapes/placemark_circle.png","______Evento":426273,"_______Fecha":"12/10/2003","________Hora":"21:39:08","_____Latitud":41.6051,"____Longitud":-5.9905,"__Prof___Km_":"0.0","______Inten_":"","________Mag_":"2.1","___Tipo_Mag_":4,"Localizaci_n":"E VIDEMALA.ZA","unnamed":"Zamora"}},{"type":"Feature","geometry":{"type":"Point","coordinates":[-2.9272,42.6341,0]},"properties":{"styleUrl":"#pointStyleMap","icon":"http://maps.google.com/mapfiles/kml/shapes/placemark_circle.png","______Evento":609091,"_______Fecha":"13/10/2005","________Hora":"19:02:26","_____Latitud":42.6341,"____Longitud":-2.9272,"__Prof___Km_":"10.9","______Inten_":"II","________Mag_":"2.1","___Tipo_Mag_":4,"Localizaci_n":"SE MIRANDA DE EBRO.BU","unnamed":"Burgos"}},{"type":"Feature","geometry":{"type":"Point","coordinates":[-6.0018,41.6148,0]},"properties":{"styleUrl":"#pointStyleMap","icon":"http://maps.google.com/mapfiles/kml/shapes/placemark_circle.png","______Evento":618911,"_______Fecha":"12/12/2005","________Hora":"09:51:19","_____Latitud":41.6148,"____Longitud":-6.0018,"__Prof___Km_":"0.0","______Inten_":"","________Mag_":"2.1","___Tipo_Mag_":4,"Localizaci_n":"E VIDEMALA.ZA","unnamed":"Zamora"}},{"type":"Feature","geometry":{"type":"Point","coordinates":[-1.9324,41.7329,0]},"properties":{"styleUrl":"#pointStyleMap","icon":"http://maps.google.com/mapfiles/kml/shapes/placemark_circle.png","______Evento":886615,"_______Fecha":"24/11/2008","________Hora":"10:49:22","_____Latitud":41.7329,"____Longitud":-1.9324,"__Prof___Km_":"21.8","______Inten_":"","________Mag_":"2.1","___Tipo_Mag_":4,"Localizaci_n":"SW CUEVA DE ÁGREDA.SO","unnamed":"Soria"}},{"type":"Feature","geometry":{"type":"Point","coordinates":[-6.7569,42.4933,0]},"properties":{"styleUrl":"#pointStyleMap","icon":"http://maps.google.com/mapfiles/kml/shapes/placemark_circle.png","______Evento":900885,"_______Fecha":"02/03/2009","________Hora":"05:32:46","_____Latitud":42.4933,"____Longitud":-6.7569,"__Prof___Km_":"0.0","______Inten_":"","________Mag_":"2.1","___Tipo_Mag_":4,"Localizaci_n":"NE CARUCEDO.LE","unnamed":"León"}},{"type":"Feature","geometry":{"type":"Point","coordinates":[-5.6266,40.4684,0]},"properties":{"styleUrl":"#pointStyleMap","icon":"http://maps.google.com/mapfiles/kml/shapes/placemark_circle.png","______Evento":904509,"_______Fecha":"27/03/2009","________Hora":"17:44:31","_____Latitud":40.4684,"____Longitud":-5.6266,"__Prof___Km_":"0.0","______Inten_":"","________Mag_":"2.1","___Tipo_Mag_":4,"Localizaci_n":"SW SANTIBÁÑEZ DE BÉJAR.SA","unnamed":"Salamanca"}},{"type":"Feature","geometry":{"type":"Point","coordinates":[-6.7108,42.1863,0]},"properties":{"styleUrl":"#pointStyleMap","icon":"http://maps.google.com/mapfiles/kml/shapes/placemark_circle.png","______Evento":906886,"_______Fecha":"09/04/2009","________Hora":"21:10:14","_____Latitud":42.1863,"____Longitud":-6.7108,"__Prof___Km_":"6.1","______Inten_":"","________Mag_":"2.1","___Tipo_Mag_":4,"Localizaci_n":"NW TREFACIO.ZA","unnamed":"Zamora"}},{"type":"Feature","geometry":{"type":"Point","coordinates":[-3.1026,42.9544,0]},"properties":{"styleUrl":"#pointStyleMap","icon":"http://maps.google.com/mapfiles/kml/shapes/placemark_circle.png","______Evento":930582,"_______Fecha":"01/08/2009","________Hora":"06:45:44","_____Latitud":42.9544,"____Longitud":-3.1026,"__Prof___Km_":"14.1","______Inten_":"I","________Mag_":"2.1","___Tipo_Mag_":4,"Localizaci_n":"NW VILLALBA DE LOSA.BU","unnamed":"Burgos"}},{"type":"Feature","geometry":{"type":"Point","coordinates":[-3.5333,42.8303,0]},"properties":{"styleUrl":"#pointStyleMap","icon":"http://maps.google.com/mapfiles/kml/shapes/placemark_circle.png","______Evento":1031367,"_______Fecha":"25/11/2010","________Hora":"17:07:44","_____Latitud":42.8303,"____Longitud":-3.5333,"__Prof___Km_":"0.0","______Inten_":"","________Mag_":"2.1","___Tipo_Mag_":4,"Localizaci_n":"E QUECEDO DE VALDIVIELSO.BU","unnamed":"Burgos"}},{"type":"Feature","geometry":{"type":"Point","coordinates":[-6.4154,42.5829,0]},"properties":{"styleUrl":"#pointStyleMap","icon":"http://maps.google.com/mapfiles/kml/shapes/placemark_circle.png","______Evento":1156848,"_______Fecha":"15/07/2012","________Hora":"07:17:44","_____Latitud":42.5829,"____Longitud":-6.4154,"__Prof___Km_":"11.0","______Inten_":"","________Mag_":"2.1","___Tipo_Mag_":4,"Localizaci_n":"S BEMBIBRE.LE","unnamed":"León"}},{"type":"Feature","geometry":{"type":"Point","coordinates":[-6.6056,42.722,0]},"properties":{"styleUrl":"#pointStyleMap","icon":"http://maps.google.com/mapfiles/kml/shapes/placemark_circle.png","______Evento":1186499,"_______Fecha":"17/01/2013","________Hora":"23:09:54","_____Latitud":42.722,"____Longitud":-6.6056,"__Prof___Km_":"0.0","______Inten_":"","________Mag_":"2.1","___Tipo_Mag_":4,"Localizaci_n":"SW BERLANGA DEL BIERZO.LE","unnamed":"León"}},{"type":"Feature","geometry":{"type":"Point","coordinates":[-2.1314,41.4879,0]},"properties":{"styleUrl":"#pointStyleMap","icon":"http://maps.google.com/mapfiles/kml/shapes/placemark_circle.png","______Evento":1217862,"_______Fecha":"20/06/2013","________Hora":"04:33:02","_____Latitud":41.4879,"____Longitud":-2.1314,"__Prof___Km_":"7.0","______Inten_":"","________Mag_":"2.1","___Tipo_Mag_":4,"Localizaci_n":"NE TORLENGUA.SO","unnamed":"Soria"}},{"type":"Feature","geometry":{"type":"Point","coordinates":[-5.8852,42.9472,0]},"properties":{"styleUrl":"#pointStyleMap","icon":"http://maps.google.com/mapfiles/kml/shapes/placemark_circle.png","______Evento":1300230,"_______Fecha":"11/10/2014","________Hora":"22:26:57","_____Latitud":42.9472,"____Longitud":-5.8852,"__Prof___Km_":"11.0","______Inten_":"","________Mag_":"2.1","___Tipo_Mag_":4,"Localizaci_n":"E SENA DE LUNA.LE","unnamed":"León"}},{"type":"Feature","geometry":{"type":"Point","coordinates":[-6.1788,41.1693,0]},"properties":{"styleUrl":"#pointStyleMap","icon":"http://maps.google.com/mapfiles/kml/shapes/placemark_circle.png","______Evento":1352610,"_______Fecha":"04/11/2015","________Hora":"15:00:43","_____Latitud":41.1693,"____Longitud":-6.1788,"__Prof___Km_":"11.0","______Inten_":"","________Mag_":"2.1","___Tipo_Mag_":4,"Localizaci_n":"NW VILLASECO DE LOS REYES.SA","unnamed":"Salamanca"}},{"type":"Feature","geometry":{"type":"Point","coordinates":[-6.7143,42.2821,0]},"properties":{"styleUrl":"#pointStyleMap","icon":"http://maps.google.com/mapfiles/kml/shapes/placemark_circle.png","______Evento":0,"_______Fecha":"16/11/2016","________Hora":"23:00:16","_____Latitud":42.2821,"____Longitud":-6.7143,"__Prof___Km_":"12.0","______Inten_":"","________Mag_":"2.1","___Tipo_Mag_":4,"Localizaci_n":"W ENCINEDO.LE","unnamed":"León"}},{"type":"Feature","geometry":{"type":"Point","coordinates":[-6.3693,42.6071,0]},"properties":{"styleUrl":"#pointStyleMap","icon":"http://maps.google.com/mapfiles/kml/shapes/placemark_circle.png","______Evento":0,"_______Fecha":"24/12/2016","________Hora":"19:37:35","_____Latitud":42.6071,"____Longitud":-6.3693,"__Prof___Km_":"12.0","______Inten_":"","________Mag_":"2.1","___Tipo_Mag_":4,"Localizaci_n":"E BEMBIBRE.LE","unnamed":"León"}},{"type":"Feature","geometry":{"type":"Point","coordinates":[-3.2995,42.9601,0]},"properties":{"styleUrl":"#pointStyleMap","icon":"http://maps.google.com/mapfiles/kml/shapes/placemark_circle.png","______Evento":0,"_______Fecha":"04/02/2017","________Hora":"15:46:50","_____Latitud":42.9601,"____Longitud":-3.2995,"__Prof___Km_":"11.0","______Inten_":"","________Mag_":"2.1","___Tipo_Mag_":4,"Localizaci_n":"W EL CAÑÓN.BU","unnamed":"Burgos"}},{"type":"Feature","geometry":{"type":"Point","coordinates":[-2.1366,41.9858,0]},"properties":{"styleUrl":"#pointStyleMap","icon":"http://maps.google.com/mapfiles/kml/shapes/placemark_circle.png","______Evento":0,"_______Fecha":"12/06/2018","________Hora":"18:43:28","_____Latitud":41.9858,"____Longitud":-2.1366,"__Prof___Km_":"11.0","______Inten_":"","________Mag_":"2.1","___Tipo_Mag_":4,"Localizaci_n":"NW VALDEPRADO.SO","unnamed":"Soria"}},{"type":"Feature","geometry":{"type":"Point","coordinates":[-3.3725,43.1518,0]},"properties":{"styleUrl":"#pointStyleMap","icon":"http://maps.google.com/mapfiles/kml/shapes/placemark_circle.png","______Evento":0,"_______Fecha":"21/10/2018","________Hora":"03:27:47","_____Latitud":43.1518,"____Longitud":-3.3725,"__Prof___Km_":"12.0","______Inten_":"","________Mag_":"2.1","___Tipo_Mag_":4,"Localizaci_n":"NW VILLASANA DE MENA.BU","unnamed":"Burgos"}},{"type":"Feature","geometry":{"type":"Point","coordinates":[-7.0061,42.5627,0]},"properties":{"styleUrl":"#pointStyleMap","icon":"http://maps.google.com/mapfiles/kml/shapes/placemark_circle.png","______Evento":0,"_______Fecha":"02/01/2019","________Hora":"00:24:40","_____Latitud":42.5627,"____Longitud":-7.0061,"__Prof___Km_":"0.0","______Inten_":"","________Mag_":"2.1","___Tipo_Mag_":4,"Localizaci_n":"NW OENCIA.LE","unnamed":"León"}},{"type":"Feature","geometry":{"type":"Point","coordinates":[-3.7164,42.8103,0]},"properties":{"styleUrl":"#pointStyleMap","icon":"http://maps.google.com/mapfiles/kml/shapes/placemark_circle.png","______Evento":0,"_______Fecha":"13/03/2020","________Hora":"23:00:02","_____Latitud":42.8103,"____Longitud":-3.7164,"__Prof___Km_":"0.0","______Inten_":"","________Mag_":"2.1","___Tipo_Mag_":4,"Localizaci_n":"SE VALLE DE ZAMANZAS.BU","unnamed":"Burgos"}},{"type":"Feature","geometry":{"type":"Point","coordinates":[-6.6043,41.0666,0]},"properties":{"styleUrl":"#pointStyleMap","icon":"http://maps.google.com/mapfiles/kml/shapes/placemark_circle.png","______Evento":0,"_______Fecha":"03/04/2020","________Hora":"19:44:08","_____Latitud":41.0666,"____Longitud":-6.6043,"__Prof___Km_":"1.0","______Inten_":"II","________Mag_":"2.1","___Tipo_Mag_":4,"Localizaci_n":"NW VILLASBUENAS.SA","unnamed":"Salamanca"}},{"type":"Feature","geometry":{"type":"Point","coordinates":[-6.7244,42.1332,0]},"properties":{"styleUrl":"#pointStyleMap","icon":"http://maps.google.com/mapfiles/kml/shapes/placemark_circle.png","______Evento":0,"_______Fecha":"22/04/2020","________Hora":"03:25:10","_____Latitud":42.1332,"____Longitud":-6.7244,"__Prof___Km_":"14.0","______Inten_":"","________Mag_":"2.1","___Tipo_Mag_":4,"Localizaci_n":"NW GALENDE.ZA","unnamed":"Zamora"}},{"type":"Feature","geometry":{"type":"Point","coordinates":[-5.033,42.9243,0]},"properties":{"styleUrl":"#pointStyleMap","icon":"http://maps.google.com/mapfiles/kml/shapes/placemark_circle.png","______Evento":0,"_______Fecha":"26/08/2020","________Hora":"17:12:15","_____Latitud":42.9243,"____Longitud":-5.033,"__Prof___Km_":"4.0","______Inten_":"","________Mag_":"2.1","___Tipo_Mag_":4,"Localizaci_n":"SW RIAÑO.LE","unnamed":"León"}},{"type":"Feature","geometry":{"type":"Point","coordinates":[-5.3192,40.8422,0]},"properties":{"styleUrl":"#pointStyleMap","icon":"http://maps.google.com/mapfiles/kml/shapes/placemark_circle.png","______Evento":0,"_______Fecha":"14/11/2020","________Hora":"22:02:51","_____Latitud":40.8422,"____Longitud":-5.3192,"__Prof___Km_":"0.0","______Inten_":"","________Mag_":"2.1","___Tipo_Mag_":4,"Localizaci_n":"SE TORDILLOS.SA","unnamed":"Salamanca"}},{"type":"Feature","geometry":{"type":"Point","coordinates":[-6.2667,42.2208,0]},"properties":{"styleUrl":"#pointStyleMap","icon":"http://maps.google.com/mapfiles/kml/shapes/placemark_circle.png","______Evento":0,"_______Fecha":"02/01/2021","________Hora":"17:33:15","_____Latitud":42.2208,"____Longitud":-6.2667,"__Prof___Km_":"0.0","______Inten_":"","________Mag_":"2.1","___Tipo_Mag_":4,"Localizaci_n":"NW CASTROCONTRIGO.LE","unnamed":"León"}},{"type":"Feature","geometry":{"type":"Point","coordinates":[-6.508,42.5942,0]},"properties":{"styleUrl":"#pointStyleMap","icon":"http://maps.google.com/mapfiles/kml/shapes/placemark_circle.png","______Evento":0,"_______Fecha":"31/01/2021","________Hora":"21:57:12","_____Latitud":42.5942,"____Longitud":-6.508,"__Prof___Km_":"0.0","______Inten_":"","________Mag_":"2.1","___Tipo_Mag_":4,"Localizaci_n":"SE CONGOSTO.LE","unnamed":"León"}},{"type":"Feature","geometry":{"type":"Point","coordinates":[-2.5669,42.7588,0]},"properties":{"styleUrl":"#pointStyleMap","icon":"http://maps.google.com/mapfiles/kml/shapes/placemark_circle.png","______Evento":0,"_______Fecha":"20/02/2021","________Hora":"03:51:11","_____Latitud":42.7588,"____Longitud":-2.5669,"__Prof___Km_":"12.0","______Inten_":"","________Mag_":"2.1","___Tipo_Mag_":4,"Localizaci_n":"E CONDADO DE TREVIÑO.BU","unnamed":"Burgos"}},{"type":"Feature","geometry":{"type":"Point","coordinates":[-5.802,41.8804,0]},"properties":{"styleUrl":"#pointStyleMap","icon":"http://maps.google.com/mapfiles/kml/shapes/placemark_circle.png","______Evento":0,"_______Fecha":"25/02/2021","________Hora":"13:27:57","_____Latitud":41.8804,"____Longitud":-5.802,"__Prof___Km_":"1.0","______Inten_":"","________Mag_":"2.1","___Tipo_Mag_":4,"Localizaci_n":"W BRETOCINO.ZA","unnamed":"Zamora"}},{"type":"Feature","geometry":{"type":"Point","coordinates":[-5.4704,40.9244,0]},"properties":{"styleUrl":"#pointStyleMap","icon":"http://maps.google.com/mapfiles/kml/shapes/placemark_circle.png","______Evento":0,"_______Fecha":"13/07/2021","________Hora":"02:32:13","_____Latitud":40.9244,"____Longitud":-5.4704,"__Prof___Km_":"8.0","______Inten_":"I-II","________Mag_":"2.1","___Tipo_Mag_":4,"Localizaci_n":"S ENCINAS DE ABAJO.SA","unnamed":"Salamanca"}},{"type":"Feature","geometry":{"type":"Point","coordinates":[-2.3669,41.7317,0]},"properties":{"styleUrl":"#pointStyleMap","icon":"http://maps.google.com/mapfiles/kml/shapes/placemark_circle.png","______Evento":0,"_______Fecha":"06/05/2022","________Hora":"22:29:04","_____Latitud":41.7317,"____Longitud":-2.3669,"__Prof___Km_":"0.0","______Inten_":"","________Mag_":"2.1","___Tipo_Mag_":4,"Localizaci_n":"NE ALCONABA.SO","unnamed":"Soria"}},{"type":"Feature","geometry":{"type":"Point","coordinates":[-6.7943,41.9873,0]},"properties":{"styleUrl":"#pointStyleMap","icon":"http://maps.google.com/mapfiles/kml/shapes/placemark_circle.png","______Evento":0,"_______Fecha":"19/07/2022","________Hora":"07:37:32","_____Latitud":41.9873,"____Longitud":-6.7943,"__Prof___Km_":"8.0","______Inten_":"","________Mag_":"2.1","___Tipo_Mag_":4,"Localizaci_n":"SW REQUEJO.ZA","unnamed":"Zamora"}},{"type":"Feature","geometry":{"type":"Point","coordinates":[-5.9826,41.5142,0]},"properties":{"styleUrl":"#pointStyleMap","icon":"http://maps.google.com/mapfiles/kml/shapes/placemark_circle.png","______Evento":0,"_______Fecha":"02/08/2022","________Hora":"02:24:00","_____Latitud":41.5142,"____Longitud":-5.9826,"__Prof___Km_":"1.0","______Inten_":"","________Mag_":"2.1","___Tipo_Mag_":4,"Localizaci_n":"SW MUELAS DEL PAN.ZA","unnamed":"Zamora"}},{"type":"Feature","geometry":{"type":"Point","coordinates":[-5.3608,41.0162,0]},"properties":{"styleUrl":"#pointStyleMap","icon":"http://maps.google.com/mapfiles/kml/shapes/placemark_circle.png","______Evento":0,"_______Fecha":"25/02/2023","________Hora":"22:26:55","_____Latitud":41.0162,"____Longitud":-5.3608,"__Prof___Km_":"0.0","______Inten_":"","________Mag_":"2.1","___Tipo_Mag_":4,"Localizaci_n":"NE VILLORIA.SA","unnamed":"Salamanca"}},{"type":"Feature","geometry":{"type":"Point","coordinates":[-6.7978,42.142,0]},"properties":{"styleUrl":"#pointStyleMap","icon":"http://maps.google.com/mapfiles/kml/shapes/placemark_circle.png","______Evento":0,"_______Fecha":"13/03/2023","________Hora":"03:25:55","_____Latitud":42.142,"____Longitud":-6.7978,"__Prof___Km_":"9.0","______Inten_":"","________Mag_":"2.1","___Tipo_Mag_":4,"Localizaci_n":"E PORTO.ZA","unnamed":"Zamora"}},{"type":"Feature","geometry":{"type":"Point","coordinates":[-6.5098,42.3383,0]},"properties":{"styleUrl":"#pointStyleMap","icon":"http://maps.google.com/mapfiles/kml/shapes/placemark_circle.png","______Evento":0,"_______Fecha":"18/12/2023","________Hora":"02:26:53","_____Latitud":42.3383,"____Longitud":-6.5098,"__Prof___Km_":"1.0","______Inten_":"","________Mag_":"2.1","___Tipo_Mag_":4,"Localizaci_n":"E CASTRILLO DE CABRERA.LE","unnamed":"León"}},{"type":"Feature","geometry":{"type":"Point","coordinates":[-6.7939,42.1592,0]},"properties":{"styleUrl":"#pointStyleMap","icon":"http://maps.google.com/mapfiles/kml/shapes/placemark_circle.png","______Evento":0,"_______Fecha":"08/03/2024","________Hora":"05:03:13","_____Latitud":42.1592,"____Longitud":-6.7939,"__Prof___Km_":"12.0","______Inten_":"","________Mag_":"2.1","___Tipo_Mag_":4,"Localizaci_n":"E PORTO.ZA","unnamed":"Zamora"}},{"type":"Feature","geometry":{"type":"Point","coordinates":[-6.7297,42.1316,0]},"properties":{"styleUrl":"#pointStyleMap","icon":"http://maps.google.com/mapfiles/kml/shapes/placemark_circle.png","______Evento":0,"_______Fecha":"08/05/2024","________Hora":"20:57:35","_____Latitud":42.1316,"____Longitud":-6.7297,"__Prof___Km_":"2.0","______Inten_":"","________Mag_":"2.1","___Tipo_Mag_":4,"Localizaci_n":"NW GALENDE.ZA","unnamed":"Zamora"}},{"type":"Feature","geometry":{"type":"Point","coordinates":[-2.0564,41.9243,0]},"properties":{"styleUrl":"#pointStyleMap","icon":"http://maps.google.com/mapfiles/kml/shapes/placemark_circle.png","______Evento":0,"_______Fecha":"27/06/2024","________Hora":"19:21:32","_____Latitud":41.9243,"____Longitud":-2.0564,"__Prof___Km_":"0.0","______Inten_":"","________Mag_":"2.1","___Tipo_Mag_":4,"Localizaci_n":"S CIGUDOSA.SO","unnamed":"Soria"}},{"type":"Feature","geometry":{"type":"Point","coordinates":[-6.8132,42.8757,0]},"properties":{"styleUrl":"#pointStyleMap","icon":"http://maps.google.com/mapfiles/kml/shapes/placemark_circle.png","______Evento":0,"_______Fecha":"13/11/2024","________Hora":"21:35:00","_____Latitud":42.8757,"____Longitud":-6.8132,"__Prof___Km_":"11.0","______Inten_":"","________Mag_":"2.1","___Tipo_Mag_":4,"Localizaci_n":"NW CANDÍN.LE","unnamed":"León"}},{"type":"Feature","geometry":{"type":"Point","coordinates":[-6.7441,42.4041,0]},"properties":{"styleUrl":"#pointStyleMap","icon":"http://maps.google.com/mapfiles/kml/shapes/placemark_circle.png","______Evento":0,"_______Fecha":"29/12/2024","________Hora":"17:30:18","_____Latitud":42.4041,"____Longitud":-6.7441,"__Prof___Km_":"6.0","______Inten_":"","________Mag_":"2.1","___Tipo_Mag_":4,"Localizaci_n":"W BENUZA.LE","unnamed":"León"}},{"type":"Feature","geometry":{"type":"Point","coordinates":[-6.6957,42.3167,0]},"properties":{"styleUrl":"#pointStyleMap","icon":"http://maps.google.com/mapfiles/kml/shapes/placemark_circle.png","______Evento":0,"_______Fecha":"04/03/2025","________Hora":"12:01:28","_____Latitud":42.3167,"____Longitud":-6.6957,"__Prof___Km_":"0.0","______Inten_":"","________Mag_":"2.1","___Tipo_Mag_":4,"Localizaci_n":"S BENUZA.LE","unnamed":"León"}},{"type":"Feature","geometry":{"type":"Point","coordinates":[-6.6926,42.0371,0]},"properties":{"styleUrl":"#pointStyleMap","icon":"http://maps.google.com/mapfiles/kml/shapes/placemark_circle.png","______Evento":0,"_______Fecha":"06/05/2025","________Hora":"02:01:06","_____Latitud":42.0371,"____Longitud":-6.6926,"__Prof___Km_":"7.0","______Inten_":"","________Mag_":"2.1","___Tipo_Mag_":4,"Localizaci_n":"N PEDRALBA DE LA PRADERÍA.ZA","unnamed":"Zamora"}},{"type":"Feature","geometry":{"type":"Point","coordinates":[-1.9438,41.8086,0]},"properties":{"styleUrl":"#pointStyleMap","icon":"http://maps.google.com/mapfiles/kml/shapes/placemark_circle.png","______Evento":0,"_______Fecha":"03/11/2025","________Hora":"02:49:32","_____Latitud":41.8086,"____Longitud":-1.9438,"__Prof___Km_":"0.0","______Inten_":"","________Mag_":"2.1","___Tipo_Mag_":4,"Localizaci_n":"NE ÓLVEGA.SO","unnamed":"Soria"}},{"type":"Feature","geometry":{"type":"Point","coordinates":[-5.1661,43.0613,0]},"properties":{"styleUrl":"#pointStyleMap","icon":"http://maps.google.com/mapfiles/kml/shapes/placemark_circle.png","______Evento":0,"_______Fecha":"08/11/2025","________Hora":"00:56:31","_____Latitud":43.0613,"____Longitud":-5.1661,"__Prof___Km_":"8.0","______Inten_":"","________Mag_":"2.1","___Tipo_Mag_":4,"Localizaci_n":"NE MARAÑA.LE","unnamed":"León"}},{"type":"Feature","geometry":{"type":"Point","coordinates":[-6.7532,41.9819,0]},"properties":{"styleUrl":"#pointStyleMap","icon":"http://maps.google.com/mapfiles/kml/shapes/placemark_circle.png","______Evento":0,"_______Fecha":"17/02/2026","________Hora":"18:57:43","_____Latitud":41.9819,"____Longitud":-6.7532,"__Prof___Km_":"1.0","______Inten_":"","________Mag_":"2.1","___Tipo_Mag_":4,"Localizaci_n":"S REQUEJO.ZA","unnamed":"Zamora"}},{"type":"Feature","geometry":{"type":"Point","coordinates":[-3.2176,43.1507,0]},"properties":{"styleUrl":"#pointStyleMap","icon":"http://maps.google.com/mapfiles/kml/shapes/placemark_circle.png","______Evento":0,"_______Fecha":"01/08/2026","________Hora":"03:55:23","_____Latitud":43.1507,"____Longitud":-3.2176,"__Prof___Km_":"8.0","______Inten_":"","________Mag_":"2.1","___Tipo_Mag_":4,"Localizaci_n":"NE VALLE DE MENA.BU","unnamed":"Burgos"}},{"type":"Feature","geometry":{"type":"Point","coordinates":[-4.6677,42.9322,0]},"properties":{"styleUrl":"#pointStyleMap","icon":"http://maps.google.com/mapfiles/kml/shapes/placemark_circle.png","______Evento":343351,"_______Fecha":"13/08/2002","________Hora":"22:10:32","_____Latitud":42.9322,"____Longitud":-4.6677,"__Prof___Km_":"20.7","______Inten_":"","________Mag_":"2.0","___Tipo_Mag_":4,"Localizaci_n":"NE TRIOLLO.P","unnamed":"Palencia"}},{"type":"Feature","geometry":{"type":"Point","coordinates":[-6.448,41.9162,0]},"properties":{"styleUrl":"#pointStyleMap","icon":"http://maps.google.com/mapfiles/kml/shapes/placemark_circle.png","______Evento":346724,"_______Fecha":"07/09/2002","________Hora":"12:00:40","_____Latitud":41.9162,"____Longitud":-6.448,"__Prof___Km_":"10.6","______Inten_":"","________Mag_":"2.0","___Tipo_Mag_":4,"Localizaci_n":"N FIGUERUELA DE ARRIBA.ZA","unnamed":"Zamora"}},{"type":"Feature","geometry":{"type":"Point","coordinates":[-5.9968,41.5893,0]},"properties":{"styleUrl":"#pointStyleMap","icon":"http://maps.google.com/mapfiles/kml/shapes/placemark_circle.png","______Evento":362159,"_______Fecha":"27/01/2003","________Hora":"08:54:35","_____Latitud":41.5893,"____Longitud":-5.9968,"__Prof___Km_":"11.7","______Inten_":"","________Mag_":"2.0","___Tipo_Mag_":4,"Localizaci_n":"SE VIDEMALA.ZA","unnamed":"Zamora"}},{"type":"Feature","geometry":{"type":"Point","coordinates":[-6.0638,41.5926,0]},"properties":{"styleUrl":"#pointStyleMap","icon":"http://maps.google.com/mapfiles/kml/shapes/placemark_circle.png","______Evento":367983,"_______Fecha":"05/03/2003","________Hora":"19:29:51","_____Latitud":41.5926,"____Longitud":-6.0638,"__Prof___Km_":"9.9","______Inten_":"II","________Mag_":"2.0","___Tipo_Mag_":4,"Localizaci_n":"SW VIDEMALA.ZA","unnamed":"Zamora"}},{"type":"Feature","geometry":{"type":"Point","coordinates":[-5.9931,41.5887,0]},"properties":{"styleUrl":"#pointStyleMap","icon":"http://maps.google.com/mapfiles/kml/shapes/placemark_circle.png","______Evento":404015,"_______Fecha":"29/07/2003","________Hora":"07:27:37","_____Latitud":41.5887,"____Longitud":-5.9931,"__Prof___Km_":"7.1","______Inten_":"","________Mag_":"2.0","___Tipo_Mag_":4,"Localizaci_n":"SE VIDEMALA.ZA","unnamed":"Zamora"}},{"type":"Feature","geometry":{"type":"Point","coordinates":[-3.788,41.0361,0]},"properties":{"styleUrl":"#pointStyleMap","icon":"http://maps.google.com/mapfiles/kml/shapes/placemark_circle.png","______Evento":425974,"_______Fecha":"11/10/2003","________Hora":"08:16:21","_____Latitud":41.0361,"____Longitud":-3.788,"__Prof___Km_":"11.5","______Inten_":"II","________Mag_":"2.0","___Tipo_Mag_":4,"Localizaci_n":"SE CEGUILLA.SG","unnamed":"Segovia"}},{"type":"Feature","geometry":{"type":"Point","coordinates":[-5.9897,41.5887,0]},"properties":{"styleUrl":"#pointStyleMap","icon":"http://maps.google.com/mapfiles/kml/shapes/placemark_circle.png","______Evento":435811,"_______Fecha":"17/11/2003","________Hora":"05:28:18","_____Latitud":41.5887,"____Longitud":-5.9897,"__Prof___Km_":"0.0","______Inten_":"","________Mag_":"2.0","___Tipo_Mag_":4,"Localizaci_n":"SE VIDEMALA.ZA","unnamed":"Zamora"}},{"type":"Feature","geometry":{"type":"Point","coordinates":[-1.9591,41.8515,0]},"properties":{"styleUrl":"#pointStyleMap","icon":"http://maps.google.com/mapfiles/kml/shapes/placemark_circle.png","______Evento":463434,"_______Fecha":"03/03/2004","________Hora":"23:46:25","_____Latitud":41.8515,"____Longitud":-1.9591,"__Prof___Km_":"5.9","______Inten_":"","________Mag_":"2.0","___Tipo_Mag_":4,"Localizaci_n":"W ÁGREDA.SO","unnamed":"Soria"}},{"type":"Feature","geometry":{"type":"Point","coordinates":[-5.9877,41.5923,0]},"properties":{"styleUrl":"#pointStyleMap","icon":"http://maps.google.com/mapfiles/kml/shapes/placemark_circle.png","______Evento":485621,"_______Fecha":"18/05/2004","________Hora":"11:57:41","_____Latitud":41.5923,"____Longitud":-5.9877,"__Prof___Km_":"0.0","______Inten_":"","________Mag_":"2.0","___Tipo_Mag_":4,"Localizaci_n":"SE VIDEMALA.ZA","unnamed":"Zamora"}},{"type":"Feature","geometry":{"type":"Point","coordinates":[-3.5844,43.1427,0]},"properties":{"styleUrl":"#pointStyleMap","icon":"http://maps.google.com/mapfiles/kml/shapes/placemark_circle.png","______Evento":487255,"_______Fecha":"24/05/2004","________Hora":"06:20:58","_____Latitud":43.1427,"____Longitud":-3.5844,"__Prof___Km_":"0.0","______Inten_":"","________Mag_":"2.0","___Tipo_Mag_":4,"Localizaci_n":"NW ESPINOSA DE LOS MONTEROS.BU","unnamed":"Burgos"}},{"type":"Feature","geometry":{"type":"Point","coordinates":[-6.0399,41.5439,0]},"properties":{"styleUrl":"#pointStyleMap","icon":"http://maps.google.com/mapfiles/kml/shapes/placemark_circle.png","______Evento":664397,"_______Fecha":"03/06/2006","________Hora":"18:08:50","_____Latitud":41.5439,"____Longitud":-6.0399,"__Prof___Km_":"0.0","______Inten_":"","________Mag_":"2.0","___Tipo_Mag_":4,"Localizaci_n":"NE VILLALCAMPO.ZA","unnamed":"Zamora"}},{"type":"Feature","geometry":{"type":"Point","coordinates":[-5.6388,40.4471,0]},"properties":{"styleUrl":"#pointStyleMap","icon":"http://maps.google.com/mapfiles/kml/shapes/placemark_circle.png","______Evento":665627,"_______Fecha":"08/06/2006","________Hora":"19:06:28","_____Latitud":40.4471,"____Longitud":-5.6388,"__Prof___Km_":"11.3","______Inten_":"","________Mag_":"2.0","___Tipo_Mag_":4,"Localizaci_n":"NW MEDINILLA.AV","unnamed":"Ávila"}},{"type":"Feature","geometry":{"type":"Point","coordinates":[-5.2575,41.0179,0]},"properties":{"styleUrl":"#pointStyleMap","icon":"http://maps.google.com/mapfiles/kml/shapes/placemark_circle.png","______Evento":712766,"_______Fecha":"30/12/2006","________Hora":"20:55:21","_____Latitud":41.0179,"____Longitud":-5.2575,"__Prof___Km_":"0.0","______Inten_":"","________Mag_":"2.0","___Tipo_Mag_":4,"Localizaci_n":"S POVEDA DE LAS CINTAS.SA","unnamed":"Salamanca"}},{"type":"Feature","geometry":{"type":"Point","coordinates":[-6.7784,42.4236,0]},"properties":{"styleUrl":"#pointStyleMap","icon":"http://maps.google.com/mapfiles/kml/shapes/placemark_circle.png","______Evento":817166,"_______Fecha":"16/01/2008","________Hora":"21:52:15","_____Latitud":42.4236,"____Longitud":-6.7784,"__Prof___Km_":"12.3","______Inten_":"","________Mag_":"2.0","___Tipo_Mag_":4,"Localizaci_n":"NE PUENTE DE DOMINGO FLÓREZ.LE","unnamed":"León"}},{"type":"Feature","geometry":{"type":"Point","coordinates":[-6.7839,42.1243,0]},"properties":{"styleUrl":"#pointStyleMap","icon":"http://maps.google.com/mapfiles/kml/shapes/placemark_circle.png","______Evento":854259,"_______Fecha":"06/07/2008","________Hora":"08:20:19","_____Latitud":42.1243,"____Longitud":-6.7839,"__Prof___Km_":"11.1","______Inten_":"","________Mag_":"2.0","___Tipo_Mag_":4,"Localizaci_n":"NW COBREROS.ZA","unnamed":"Zamora"}},{"type":"Feature","geometry":{"type":"Point","coordinates":[-3.8145,42.5305,0]},"properties":{"styleUrl":"#pointStyleMap","icon":"http://maps.google.com/mapfiles/kml/shapes/placemark_circle.png","______Evento":867981,"_______Fecha":"13/09/2008","________Hora":"22:32:55","_____Latitud":42.5305,"____Longitud":-3.8145,"__Prof___Km_":"21.0","______Inten_":"","________Mag_":"2.0","___Tipo_Mag_":4,"Localizaci_n":"W HUÉRMECES.BU","unnamed":"Burgos"}},{"type":"Feature","geometry":{"type":"Point","coordinates":[-2.2472,41.746,0]},"properties":{"styleUrl":"#pointStyleMap","icon":"http://maps.google.com/mapfiles/kml/shapes/placemark_circle.png","______Evento":870438,"_______Fecha":"24/09/2008","________Hora":"21:09:25","_____Latitud":41.746,"____Longitud":-2.2472,"__Prof___Km_":"14.0","______Inten_":"","________Mag_":"2.0","___Tipo_Mag_":4,"Localizaci_n":"SW ALDEALPOZO.SO","unnamed":"Soria"}},{"type":"Feature","geometry":{"type":"Point","coordinates":[-6.8606,42.7177,0]},"properties":{"styleUrl":"#pointStyleMap","icon":"http://maps.google.com/mapfiles/kml/shapes/placemark_circle.png","______Evento":977859,"_______Fecha":"21/03/2010","________Hora":"22:21:07","_____Latitud":42.7177,"____Longitud":-6.8606,"__Prof___Km_":"15.4","______Inten_":"","________Mag_":"2.0","___Tipo_Mag_":4,"Localizaci_n":"E BALBOA.LE","unnamed":"León"}},{"type":"Feature","geometry":{"type":"Point","coordinates":[-6.8256,42.0591,0]},"properties":{"styleUrl":"#pointStyleMap","icon":"http://maps.google.com/mapfiles/kml/shapes/placemark_circle.png","______Evento":995270,"_______Fecha":"10/06/2010","________Hora":"21:58:26","_____Latitud":42.0591,"____Longitud":-6.8256,"__Prof___Km_":"10.8","______Inten_":"","________Mag_":"2.0","___Tipo_Mag_":4,"Localizaci_n":"NE LUBIÁN.ZA","unnamed":"Zamora"}},{"type":"Feature","geometry":{"type":"Point","coordinates":[-5.0465,42.9547,0]},"properties":{"styleUrl":"#pointStyleMap","icon":"http://maps.google.com/mapfiles/kml/shapes/placemark_circle.png","______Evento":1018705,"_______Fecha":"18/09/2010","________Hora":"00:26:38","_____Latitud":42.9547,"____Longitud":-5.0465,"__Prof___Km_":"0.0","______Inten_":"","________Mag_":"2.0","___Tipo_Mag_":4,"Localizaci_n":"SW RIAÑO.LE","unnamed":"León"}},{"type":"Feature","geometry":{"type":"Point","coordinates":[-6.6647,42.0456,0]},"properties":{"styleUrl":"#pointStyleMap","icon":"http://maps.google.com/mapfiles/kml/shapes/placemark_circle.png","______Evento":1135847,"_______Fecha":"30/03/2012","________Hora":"11:16:12","_____Latitud":42.0456,"____Longitud":-6.6647,"__Prof___Km_":"0.0","______Inten_":"","________Mag_":"2.0","___Tipo_Mag_":4,"Localizaci_n":"SW PUEBLA DE SANABRIA.ZA","unnamed":"Zamora"}},{"type":"Feature","geometry":{"type":"Point","coordinates":[-3.8769,41.0451,0]},"properties":{"styleUrl":"#pointStyleMap","icon":"http://maps.google.com/mapfiles/kml/shapes/placemark_circle.png","______Evento":1209336,"_______Fecha":"30/04/2013","________Hora":"03:48:57","_____Latitud":41.0451,"____Longitud":-3.8769,"__Prof___Km_":"11.0","______Inten_":"","________Mag_":"2.0","___Tipo_Mag_":4,"Localizaci_n":"SW TORRE VAL DE SAN PEDRO.SG","unnamed":"Segovia"}},{"type":"Feature","geometry":{"type":"Point","coordinates":[-6.5238,42.3902,0]},"properties":{"styleUrl":"#pointStyleMap","icon":"http://maps.google.com/mapfiles/kml/shapes/placemark_circle.png","______Evento":1274511,"_______Fecha":"11/05/2014","________Hora":"22:41:02","_____Latitud":42.3902,"____Longitud":-6.5238,"__Prof___Km_":"16.0","______Inten_":"","________Mag_":"2.0","___Tipo_Mag_":4,"Localizaci_n":"NE CASTRILLO DE CABRERA.LE","unnamed":"León"}},{"type":"Feature","geometry":{"type":"Point","coordinates":[-6.1711,42.5575,0]},"properties":{"styleUrl":"#pointStyleMap","icon":"http://maps.google.com/mapfiles/kml/shapes/placemark_circle.png","______Evento":1296296,"_______Fecha":"19/09/2014","________Hora":"00:23:51","_____Latitud":42.5575,"____Longitud":-6.1711,"__Prof___Km_":"20.0","______Inten_":"","________Mag_":"2.0","___Tipo_Mag_":4,"Localizaci_n":"N BRAZUELO.LE","unnamed":"León"}},{"type":"Feature","geometry":{"type":"Point","coordinates":[-6.2849,42.261,0]},"properties":{"styleUrl":"#pointStyleMap","icon":"http://maps.google.com/mapfiles/kml/shapes/placemark_circle.png","______Evento":1334965,"_______Fecha":"20/06/2015","________Hora":"05:22:47","_____Latitud":42.261,"____Longitud":-6.2849,"__Prof___Km_":"6.0","______Inten_":"","________Mag_":"2.0","___Tipo_Mag_":4,"Localizaci_n":"NW CASTROCONTRIGO.LE","unnamed":"León"}},{"type":"Feature","geometry":{"type":"Point","coordinates":[-2.2569,41.6337,0]},"properties":{"styleUrl":"#pointStyleMap","icon":"http://maps.google.com/mapfiles/kml/shapes/placemark_circle.png","______Evento":1343818,"_______Fecha":"10/09/2015","________Hora":"02:42:31","_____Latitud":41.6337,"____Longitud":-2.2569,"__Prof___Km_":"3.0","______Inten_":"","________Mag_":"2.0","___Tipo_Mag_":4,"Localizaci_n":"SW ALIUD.SO","unnamed":"Soria"}},{"type":"Feature","geometry":{"type":"Point","coordinates":[-6.7986,42.5065,0]},"properties":{"styleUrl":"#pointStyleMap","icon":"http://maps.google.com/mapfiles/kml/shapes/placemark_circle.png","______Evento":0,"_______Fecha":"18/10/2016","________Hora":"13:09:38","_____Latitud":42.5065,"____Longitud":-6.7986,"__Prof___Km_":"0.0","______Inten_":"","________Mag_":"2.0","___Tipo_Mag_":4,"Localizaci_n":"NW CARUCEDO.LE","unnamed":"León"}},{"type":"Feature","geometry":{"type":"Point","coordinates":[-6.2323,42.4031,0]},"properties":{"styleUrl":"#pointStyleMap","icon":"http://maps.google.com/mapfiles/kml/shapes/placemark_circle.png","______Evento":0,"_______Fecha":"03/06/2017","________Hora":"18:23:20","_____Latitud":42.4031,"____Longitud":-6.2323,"__Prof___Km_":"0.0","______Inten_":"","________Mag_":"2.0","___Tipo_Mag_":4,"Localizaci_n":"N LUYEGO DE SOMOZA.LE","unnamed":"León"}},{"type":"Feature","geometry":{"type":"Point","coordinates":[-2.2046,41.5917,0]},"properties":{"styleUrl":"#pointStyleMap","icon":"http://maps.google.com/mapfiles/kml/shapes/placemark_circle.png","______Evento":0,"_______Fecha":"29/07/2017","________Hora":"15:40:05","_____Latitud":41.5917,"____Longitud":-2.2046,"__Prof___Km_":"11.0","______Inten_":"","________Mag_":"2.0","___Tipo_Mag_":4,"Localizaci_n":"SE GÓMARA.SO","unnamed":"Soria"}},{"type":"Feature","geometry":{"type":"Point","coordinates":[-6.2527,41.9723,0]},"properties":{"styleUrl":"#pointStyleMap","icon":"http://maps.google.com/mapfiles/kml/shapes/placemark_circle.png","______Evento":0,"_______Fecha":"17/05/2018","________Hora":"12:58:19","_____Latitud":41.9723,"____Longitud":-6.2527,"__Prof___Km_":"12.0","______Inten_":"","________Mag_":"2.0","___Tipo_Mag_":4,"Localizaci_n":"NE VILLARDECIERVOS.ZA","unnamed":"Zamora"}},{"type":"Feature","geometry":{"type":"Point","coordinates":[-3.3815,43.1389,0]},"properties":{"styleUrl":"#pointStyleMap","icon":"http://maps.google.com/mapfiles/kml/shapes/placemark_circle.png","______Evento":0,"_______Fecha":"21/10/2018","________Hora":"04:43:43","_____Latitud":43.1389,"____Longitud":-3.3815,"__Prof___Km_":"11.0","______Inten_":"","________Mag_":"2.0","___Tipo_Mag_":4,"Localizaci_n":"NW VILLASANA DE MENA.BU","unnamed":"Burgos"}},{"type":"Feature","geometry":{"type":"Point","coordinates":[-3.0679,41.6488,0]},"properties":{"styleUrl":"#pointStyleMap","icon":"http://maps.google.com/mapfiles/kml/shapes/placemark_circle.png","______Evento":0,"_______Fecha":"09/03/2020","________Hora":"19:24:08","_____Latitud":41.6488,"____Longitud":-3.0679,"__Prof___Km_":"3.0","______Inten_":"","________Mag_":"2.0","___Tipo_Mag_":4,"Localizaci_n":"SW VALDEMALUQUE.SO","unnamed":"Soria"}},{"type":"Feature","geometry":{"type":"Point","coordinates":[-6.3077,42.5472,0]},"properties":{"styleUrl":"#pointStyleMap","icon":"http://maps.google.com/mapfiles/kml/shapes/placemark_circle.png","______Evento":0,"_______Fecha":"20/08/2020","________Hora":"22:59:23","_____Latitud":42.5472,"____Longitud":-6.3077,"__Prof___Km_":"0.0","______Inten_":"","________Mag_":"2.0","___Tipo_Mag_":4,"Localizaci_n":"SE TORRE DEL BIERZO.LE","unnamed":"León"}},{"type":"Feature","geometry":{"type":"Point","coordinates":[-6.6074,41.0571,0]},"properties":{"styleUrl":"#pointStyleMap","icon":"http://maps.google.com/mapfiles/kml/shapes/placemark_circle.png","______Evento":0,"_______Fecha":"09/12/2020","________Hora":"14:15:12","_____Latitud":41.0571,"____Longitud":-6.6074,"__Prof___Km_":"2.0","______Inten_":"","________Mag_":"2.0","___Tipo_Mag_":4,"Localizaci_n":"SW VILLASBUENAS.SA","unnamed":"Salamanca"}},{"type":"Feature","geometry":{"type":"Point","coordinates":[-4.5045,40.6244,0]},"properties":{"styleUrl":"#pointStyleMap","icon":"http://maps.google.com/mapfiles/kml/shapes/placemark_circle.png","______Evento":0,"_______Fecha":"18/06/2021","________Hora":"12:01:20","_____Latitud":40.6244,"____Longitud":-4.5045,"__Prof___Km_":"6.0","______Inten_":"","________Mag_":"2.0","___Tipo_Mag_":4,"Localizaci_n":"NE HERRADÓN DE PINARES.AV","unnamed":"Ávila"}},{"type":"Feature","geometry":{"type":"Point","coordinates":[-2.3574,41.7112,0]},"properties":{"styleUrl":"#pointStyleMap","icon":"http://maps.google.com/mapfiles/kml/shapes/placemark_circle.png","______Evento":0,"_______Fecha":"09/07/2021","________Hora":"19:30:45","_____Latitud":41.7112,"____Longitud":-2.3574,"__Prof___Km_":"3.0","______Inten_":"","________Mag_":"2.0","___Tipo_Mag_":4,"Localizaci_n":"SE ALCONABA.SO","unnamed":"Soria"}},{"type":"Feature","geometry":{"type":"Point","coordinates":[-2.2551,42.0845,0]},"properties":{"styleUrl":"#pointStyleMap","icon":"http://maps.google.com/mapfiles/kml/shapes/placemark_circle.png","______Evento":0,"_______Fecha":"04/08/2021","________Hora":"02:27:01","_____Latitud":42.0845,"____Longitud":-2.2551,"__Prof___Km_":"0.0","______Inten_":"","________Mag_":"2.0","___Tipo_Mag_":4,"Localizaci_n":"NW SAN PEDRO MANRIQUE.SO","unnamed":"Soria"}},{"type":"Feature","geometry":{"type":"Point","coordinates":[-6.6646,42.19,0]},"properties":{"styleUrl":"#pointStyleMap","icon":"http://maps.google.com/mapfiles/kml/shapes/placemark_circle.png","______Evento":0,"_______Fecha":"31/08/2021","________Hora":"01:24:15","_____Latitud":42.19,"____Longitud":-6.6646,"__Prof___Km_":"7.0","______Inten_":"","________Mag_":"2.0","___Tipo_Mag_":4,"Localizaci_n":"NW SAN JUSTO.ZA","unnamed":"Zamora"}},{"type":"Feature","geometry":{"type":"Point","coordinates":[-6.7021,42.1808,0]},"properties":{"styleUrl":"#pointStyleMap","icon":"http://maps.google.com/mapfiles/kml/shapes/placemark_circle.png","______Evento":0,"_______Fecha":"11/09/2021","________Hora":"15:33:44","_____Latitud":42.1808,"____Longitud":-6.7021,"__Prof___Km_":"8.0","______Inten_":"","________Mag_":"2.0","___Tipo_Mag_":4,"Localizaci_n":"NW TREFACIO.ZA","unnamed":"Zamora"}},{"type":"Feature","geometry":{"type":"Point","coordinates":[-5.8717,40.8871,0]},"properties":{"styleUrl":"#pointStyleMap","icon":"http://maps.google.com/mapfiles/kml/shapes/placemark_circle.png","______Evento":0,"_______Fecha":"14/04/2022","________Hora":"19:41:24","_____Latitud":40.8871,"____Longitud":-5.8717,"__Prof___Km_":"6.0","______Inten_":"","________Mag_":"2.0","___Tipo_Mag_":4,"Localizaci_n":"SE CALZADA DE DON DIEGO.SA","unnamed":"Salamanca"}},{"type":"Feature","geometry":{"type":"Point","coordinates":[-6.5892,42.6162,0]},"properties":{"styleUrl":"#pointStyleMap","icon":"http://maps.google.com/mapfiles/kml/shapes/placemark_circle.png","______Evento":0,"_______Fecha":"31/07/2022","________Hora":"20:30:52","_____Latitud":42.6162,"____Longitud":-6.5892,"__Prof___Km_":"23.0","______Inten_":"","________Mag_":"2.0","___Tipo_Mag_":4,"Localizaci_n":"SW CUBILLOS DEL SIL.LE","unnamed":"León"}},{"type":"Feature","geometry":{"type":"Point","coordinates":[-6.7956,42.5339,0]},"properties":{"styleUrl":"#pointStyleMap","icon":"http://maps.google.com/mapfiles/kml/shapes/placemark_circle.png","______Evento":0,"_______Fecha":"03/01/2023","________Hora":"21:20:24","_____Latitud":42.5339,"____Longitud":-6.7956,"__Prof___Km_":"5.0","______Inten_":"","________Mag_":"2.0","___Tipo_Mag_":4,"Localizaci_n":"SW TORAL DE LOS VADOS.LE","unnamed":"León"}},{"type":"Feature","geometry":{"type":"Point","coordinates":[-6.6572,42.2589,0]},"properties":{"styleUrl":"#pointStyleMap","icon":"http://maps.google.com/mapfiles/kml/shapes/placemark_circle.png","______Evento":0,"_______Fecha":"03/05/2023","________Hora":"00:00:58","_____Latitud":42.2589,"____Longitud":-6.6572,"__Prof___Km_":"26.0","______Inten_":"","________Mag_":"2.0","___Tipo_Mag_":4,"Localizaci_n":"W ENCINEDO.LE","unnamed":"León"}},{"type":"Feature","geometry":{"type":"Point","coordinates":[-5.086,42.9434,0]},"properties":{"styleUrl":"#pointStyleMap","icon":"http://maps.google.com/mapfiles/kml/shapes/placemark_circle.png","______Evento":0,"_______Fecha":"05/06/2023","________Hora":"03:47:40","_____Latitud":42.9434,"____Longitud":-5.086,"__Prof___Km_":"0.0","______Inten_":"","________Mag_":"2.0","___Tipo_Mag_":4,"Localizaci_n":"NE CRÉMENES.LE","unnamed":"León"}},{"type":"Feature","geometry":{"type":"Point","coordinates":[-5.9646,41.5155,0]},"properties":{"styleUrl":"#pointStyleMap","icon":"http://maps.google.com/mapfiles/kml/shapes/placemark_circle.png","______Evento":0,"_______Fecha":"12/10/2023","________Hora":"16:55:18","_____Latitud":41.5155,"____Longitud":-5.9646,"__Prof___Km_":"0.0","______Inten_":"I-II","________Mag_":"2.0","___Tipo_Mag_":4,"Localizaci_n":"SE MUELAS DEL PAN.ZA","unnamed":"Zamora"}},{"type":"Feature","geometry":{"type":"Point","coordinates":[-6.7116,42.2658,0]},"properties":{"styleUrl":"#pointStyleMap","icon":"http://maps.google.com/mapfiles/kml/shapes/placemark_circle.png","______Evento":0,"_______Fecha":"21/10/2023","________Hora":"23:29:15","_____Latitud":42.2658,"____Longitud":-6.7116,"__Prof___Km_":"21.0","______Inten_":"","________Mag_":"2.0","___Tipo_Mag_":4,"Localizaci_n":"W ENCINEDO.LE","unnamed":"León"}},{"type":"Feature","geometry":{"type":"Point","coordinates":[-4.9451,42.9506,0]},"properties":{"styleUrl":"#pointStyleMap","icon":"http://maps.google.com/mapfiles/kml/shapes/placemark_circle.png","______Evento":0,"_______Fecha":"25/03/2024","________Hora":"04:31:12","_____Latitud":42.9506,"____Longitud":-4.9451,"__Prof___Km_":"4.0","______Inten_":"","________Mag_":"2.0","___Tipo_Mag_":4,"Localizaci_n":"SW BOCA DE HUÉRGANO.LE","unnamed":"León"}},{"type":"Feature","geometry":{"type":"Point","coordinates":[-6.7816,42.1228,0]},"properties":{"styleUrl":"#pointStyleMap","icon":"http://maps.google.com/mapfiles/kml/shapes/placemark_circle.png","______Evento":0,"_______Fecha":"01/09/2024","________Hora":"19:23:45","_____Latitud":42.1228,"____Longitud":-6.7816,"__Prof___Km_":"7.0","______Inten_":"","________Mag_":"2.0","___Tipo_Mag_":4,"Localizaci_n":"NW COBREROS.ZA","unnamed":"Zamora"}},{"type":"Feature","geometry":{"type":"Point","coordinates":[-6.6769,42.3044,0]},"properties":{"styleUrl":"#pointStyleMap","icon":"http://maps.google.com/mapfiles/kml/shapes/placemark_circle.png","______Evento":0,"_______Fecha":"28/02/2025","________Hora":"14:40:00","_____Latitud":42.3044,"____Longitud":-6.6769,"__Prof___Km_":"0.0","______Inten_":"","________Mag_":"2.0","___Tipo_Mag_":4,"Localizaci_n":"NW ENCINEDO.LE","unnamed":"León"}},{"type":"Feature","geometry":{"type":"Point","coordinates":[-2.3065,42.0326,0]},"properties":{"styleUrl":"#pointStyleMap","icon":"http://maps.google.com/mapfiles/kml/shapes/placemark_circle.png","______Evento":0,"_______Fecha":"01/03/2025","________Hora":"02:06:25","_____Latitud":42.0326,"____Longitud":-2.3065,"__Prof___Km_":"0.0","______Inten_":"","________Mag_":"2.0","___Tipo_Mag_":4,"Localizaci_n":"SE VILLAR DEL RÍO.SO","unnamed":"Soria"}},{"type":"Feature","geometry":{"type":"Point","coordinates":[-6.6957,42.2977,0]},"properties":{"styleUrl":"#pointStyleMap","icon":"http://maps.google.com/mapfiles/kml/shapes/placemark_circle.png","______Evento":0,"_______Fecha":"01/03/2025","________Hora":"06:25:03","_____Latitud":42.2977,"____Longitud":-6.6957,"__Prof___Km_":"18.0","______Inten_":"","________Mag_":"2.0","___Tipo_Mag_":4,"Localizaci_n":"W ENCINEDO.LE","unnamed":"León"}},{"type":"Feature","geometry":{"type":"Point","coordinates":[-6.0058,41.5465,0]},"properties":{"styleUrl":"#pointStyleMap","icon":"http://maps.google.com/mapfiles/kml/shapes/placemark_circle.png","______Evento":0,"_______Fecha":"12/03/2025","________Hora":"18:24:33","_____Latitud":41.5465,"____Longitud":-6.0058,"__Prof___Km_":"0.0","______Inten_":"II","________Mag_":"2.0","___Tipo_Mag_":4,"Localizaci_n":"NW MUELAS DEL PAN.ZA","unnamed":"Zamora"}},{"type":"Feature","geometry":{"type":"Point","coordinates":[-3.7168,42.8673,0]},"properties":{"styleUrl":"#pointStyleMap","icon":"http://maps.google.com/mapfiles/kml/shapes/placemark_circle.png","______Evento":0,"_______Fecha":"11/04/2025","________Hora":"21:28:59","_____Latitud":42.8673,"____Longitud":-3.7168,"__Prof___Km_":"1.0","______Inten_":"","________Mag_":"2.0","___Tipo_Mag_":4,"Localizaci_n":"NE VALLE DE ZAMANZAS.BU","unnamed":"Burgos"}},{"type":"Feature","geometry":{"type":"Point","coordinates":[-6.9008,42.5497,0]},"properties":{"styleUrl":"#pointStyleMap","icon":"http://maps.google.com/mapfiles/kml/shapes/placemark_circle.png","______Evento":0,"_______Fecha":"23/08/2025","________Hora":"15:16:51","_____Latitud":42.5497,"____Longitud":-6.9008,"__Prof___Km_":"0.0","______Inten_":"","________Mag_":"2.0","___Tipo_Mag_":4,"Localizaci_n":"NW SOBRADO.LE","unnamed":"León"}},{"type":"Feature","geometry":{"type":"Point","coordinates":[-6.826,41.9606,0]},"properties":{"styleUrl":"#pointStyleMap","icon":"http://maps.google.com/mapfiles/kml/shapes/placemark_circle.png","______Evento":0,"_______Fecha":"30/08/2025","________Hora":"02:28:28","_____Latitud":41.9606,"____Longitud":-6.826,"__Prof___Km_":"5.0","______Inten_":"","________Mag_":"2.0","___Tipo_Mag_":4,"Localizaci_n":"E HERMISENDE.ZA","unnamed":"Zamora"}},{"type":"Feature","geometry":{"type":"Point","coordinates":[-5.456,41.0248,0]},"properties":{"styleUrl":"#pointStyleMap","icon":"http://maps.google.com/mapfiles/kml/shapes/placemark_circle.png","______Evento":0,"_______Fecha":"28/09/2025","________Hora":"10:43:02","_____Latitud":41.0248,"____Longitud":-5.456,"__Prof___Km_":"0.0","______Inten_":"","________Mag_":"2.0","___Tipo_Mag_":4,"Localizaci_n":"SE CABEZABELLOSA DE LA CALZADA SA","unnamed":"Salamanca"}},{"type":"Feature","geometry":{"type":"Point","coordinates":[-6.4763,41.8155,0]},"properties":{"styleUrl":"#pointStyleMap","icon":"http://maps.google.com/mapfiles/kml/shapes/placemark_circle.png","______Evento":0,"_______Fecha":"19/12/2025","________Hora":"20:38:03","_____Latitud":41.8155,"____Longitud":-6.4763,"__Prof___Km_":"0.0","______Inten_":"","________Mag_":"2.0","___Tipo_Mag_":4,"Localizaci_n":"N VIÑAS.ZA","unnamed":"Zamora"}},{"type":"Feature","geometry":{"type":"Point","coordinates":[-6.0605,42.2461,0]},"properties":{"styleUrl":"#pointStyleMap","icon":"http://maps.google.com/mapfiles/kml/shapes/placemark_circle.png","______Evento":0,"_______Fecha":"25/04/2026","________Hora":"09:21:57","_____Latitud":42.2461,"____Longitud":-6.0605,"__Prof___Km_":"1.0","______Inten_":"","________Mag_":"2.0","___Tipo_Mag_":4,"Localizaci_n":"SW QUINTANA Y CONGOSTO.LE","unnamed":"León"}},{"type":"Feature","geometry":{"type":"Point","coordinates":[-6.9085,42.5879,0]},"properties":{"styleUrl":"#pointStyleMap","icon":"http://maps.google.com/mapfiles/kml/shapes/placemark_circle.png","______Evento":0,"_______Fecha":"29/07/2026","________Hora":"02:57:52","_____Latitud":42.5879,"____Longitud":-6.9085,"__Prof___Km_":"8.0","______Inten_":"","________Mag_":"2.0","___Tipo_Mag_":4,"Localizaci_n":"SE BARJAS.LE","unnamed":"León"}},{"type":"Feature","geometry":{"type":"Point","coordinates":[-3.6094,43.0288,0]},"properties":{"styleUrl":"#pointStyleMap","icon":"http://maps.google.com/mapfiles/kml/shapes/placemark_circle.png","______Evento":201461,"_______Fecha":"21/04/2000","________Hora":"00:19:25","_____Latitud":43.0288,"____Longitud":-3.6094,"__Prof___Km_":"0.0","______Inten_":"","________Mag_":"1.9","___Tipo_Mag_":2,"Localizaci_n":"E CORNEJO.BU","unnamed":"Burgos"}},{"type":"Feature","geometry":{"type":"Point","coordinates":[-6.4152,42.6579,0]},"properties":{"styleUrl":"#pointStyleMap","icon":"http://maps.google.com/mapfiles/kml/shapes/placemark_circle.png","______Evento":317832,"_______Fecha":"09/03/2002","________Hora":"01:19:46","_____Latitud":42.6579,"____Longitud":-6.4152,"__Prof___Km_":"16.0","______Inten_":"","________Mag_":"1.9","___Tipo_Mag_":4,"Localizaci_n":"N BEMBIBRE.LE","unnamed":"León"}},{"type":"Feature","geometry":{"type":"Point","coordinates":[-3.0194,42.6517,0]},"properties":{"styleUrl":"#pointStyleMap","icon":"http://maps.google.com/mapfiles/kml/shapes/placemark_circle.png","______Evento":323560,"_______Fecha":"03/04/2002","________Hora":"19:15:42","_____Latitud":42.6517,"____Longitud":-3.0194,"__Prof___Km_":"14.9","______Inten_":"","________Mag_":"1.9","___Tipo_Mag_":4,"Localizaci_n":"W BUGEDO.BU","unnamed":"Burgos"}},{"type":"Feature","geometry":{"type":"Point","coordinates":[-4.9712,42.919,0]},"properties":{"styleUrl":"#pointStyleMap","icon":"http://maps.google.com/mapfiles/kml/shapes/placemark_circle.png","______Evento":343573,"_______Fecha":"15/08/2002","________Hora":"05:07:58","_____Latitud":42.919,"____Longitud":-4.9712,"__Prof___Km_":"8.0","______Inten_":"","________Mag_":"1.9","___Tipo_Mag_":4,"Localizaci_n":"NW PRIORO.LE","unnamed":"León"}},{"type":"Feature","geometry":{"type":"Point","coordinates":[-5.9669,41.5921,0]},"properties":{"styleUrl":"#pointStyleMap","icon":"http://maps.google.com/mapfiles/kml/shapes/placemark_circle.png","______Evento":360901,"_______Fecha":"13/01/2003","________Hora":"00:29:11","_____Latitud":41.5921,"____Longitud":-5.9669,"__Prof___Km_":"0.0","______Inten_":"","________Mag_":"1.9","___Tipo_Mag_":4,"Localizaci_n":"W ALMENDRA.ZA","unnamed":"Zamora"}},{"type":"Feature","geometry":{"type":"Point","coordinates":[-6.0153,41.5589,0]},"properties":{"styleUrl":"#pointStyleMap","icon":"http://maps.google.com/mapfiles/kml/shapes/placemark_circle.png","______Evento":361563,"_______Fecha":"18/01/2003","________Hora":"16:26:41","_____Latitud":41.5589,"____Longitud":-6.0153,"__Prof___Km_":"11.2","______Inten_":"","________Mag_":"1.9","___Tipo_Mag_":4,"Localizaci_n":"NE VILLALCAMPO.ZA","unnamed":"Zamora"}},{"type":"Feature","geometry":{"type":"Point","coordinates":[-6.0162,41.5673,0]},"properties":{"styleUrl":"#pointStyleMap","icon":"http://maps.google.com/mapfiles/kml/shapes/placemark_circle.png","______Evento":362091,"_______Fecha":"25/01/2003","________Hora":"12:54:25","_____Latitud":41.5673,"____Longitud":-6.0162,"__Prof___Km_":"10.7","______Inten_":"II","________Mag_":"1.9","___Tipo_Mag_":4,"Localizaci_n":"NE VILLALCAMPO.ZA","unnamed":"Zamora"}},{"type":"Feature","geometry":{"type":"Point","coordinates":[-5.9809,41.5722,0]},"properties":{"styleUrl":"#pointStyleMap","icon":"http://maps.google.com/mapfiles/kml/shapes/placemark_circle.png","______Evento":362103,"_______Fecha":"26/01/2003","________Hora":"17:57:33","_____Latitud":41.5722,"____Longitud":-5.9809,"__Prof___Km_":"4.0","______Inten_":"","________Mag_":"1.9","___Tipo_Mag_":4,"Localizaci_n":"NW MUELAS DEL PAN.ZA","unnamed":"Zamora"}},{"type":"Feature","geometry":{"type":"Point","coordinates":[-5.9614,41.6083,0]},"properties":{"styleUrl":"#pointStyleMap","icon":"http://maps.google.com/mapfiles/kml/shapes/placemark_circle.png","______Evento":363483,"_______Fecha":"07/02/2003","________Hora":"23:28:00","_____Latitud":41.6083,"____Longitud":-5.9614,"__Prof___Km_":"6.9","______Inten_":"","________Mag_":"1.9","___Tipo_Mag_":4,"Localizaci_n":"SW MANZANAL DEL BARCO.ZA","unnamed":"Zamora"}},{"type":"Feature","geometry":{"type":"Point","coordinates":[-6.1047,41.6221,0]},"properties":{"styleUrl":"#pointStyleMap","icon":"http://maps.google.com/mapfiles/kml/shapes/placemark_circle.png","______Evento":366593,"_______Fecha":"24/02/2003","________Hora":"21:48:46","_____Latitud":41.6221,"____Longitud":-6.1047,"__Prof___Km_":"0.0","______Inten_":"","________Mag_":"1.9","___Tipo_Mag_":4,"Localizaci_n":"SE FONFRÍA.ZA","unnamed":"Zamora"}},{"type":"Feature","geometry":{"type":"Point","coordinates":[-5.9888,41.5762,0]},"properties":{"styleUrl":"#pointStyleMap","icon":"http://maps.google.com/mapfiles/kml/shapes/placemark_circle.png","______Evento":430600,"_______Fecha":"31/10/2003","________Hora":"02:16:30","_____Latitud":41.5762,"____Longitud":-5.9888,"__Prof___Km_":"0.0","______Inten_":"II","________Mag_":"1.9","___Tipo_Mag_":4,"Localizaci_n":"SE VIDEMALA.ZA","unnamed":"Zamora"}},{"type":"Feature","geometry":{"type":"Point","coordinates":[-5.9804,41.5512,0]},"properties":{"styleUrl":"#pointStyleMap","icon":"http://maps.google.com/mapfiles/kml/shapes/placemark_circle.png","______Evento":430623,"_______Fecha":"31/10/2003","________Hora":"04:46:37","_____Latitud":41.5512,"____Longitud":-5.9804,"__Prof___Km_":"10.4","______Inten_":"","________Mag_":"1.9","___Tipo_Mag_":4,"Localizaci_n":"NW MUELAS DEL PAN.ZA","unnamed":"Zamora"}},{"type":"Feature","geometry":{"type":"Point","coordinates":[-1.9573,41.8591,0]},"properties":{"styleUrl":"#pointStyleMap","icon":"http://maps.google.com/mapfiles/kml/shapes/placemark_circle.png","______Evento":463395,"_______Fecha":"03/03/2004","________Hora":"23:30:00","_____Latitud":41.8591,"____Longitud":-1.9573,"__Prof___Km_":"2.4","______Inten_":"","________Mag_":"1.9","___Tipo_Mag_":4,"Localizaci_n":"W ÁGREDA.SO","unnamed":"Soria"}},{"type":"Feature","geometry":{"type":"Point","coordinates":[-5.9585,41.5728,0]},"properties":{"styleUrl":"#pointStyleMap","icon":"http://maps.google.com/mapfiles/kml/shapes/placemark_circle.png","______Evento":491363,"_______Fecha":"12/01/2003","________Hora":"16:45:53","_____Latitud":41.5728,"____Longitud":-5.9585,"__Prof___Km_":"0.0","______Inten_":"","________Mag_":"1.9","___Tipo_Mag_":4,"Localizaci_n":"SW ALMENDRA.ZA","unnamed":"Zamora"}},{"type":"Feature","geometry":{"type":"Point","coordinates":[-4.8145,42.9975,0]},"properties":{"styleUrl":"#pointStyleMap","icon":"http://maps.google.com/mapfiles/kml/shapes/placemark_circle.png","______Evento":511279,"_______Fecha":"19/09/2004","________Hora":"14:29:53","_____Latitud":42.9975,"____Longitud":-4.8145,"__Prof___Km_":"0.0","______Inten_":"","________Mag_":"1.9","___Tipo_Mag_":4,"Localizaci_n":"E BOCA DE HUÉRGANO.LE","unnamed":"León"}},{"type":"Feature","geometry":{"type":"Point","coordinates":[-6.0962,42.1931,0]},"properties":{"styleUrl":"#pointStyleMap","icon":"http://maps.google.com/mapfiles/kml/shapes/placemark_circle.png","______Evento":594568,"_______Fecha":"10/08/2005","________Hora":"04:43:20","_____Latitud":42.1931,"____Longitud":-6.0962,"__Prof___Km_":"19.3","______Inten_":"","________Mag_":"1.9","___Tipo_Mag_":4,"Localizaci_n":"E CASTROCONTRIGO.LE","unnamed":"León"}},{"type":"Feature","geometry":{"type":"Point","coordinates":[-4.5866,40.8149,0]},"properties":{"styleUrl":"#pointStyleMap","icon":"http://maps.google.com/mapfiles/kml/shapes/placemark_circle.png","______Evento":604090,"_______Fecha":"22/09/2005","________Hora":"15:32:34","_____Latitud":40.8149,"____Longitud":-4.5866,"__Prof___Km_":"5.4","______Inten_":"","________Mag_":"1.9","___Tipo_Mag_":4,"Localizaci_n":"E SANTO DOMINGO DE LAS POSADAS.AV","unnamed":"Ávila"}},{"type":"Feature","geometry":{"type":"Point","coordinates":[-2.1173,41.1304,0]},"properties":{"styleUrl":"#pointStyleMap","icon":"http://maps.google.com/mapfiles/kml/shapes/placemark_circle.png","______Evento":605809,"_______Fecha":"29/09/2005","________Hora":"02:17:34","_____Latitud":41.1304,"____Longitud":-2.1173,"__Prof___Km_":"11.3","______Inten_":"","________Mag_":"1.9","___Tipo_Mag_":4,"Localizaci_n":"SE SANTA MARÍA DE HUERTA.SO","unnamed":"Soria"}},{"type":"Feature","geometry":{"type":"Point","coordinates":[-5.7186,40.4771,0]},"properties":{"styleUrl":"#pointStyleMap","icon":"http://maps.google.com/mapfiles/kml/shapes/placemark_circle.png","______Evento":610716,"_______Fecha":"21/10/2005","________Hora":"14:46:19","_____Latitud":40.4771,"____Longitud":-5.7186,"__Prof___Km_":"1.1","______Inten_":"","________Mag_":"1.9","___Tipo_Mag_":4,"Localizaci_n":"N LEDRADA.SA","unnamed":"Salamanca"}},{"type":"Feature","geometry":{"type":"Point","coordinates":[-2.3703,41.6551,0]},"properties":{"styleUrl":"#pointStyleMap","icon":"http://maps.google.com/mapfiles/kml/shapes/placemark_circle.png","______Evento":804530,"_______Fecha":"31/10/2007","________Hora":"02:34:05","_____Latitud":41.6551,"____Longitud":-2.3703,"__Prof___Km_":"11.2","______Inten_":"","________Mag_":"1.9","___Tipo_Mag_":4,"Localizaci_n":"SW ALDEALAFUENTE.SO","unnamed":"Soria"}},{"type":"Feature","geometry":{"type":"Point","coordinates":[-6.7413,42.7623,0]},"properties":{"styleUrl":"#pointStyleMap","icon":"http://maps.google.com/mapfiles/kml/shapes/placemark_circle.png","______Evento":817021,"_______Fecha":"16/01/2008","________Hora":"03:21:38","_____Latitud":42.7623,"____Longitud":-6.7413,"__Prof___Km_":"0.0","______Inten_":"","________Mag_":"1.9","___Tipo_Mag_":4,"Localizaci_n":"S CANDÍN.LE","unnamed":"León"}},{"type":"Feature","geometry":{"type":"Point","coordinates":[-5.6382,40.4722,0]},"properties":{"styleUrl":"#pointStyleMap","icon":"http://maps.google.com/mapfiles/kml/shapes/placemark_circle.png","______Evento":845180,"_______Fecha":"26/05/2008","________Hora":"18:40:42","_____Latitud":40.4722,"____Longitud":-5.6382,"__Prof___Km_":"0.0","______Inten_":"","________Mag_":"1.9","___Tipo_Mag_":4,"Localizaci_n":"SW SANTIBÁÑEZ DE BÉJAR.SA","unnamed":"Salamanca"}},{"type":"Feature","geometry":{"type":"Point","coordinates":[-3.8365,42.5899,0]},"properties":{"styleUrl":"#pointStyleMap","icon":"http://maps.google.com/mapfiles/kml/shapes/placemark_circle.png","______Evento":911989,"_______Fecha":"12/05/2009","________Hora":"01:46:32","_____Latitud":42.5899,"____Longitud":-3.8365,"__Prof___Km_":"11.5","______Inten_":"","________Mag_":"1.9","___Tipo_Mag_":4,"Localizaci_n":"S ÚRBEL DEL CASTILLO.BU","unnamed":"Burgos"}},{"type":"Feature","geometry":{"type":"Point","coordinates":[-3.7557,41.2929,0]},"properties":{"styleUrl":"#pointStyleMap","icon":"http://maps.google.com/mapfiles/kml/shapes/placemark_circle.png","______Evento":999017,"_______Fecha":"27/06/2010","________Hora":"22:57:25","_____Latitud":41.2929,"____Longitud":-3.7557,"__Prof___Km_":"0.0","______Inten_":"","________Mag_":"1.9","___Tipo_Mag_":4,"Localizaci_n":"SW SEPÚLVEDA.SG","unnamed":"Segovia"}},{"type":"Feature","geometry":{"type":"Point","coordinates":[-5.108,42.9793,0]},"properties":{"styleUrl":"#pointStyleMap","icon":"http://maps.google.com/mapfiles/kml/shapes/placemark_circle.png","______Evento":1011614,"_______Fecha":"15/08/2010","________Hora":"10:20:02","_____Latitud":42.9793,"____Longitud":-5.108,"__Prof___Km_":"0.0","______Inten_":"","________Mag_":"1.9","___Tipo_Mag_":4,"Localizaci_n":"S ACEBEDO.LE","unnamed":"León"}},{"type":"Feature","geometry":{"type":"Point","coordinates":[-2.1687,41.9882,0]},"properties":{"styleUrl":"#pointStyleMap","icon":"http://maps.google.com/mapfiles/kml/shapes/placemark_circle.png","______Evento":1137657,"_______Fecha":"11/04/2012","________Hora":"01:19:39","_____Latitud":41.9882,"____Longitud":-2.1687,"__Prof___Km_":"7.0","______Inten_":"","________Mag_":"1.9","___Tipo_Mag_":4,"Localizaci_n":"N FUENTES DE MAGAÑA.SO","unnamed":"Soria"}},{"type":"Feature","geometry":{"type":"Point","coordinates":[-2.1692,41.9909,0]},"properties":{"styleUrl":"#pointStyleMap","icon":"http://maps.google.com/mapfiles/kml/shapes/placemark_circle.png","______Evento":1140933,"_______Fecha":"27/04/2012","________Hora":"17:58:55","_____Latitud":41.9909,"____Longitud":-2.1692,"__Prof___Km_":"11.0","______Inten_":"","________Mag_":"1.9","___Tipo_Mag_":4,"Localizaci_n":"N FUENTES DE MAGAÑA.SO","unnamed":"Soria"}},{"type":"Feature","geometry":{"type":"Point","coordinates":[-6.6223,42.0495,0]},"properties":{"styleUrl":"#pointStyleMap","icon":"http://maps.google.com/mapfiles/kml/shapes/placemark_circle.png","______Evento":1158031,"_______Fecha":"23/07/2012","________Hora":"11:56:54","_____Latitud":42.0495,"____Longitud":-6.6223,"__Prof___Km_":"0.0","______Inten_":"","________Mag_":"1.9","___Tipo_Mag_":4,"Localizaci_n":"SE PUEBLA DE SANABRIA.ZA","unnamed":"Zamora"}},{"type":"Feature","geometry":{"type":"Point","coordinates":[-6.3158,42.621,0]},"properties":{"styleUrl":"#pointStyleMap","icon":"http://maps.google.com/mapfiles/kml/shapes/placemark_circle.png","______Evento":1208184,"_______Fecha":"22/04/2013","________Hora":"23:06:28","_____Latitud":42.621,"____Longitud":-6.3158,"__Prof___Km_":"21.0","______Inten_":"","________Mag_":"1.9","___Tipo_Mag_":4,"Localizaci_n":"S FOLGOSO DE LA RIBERA.LE","unnamed":"León"}},{"type":"Feature","geometry":{"type":"Point","coordinates":[-5.9686,42.9308,0]},"properties":{"styleUrl":"#pointStyleMap","icon":"http://maps.google.com/mapfiles/kml/shapes/placemark_circle.png","______Evento":1216379,"_______Fecha":"09/06/2013","________Hora":"07:45:00","_____Latitud":42.9308,"____Longitud":-5.9686,"__Prof___Km_":"11.0","______Inten_":"","________Mag_":"1.9","___Tipo_Mag_":4,"Localizaci_n":"W SENA DE LUNA.LE","unnamed":"León"}},{"type":"Feature","geometry":{"type":"Point","coordinates":[-6.1082,42.1666,0]},"properties":{"styleUrl":"#pointStyleMap","icon":"http://maps.google.com/mapfiles/kml/shapes/placemark_circle.png","______Evento":1243248,"_______Fecha":"27/10/2013","________Hora":"23:42:01","_____Latitud":42.1666,"____Longitud":-6.1082,"__Prof___Km_":"0.0","______Inten_":"","________Mag_":"1.9","___Tipo_Mag_":4,"Localizaci_n":"NE CUBO DE BENAVENTE.ZA","unnamed":"Zamora"}},{"type":"Feature","geometry":{"type":"Point","coordinates":[-2.3792,41.4739,0]},"properties":{"styleUrl":"#pointStyleMap","icon":"http://maps.google.com/mapfiles/kml/shapes/placemark_circle.png","______Evento":1252451,"_______Fecha":"29/12/2013","________Hora":"19:14:47","_____Latitud":41.4739,"____Longitud":-2.3792,"__Prof___Km_":"1.0","______Inten_":"","________Mag_":"1.9","___Tipo_Mag_":4,"Localizaci_n":"NE SOLIEDRA.SO","unnamed":"Soria"}},{"type":"Feature","geometry":{"type":"Point","coordinates":[-2.4889,41.6287,0]},"properties":{"styleUrl":"#pointStyleMap","icon":"http://maps.google.com/mapfiles/kml/shapes/placemark_circle.png","______Evento":1289155,"_______Fecha":"09/08/2014","________Hora":"22:43:00","_____Latitud":41.6287,"____Longitud":-2.4889,"__Prof___Km_":"9.0","______Inten_":"","________Mag_":"1.9","___Tipo_Mag_":4,"Localizaci_n":"NW CUBO DE LA SOLANA.SO","unnamed":"Soria"}},{"type":"Feature","geometry":{"type":"Point","coordinates":[-4.2081,42.655,0]},"properties":{"styleUrl":"#pointStyleMap","icon":"http://maps.google.com/mapfiles/kml/shapes/placemark_circle.png","______Evento":1296113,"_______Fecha":"18/09/2014","________Hora":"04:28:52","_____Latitud":42.655,"____Longitud":-4.2081,"__Prof___Km_":"14.0","______Inten_":"","________Mag_":"1.9","___Tipo_Mag_":4,"Localizaci_n":"SE REBOLLEDO DE LA TORRE.BU","unnamed":"Burgos"}},{"type":"Feature","geometry":{"type":"Point","coordinates":[-6.7856,42.1915,0]},"properties":{"styleUrl":"#pointStyleMap","icon":"http://maps.google.com/mapfiles/kml/shapes/placemark_circle.png","______Evento":1331171,"_______Fecha":"26/05/2015","________Hora":"11:48:59","_____Latitud":42.1915,"____Longitud":-6.7856,"__Prof___Km_":"7.0","______Inten_":"","________Mag_":"1.9","___Tipo_Mag_":4,"Localizaci_n":"E PORTO.ZA","unnamed":"Zamora"}},{"type":"Feature","geometry":{"type":"Point","coordinates":[-2.1955,41.6187,0]},"properties":{"styleUrl":"#pointStyleMap","icon":"http://maps.google.com/mapfiles/kml/shapes/placemark_circle.png","______Evento":1344284,"_______Fecha":"13/09/2015","________Hora":"01:08:27","_____Latitud":41.6187,"____Longitud":-2.1955,"__Prof___Km_":"3.0","______Inten_":"","________Mag_":"1.9","___Tipo_Mag_":4,"Localizaci_n":"E GÓMARA.SO","unnamed":"Soria"}},{"type":"Feature","geometry":{"type":"Point","coordinates":[-3.3202,43.1211,0]},"properties":{"styleUrl":"#pointStyleMap","icon":"http://maps.google.com/mapfiles/kml/shapes/placemark_circle.png","______Evento":0,"_______Fecha":"12/03/2017","________Hora":"05:16:24","_____Latitud":43.1211,"____Longitud":-3.3202,"__Prof___Km_":"4.0","______Inten_":"","________Mag_":"1.9","___Tipo_Mag_":4,"Localizaci_n":"NW VILLASANA DE MENA.BU","unnamed":"Burgos"}},{"type":"Feature","geometry":{"type":"Point","coordinates":[-6.8258,42.1352,0]},"properties":{"styleUrl":"#pointStyleMap","icon":"http://maps.google.com/mapfiles/kml/shapes/placemark_circle.png","______Evento":0,"_______Fecha":"03/05/2017","________Hora":"23:48:14","_____Latitud":42.1352,"____Longitud":-6.8258,"__Prof___Km_":"16.0","______Inten_":"","________Mag_":"1.9","___Tipo_Mag_":4,"Localizaci_n":"SE PORTO.ZA","unnamed":"Zamora"}},{"type":"Feature","geometry":{"type":"Point","coordinates":[-6.9342,42.0524,0]},"properties":{"styleUrl":"#pointStyleMap","icon":"http://maps.google.com/mapfiles/kml/shapes/placemark_circle.png","______Evento":0,"_______Fecha":"05/05/2017","________Hora":"02:43:45","_____Latitud":42.0524,"____Longitud":-6.9342,"__Prof___Km_":"17.0","______Inten_":"","________Mag_":"1.9","___Tipo_Mag_":4,"Localizaci_n":"NW LUBIÁN.ZA","unnamed":"Zamora"}},{"type":"Feature","geometry":{"type":"Point","coordinates":[-5.5805,40.3389,0]},"properties":{"styleUrl":"#pointStyleMap","icon":"http://maps.google.com/mapfiles/kml/shapes/placemark_circle.png","______Evento":0,"_______Fecha":"06/02/2018","________Hora":"16:39:55","_____Latitud":40.3389,"____Longitud":-5.5805,"__Prof___Km_":"12.0","______Inten_":"","________Mag_":"1.9","___Tipo_Mag_":4,"Localizaci_n":"N UMBRÍAS.AV","unnamed":"Ávila"}},{"type":"Feature","geometry":{"type":"Point","coordinates":[-6.8308,42.5524,0]},"properties":{"styleUrl":"#pointStyleMap","icon":"http://maps.google.com/mapfiles/kml/shapes/placemark_circle.png","______Evento":0,"_______Fecha":"03/10/2018","________Hora":"22:26:40","_____Latitud":42.5524,"____Longitud":-6.8308,"__Prof___Km_":"12.0","______Inten_":"","________Mag_":"1.9","___Tipo_Mag_":4,"Localizaci_n":"SW CORULLÓN.LE","unnamed":"León"}},{"type":"Feature","geometry":{"type":"Point","coordinates":[-1.9285,41.8138,0]},"properties":{"styleUrl":"#pointStyleMap","icon":"http://maps.google.com/mapfiles/kml/shapes/placemark_circle.png","______Evento":0,"_______Fecha":"01/01/2019","________Hora":"17:42:25","_____Latitud":41.8138,"____Longitud":-1.9285,"__Prof___Km_":"2.0","______Inten_":"","________Mag_":"1.9","___Tipo_Mag_":4,"Localizaci_n":"S ÁGREDA.SO","unnamed":"Soria"}},{"type":"Feature","geometry":{"type":"Point","coordinates":[-4.8111,41.2275,0]},"properties":{"styleUrl":"#pointStyleMap","icon":"http://maps.google.com/mapfiles/kml/shapes/placemark_circle.png","______Evento":0,"_______Fecha":"22/02/2019","________Hora":"00:38:33","_____Latitud":41.2275,"____Longitud":-4.8111,"__Prof___Km_":"0.0","______Inten_":"","________Mag_":"1.9","___Tipo_Mag_":4,"Localizaci_n":"W RAMIRO.VA","unnamed":"Valladolid"}},{"type":"Feature","geometry":{"type":"Point","coordinates":[-6.2094,41.2197,0]},"properties":{"styleUrl":"#pointStyleMap","icon":"http://maps.google.com/mapfiles/kml/shapes/placemark_circle.png","______Evento":0,"_______Fecha":"10/03/2019","________Hora":"02:31:52","_____Latitud":41.2197,"____Longitud":-6.2094,"__Prof___Km_":"0.0","______Inten_":"","________Mag_":"1.9","___Tipo_Mag_":4,"Localizaci_n":"NE MONLERAS.SA","unnamed":"Salamanca"}},{"type":"Feature","geometry":{"type":"Point","coordinates":[-6.7689,41.979,0]},"properties":{"styleUrl":"#pointStyleMap","icon":"http://maps.google.com/mapfiles/kml/shapes/placemark_circle.png","______Evento":0,"_______Fecha":"27/07/2019","________Hora":"20:14:59","_____Latitud":41.979,"____Longitud":-6.7689,"__Prof___Km_":"9.0","______Inten_":"","________Mag_":"1.9","___Tipo_Mag_":4,"Localizaci_n":"SW REQUEJO.ZA","unnamed":"Zamora"}},{"type":"Feature","geometry":{"type":"Point","coordinates":[-2.3458,41.6768,0]},"properties":{"styleUrl":"#pointStyleMap","icon":"http://maps.google.com/mapfiles/kml/shapes/placemark_circle.png","______Evento":0,"_______Fecha":"28/12/2019","________Hora":"17:00:57","_____Latitud":41.6768,"____Longitud":-2.3458,"__Prof___Km_":"11.0","______Inten_":"","________Mag_":"1.9","___Tipo_Mag_":4,"Localizaci_n":"W ALDEALAFUENTE.SO","unnamed":"Soria"}},{"type":"Feature","geometry":{"type":"Point","coordinates":[-2.1846,41.5787,0]},"properties":{"styleUrl":"#pointStyleMap","icon":"http://maps.google.com/mapfiles/kml/shapes/placemark_circle.png","______Evento":0,"_______Fecha":"25/04/2020","________Hora":"05:17:23","_____Latitud":41.5787,"____Longitud":-2.1846,"__Prof___Km_":"3.0","______Inten_":"","________Mag_":"1.9","___Tipo_Mag_":4,"Localizaci_n":"W ALMAZUL.SO","unnamed":"Soria"}},{"type":"Feature","geometry":{"type":"Point","coordinates":[-6.4767,42.335,0]},"properties":{"styleUrl":"#pointStyleMap","icon":"http://maps.google.com/mapfiles/kml/shapes/placemark_circle.png","______Evento":0,"_______Fecha":"23/08/2020","________Hora":"02:01:14","_____Latitud":42.335,"____Longitud":-6.4767,"__Prof___Km_":"0.0","______Inten_":"","________Mag_":"1.9","___Tipo_Mag_":4,"Localizaci_n":"E CASTRILLO DE CABRERA.LE","unnamed":"León"}},{"type":"Feature","geometry":{"type":"Point","coordinates":[-6.7132,42.6392,0]},"properties":{"styleUrl":"#pointStyleMap","icon":"http://maps.google.com/mapfiles/kml/shapes/placemark_circle.png","______Evento":0,"_______Fecha":"13/09/2020","________Hora":"14:26:36","_____Latitud":42.6392,"____Longitud":-6.7132,"__Prof___Km_":"0.0","______Inten_":"","________Mag_":"1.9","___Tipo_Mag_":4,"Localizaci_n":"W ARGANZA.LE","unnamed":"León"}},{"type":"Feature","geometry":{"type":"Point","coordinates":[-6.8093,42.7017,0]},"properties":{"styleUrl":"#pointStyleMap","icon":"http://maps.google.com/mapfiles/kml/shapes/placemark_circle.png","______Evento":0,"_______Fecha":"06/12/2020","________Hora":"05:34:41","_____Latitud":42.7017,"____Longitud":-6.8093,"__Prof___Km_":"1.0","______Inten_":"","________Mag_":"1.9","___Tipo_Mag_":4,"Localizaci_n":"NE TRABADELO.LE","unnamed":"León"}},{"type":"Feature","geometry":{"type":"Point","coordinates":[-1.9258,41.7111,0]},"properties":{"styleUrl":"#pointStyleMap","icon":"http://maps.google.com/mapfiles/kml/shapes/placemark_circle.png","______Evento":0,"_______Fecha":"21/01/2021","________Hora":"14:01:08","_____Latitud":41.7111,"____Longitud":-1.9258,"__Prof___Km_":"9.0","______Inten_":"","________Mag_":"1.9","___Tipo_Mag_":4,"Localizaci_n":"NW BOROBIA.SO","unnamed":"Soria"}},{"type":"Feature","geometry":{"type":"Point","coordinates":[-6.7677,42.2125,0]},"properties":{"styleUrl":"#pointStyleMap","icon":"http://maps.google.com/mapfiles/kml/shapes/placemark_circle.png","______Evento":0,"_______Fecha":"07/03/2021","________Hora":"19:21:02","_____Latitud":42.2125,"____Longitud":-6.7677,"__Prof___Km_":"16.0","______Inten_":"","________Mag_":"1.9","___Tipo_Mag_":4,"Localizaci_n":"NE PORTO.ZA","unnamed":"Zamora"}},{"type":"Feature","geometry":{"type":"Point","coordinates":[-2.3333,41.7177,0]},"properties":{"styleUrl":"#pointStyleMap","icon":"http://maps.google.com/mapfiles/kml/shapes/placemark_circle.png","______Evento":0,"_______Fecha":"22/04/2021","________Hora":"07:07:49","_____Latitud":41.7177,"____Longitud":-2.3333,"__Prof___Km_":"7.0","______Inten_":"","________Mag_":"1.9","___Tipo_Mag_":4,"Localizaci_n":"NW CANDILICHERA.SO","unnamed":"Soria"}},{"type":"Feature","geometry":{"type":"Point","coordinates":[-2.2985,41.7282,0]},"properties":{"styleUrl":"#pointStyleMap","icon":"http://maps.google.com/mapfiles/kml/shapes/placemark_circle.png","______Evento":0,"_______Fecha":"25/12/2021","________Hora":"10:19:24","_____Latitud":41.7282,"____Longitud":-2.2985,"__Prof___Km_":"0.0","______Inten_":"","________Mag_":"1.9","___Tipo_Mag_":4,"Localizaci_n":"N CANDILICHERA.SO","unnamed":"Soria"}},{"type":"Feature","geometry":{"type":"Point","coordinates":[-2.3963,41.7691,0]},"properties":{"styleUrl":"#pointStyleMap","icon":"http://maps.google.com/mapfiles/kml/shapes/placemark_circle.png","______Evento":0,"_______Fecha":"26/02/2022","________Hora":"10:33:53","_____Latitud":41.7691,"____Longitud":-2.3963,"__Prof___Km_":"12.0","______Inten_":"","________Mag_":"1.9","___Tipo_Mag_":4,"Localizaci_n":"S VELILLA DE LA SIERRA.SO","unnamed":"Soria"}},{"type":"Feature","geometry":{"type":"Point","coordinates":[-2.3376,41.7443,0]},"properties":{"styleUrl":"#pointStyleMap","icon":"http://maps.google.com/mapfiles/kml/shapes/placemark_circle.png","______Evento":0,"_______Fecha":"14/07/2022","________Hora":"04:50:48","_____Latitud":41.7443,"____Longitud":-2.3376,"__Prof___Km_":"0.0","______Inten_":"","________Mag_":"1.9","___Tipo_Mag_":4,"Localizaci_n":"NE ALCONABA.SO","unnamed":"Soria"}},{"type":"Feature","geometry":{"type":"Point","coordinates":[-5.5596,42.8851,0]},"properties":{"styleUrl":"#pointStyleMap","icon":"http://maps.google.com/mapfiles/kml/shapes/placemark_circle.png","______Evento":0,"_______Fecha":"25/08/2022","________Hora":"00:26:21","_____Latitud":42.8851,"____Longitud":-5.5596,"__Prof___Km_":"0.0","______Inten_":"","________Mag_":"1.9","___Tipo_Mag_":4,"Localizaci_n":"W VEGACERVERA.LE","unnamed":"León"}},{"type":"Feature","geometry":{"type":"Point","coordinates":[-3.6661,43.1221,0]},"properties":{"styleUrl":"#pointStyleMap","icon":"http://maps.google.com/mapfiles/kml/shapes/placemark_circle.png","______Evento":0,"_______Fecha":"26/06/2023","________Hora":"19:40:04","_____Latitud":43.1221,"____Longitud":-3.6661,"__Prof___Km_":"0.0","______Inten_":"","________Mag_":"1.9","___Tipo_Mag_":4,"Localizaci_n":"NW ESPINOSA DE LOS MONTEROS.BU","unnamed":"Burgos"}},{"type":"Feature","geometry":{"type":"Point","coordinates":[-5.5364,40.9531,0]},"properties":{"styleUrl":"#pointStyleMap","icon":"http://maps.google.com/mapfiles/kml/shapes/placemark_circle.png","______Evento":0,"_______Fecha":"04/08/2023","________Hora":"04:41:27","_____Latitud":40.9531,"____Longitud":-5.5364,"__Prof___Km_":"0.0","______Inten_":"","________Mag_":"1.9","___Tipo_Mag_":4,"Localizaci_n":"NE CALVARRASA DE ABAJO.SA","unnamed":"Salamanca"}},{"type":"Feature","geometry":{"type":"Point","coordinates":[-2.0369,41.9373,0]},"properties":{"styleUrl":"#pointStyleMap","icon":"http://maps.google.com/mapfiles/kml/shapes/placemark_circle.png","______Evento":0,"_______Fecha":"06/11/2023","________Hora":"17:24:17","_____Latitud":41.9373,"____Longitud":-2.0369,"__Prof___Km_":"0.0","______Inten_":"","________Mag_":"1.9","___Tipo_Mag_":4,"Localizaci_n":"W SAN FELICES.SO","unnamed":"Soria"}},{"type":"Feature","geometry":{"type":"Point","coordinates":[-6.41,41.3411,0]},"properties":{"styleUrl":"#pointStyleMap","icon":"http://maps.google.com/mapfiles/kml/shapes/placemark_circle.png","______Evento":0,"_______Fecha":"14/01/2024","________Hora":"10:37:14","_____Latitud":41.3411,"____Longitud":-6.41,"__Prof___Km_":"1.0","______Inten_":"","________Mag_":"1.9","___Tipo_Mag_":4,"Localizaci_n":"NW FERMOSELLE.ZA","unnamed":"Zamora"}},{"type":"Feature","geometry":{"type":"Point","coordinates":[-6.6687,42.3198,0]},"properties":{"styleUrl":"#pointStyleMap","icon":"http://maps.google.com/mapfiles/kml/shapes/placemark_circle.png","______Evento":0,"_______Fecha":"01/03/2025","________Hora":"02:36:21","_____Latitud":42.3198,"____Longitud":-6.6687,"__Prof___Km_":"1.0","______Inten_":"","________Mag_":"1.9","___Tipo_Mag_":4,"Localizaci_n":"NW ENCINEDO.LE","unnamed":"León"}},{"type":"Feature","geometry":{"type":"Point","coordinates":[-6.7247,42.3046,0]},"properties":{"styleUrl":"#pointStyleMap","icon":"http://maps.google.com/mapfiles/kml/shapes/placemark_circle.png","______Evento":0,"_______Fecha":"01/03/2025","________Hora":"03:44:27","_____Latitud":42.3046,"____Longitud":-6.7247,"__Prof___Km_":"4.0","______Inten_":"","________Mag_":"1.9","___Tipo_Mag_":4,"Localizaci_n":"S BENUZA.LE","unnamed":"León"}},{"type":"Feature","geometry":{"type":"Point","coordinates":[-6.663,42.3073,0]},"properties":{"styleUrl":"#pointStyleMap","icon":"http://maps.google.com/mapfiles/kml/shapes/placemark_circle.png","______Evento":0,"_______Fecha":"01/03/2025","________Hora":"06:09:30","_____Latitud":42.3073,"____Longitud":-6.663,"__Prof___Km_":"0.0","______Inten_":"","________Mag_":"1.9","___Tipo_Mag_":4,"Localizaci_n":"NW ENCINEDO.LE","unnamed":"León"}},{"type":"Feature","geometry":{"type":"Point","coordinates":[-6.6876,42.305,0]},"properties":{"styleUrl":"#pointStyleMap","icon":"http://maps.google.com/mapfiles/kml/shapes/placemark_circle.png","______Evento":0,"_______Fecha":"02/03/2025","________Hora":"05:34:11","_____Latitud":42.305,"____Longitud":-6.6876,"__Prof___Km_":"7.0","______Inten_":"","________Mag_":"1.9","___Tipo_Mag_":4,"Localizaci_n":"NW ENCINEDO.LE","unnamed":"León"}},{"type":"Feature","geometry":{"type":"Point","coordinates":[-6.0345,41.5931,0]},"properties":{"styleUrl":"#pointStyleMap","icon":"http://maps.google.com/mapfiles/kml/shapes/placemark_circle.png","______Evento":0,"_______Fecha":"12/03/2025","________Hora":"18:18:18","_____Latitud":41.5931,"____Longitud":-6.0345,"__Prof___Km_":"6.0","______Inten_":"","________Mag_":"1.9","___Tipo_Mag_":4,"Localizaci_n":"SE VIDEMALA.ZA","unnamed":"Zamora"}},{"type":"Feature","geometry":{"type":"Point","coordinates":[-1.9864,41.9239,0]},"properties":{"styleUrl":"#pointStyleMap","icon":"http://maps.google.com/mapfiles/kml/shapes/placemark_circle.png","______Evento":0,"_______Fecha":"19/03/2025","________Hora":"18:34:13","_____Latitud":41.9239,"____Longitud":-1.9864,"__Prof___Km_":"1.0","______Inten_":"","________Mag_":"1.9","___Tipo_Mag_":4,"Localizaci_n":"SE SAN FELICES.SO","unnamed":"Soria"}},{"type":"Feature","geometry":{"type":"Point","coordinates":[-6.7061,42.1122,0]},"properties":{"styleUrl":"#pointStyleMap","icon":"http://maps.google.com/mapfiles/kml/shapes/placemark_circle.png","______Evento":0,"_______Fecha":"25/06/2025","________Hora":"22:59:39","_____Latitud":42.1122,"____Longitud":-6.7061,"__Prof___Km_":"8.0","______Inten_":"","________Mag_":"1.9","___Tipo_Mag_":4,"Localizaci_n":"W GALENDE.ZA","unnamed":"Zamora"}},{"type":"Feature","geometry":{"type":"Point","coordinates":[-5.9863,41.5409,0]},"properties":{"styleUrl":"#pointStyleMap","icon":"http://maps.google.com/mapfiles/kml/shapes/placemark_circle.png","______Evento":0,"_______Fecha":"27/10/2025","________Hora":"22:46:08","_____Latitud":41.5409,"____Longitud":-5.9863,"__Prof___Km_":"2.0","______Inten_":"II","________Mag_":"1.9","___Tipo_Mag_":4,"Localizaci_n":"NW MUELAS DEL PAN.ZA","unnamed":"Zamora"}},{"type":"Feature","geometry":{"type":"Point","coordinates":[-6.2004,42.2115,0]},"properties":{"styleUrl":"#pointStyleMap","icon":"http://maps.google.com/mapfiles/kml/shapes/placemark_circle.png","______Evento":0,"_______Fecha":"29/10/2025","________Hora":"07:31:54","_____Latitud":42.2115,"____Longitud":-6.2004,"__Prof___Km_":"0.0","______Inten_":"","________Mag_":"1.9","___Tipo_Mag_":4,"Localizaci_n":"NW CASTROCONTRIGO.LE","unnamed":"León"}},{"type":"Feature","geometry":{"type":"Point","coordinates":[-5.9927,41.5343,0]},"properties":{"styleUrl":"#pointStyleMap","icon":"http://maps.google.com/mapfiles/kml/shapes/placemark_circle.png","______Evento":0,"_______Fecha":"20/02/2026","________Hora":"14:38:29","_____Latitud":41.5343,"____Longitud":-5.9927,"__Prof___Km_":"0.0","______Inten_":"","________Mag_":"1.9","___Tipo_Mag_":4,"Localizaci_n":"NW MUELAS DEL PAN.ZA","unnamed":"Zamora"}},{"type":"Feature","geometry":{"type":"Point","coordinates":[-6.0342,42.0334,0]},"properties":{"styleUrl":"#pointStyleMap","icon":"http://maps.google.com/mapfiles/kml/shapes/placemark_circle.png","______Evento":0,"_______Fecha":"04/04/2026","________Hora":"09:36:31","_____Latitud":42.0334,"____Longitud":-6.0342,"__Prof___Km_":"5.0","______Inten_":"","________Mag_":"1.9","___Tipo_Mag_":4,"Localizaci_n":"SE BRIME DE SOG.ZA","unnamed":"Zamora"}},{"type":"Feature","geometry":{"type":"Point","coordinates":[-4.8415,43.0585,0]},"properties":{"styleUrl":"#pointStyleMap","icon":"http://maps.google.com/mapfiles/kml/shapes/placemark_circle.png","______Evento":0,"_______Fecha":"25/05/2026","________Hora":"13:44:28","_____Latitud":43.0585,"____Longitud":-4.8415,"__Prof___Km_":"2.0","______Inten_":"","________Mag_":"1.9","___Tipo_Mag_":4,"Localizaci_n":"NE BOCA DE HUÉRGANO.LE","unnamed":"León"}},{"type":"Feature","geometry":{"type":"Point","coordinates":[-6.9424,42.0197,0]},"properties":{"styleUrl":"#pointStyleMap","icon":"http://maps.google.com/mapfiles/kml/shapes/placemark_circle.png","______Evento":0,"_______Fecha":"12/06/2016","________Hora":"02:51:44","_____Latitud":42.0197,"____Longitud":-6.9424,"__Prof___Km_":"11.0","______Inten_":"","________Mag_":"1.9","___Tipo_Mag_":4,"Localizaci_n":"SW LUBIÁN.ZA","unnamed":"Zamora"}},{"type":"Feature","geometry":{"type":"Point","coordinates":[-5.8038,42.9539,0]},"properties":{"styleUrl":"#pointStyleMap","icon":"http://maps.google.com/mapfiles/kml/shapes/placemark_circle.png","______Evento":0,"_______Fecha":"02/07/2016","________Hora":"20:31:21","_____Latitud":42.9539,"____Longitud":-5.8038,"__Prof___Km_":"0.0","______Inten_":"","________Mag_":"1.9","___Tipo_Mag_":4,"Localizaci_n":"W VILLAMANÍN.LE","unnamed":"León"}},{"type":"Feature","geometry":{"type":"Point","coordinates":[-5.3335,41.0519,0]},"properties":{"styleUrl":"#pointStyleMap","icon":"http://maps.google.com/mapfiles/kml/shapes/placemark_circle.png","______Evento":330122,"_______Fecha":"10/05/2002","________Hora":"04:40:55","_____Latitud":41.0519,"____Longitud":-5.3335,"__Prof___Km_":"0.0","______Inten_":"","________Mag_":"1.8","___Tipo_Mag_":4,"Localizaci_n":"SW CANTALPINO.SA","unnamed":"Salamanca"}},{"type":"Feature","geometry":{"type":"Point","coordinates":[-5.9975,41.545,0]},"properties":{"styleUrl":"#pointStyleMap","icon":"http://maps.google.com/mapfiles/kml/shapes/placemark_circle.png","______Evento":361015,"_______Fecha":"14/01/2003","________Hora":"05:15:10","_____Latitud":41.545,"____Longitud":-5.9975,"__Prof___Km_":"0.0","______Inten_":"","________Mag_":"1.8","___Tipo_Mag_":4,"Localizaci_n":"NW MUELAS DEL PAN.ZA","unnamed":"Zamora"}},{"type":"Feature","geometry":{"type":"Point","coordinates":[-6.0141,41.5469,0]},"properties":{"styleUrl":"#pointStyleMap","icon":"http://maps.google.com/mapfiles/kml/shapes/placemark_circle.png","______Evento":361564,"_______Fecha":"18/01/2003","________Hora":"19:34:49","_____Latitud":41.5469,"____Longitud":-6.0141,"__Prof___Km_":"21.0","______Inten_":"","________Mag_":"1.8","___Tipo_Mag_":4,"Localizaci_n":"NE VILLALCAMPO.ZA","unnamed":"Zamora"}},{"type":"Feature","geometry":{"type":"Point","coordinates":[-6.0342,41.5032,0]},"properties":{"styleUrl":"#pointStyleMap","icon":"http://maps.google.com/mapfiles/kml/shapes/placemark_circle.png","______Evento":370173,"_______Fecha":"18/03/2003","________Hora":"01:55:59","_____Latitud":41.5032,"____Longitud":-6.0342,"__Prof___Km_":"0.0","______Inten_":"","________Mag_":"1.8","___Tipo_Mag_":4,"Localizaci_n":"SE VILLALCAMPO.ZA","unnamed":"Zamora"}},{"type":"Feature","geometry":{"type":"Point","coordinates":[-6.0051,41.597,0]},"properties":{"styleUrl":"#pointStyleMap","icon":"http://maps.google.com/mapfiles/kml/shapes/placemark_circle.png","______Evento":375984,"_______Fecha":"16/04/2003","________Hora":"00:57:17","_____Latitud":41.597,"____Longitud":-6.0051,"__Prof___Km_":"0.0","______Inten_":"","________Mag_":"1.8","___Tipo_Mag_":4,"Localizaci_n":"SE VIDEMALA.ZA","unnamed":"Zamora"}},{"type":"Feature","geometry":{"type":"Point","coordinates":[-5.9941,41.5903,0]},"properties":{"styleUrl":"#pointStyleMap","icon":"http://maps.google.com/mapfiles/kml/shapes/placemark_circle.png","______Evento":393594,"_______Fecha":"22/06/2003","________Hora":"21:44:47","_____Latitud":41.5903,"____Longitud":-5.9941,"__Prof___Km_":"0.0","______Inten_":"","________Mag_":"1.8","___Tipo_Mag_":4,"Localizaci_n":"SE VIDEMALA.ZA","unnamed":"Zamora"}},{"type":"Feature","geometry":{"type":"Point","coordinates":[-5.9732,41.5972,0]},"properties":{"styleUrl":"#pointStyleMap","icon":"http://maps.google.com/mapfiles/kml/shapes/placemark_circle.png","______Evento":449732,"_______Fecha":"17/10/2003","________Hora":"09:16:04","_____Latitud":41.5972,"____Longitud":-5.9732,"__Prof___Km_":"3.7","______Inten_":"","________Mag_":"1.8","___Tipo_Mag_":4,"Localizaci_n":"SW MANZANAL DEL BARCO.ZA","unnamed":"Zamora"}},{"type":"Feature","geometry":{"type":"Point","coordinates":[-2.2029,41.5047,0]},"properties":{"styleUrl":"#pointStyleMap","icon":"http://maps.google.com/mapfiles/kml/shapes/placemark_circle.png","______Evento":450002,"_______Fecha":"22/01/2004","________Hora":"22:11:55","_____Latitud":41.5047,"____Longitud":-2.2029,"__Prof___Km_":"11.0","______Inten_":"","________Mag_":"1.8","___Tipo_Mag_":4,"Localizaci_n":"NW SERÓN DE NÁGIMA.SO","unnamed":"Soria"}},{"type":"Feature","geometry":{"type":"Point","coordinates":[-1.9347,41.8446,0]},"properties":{"styleUrl":"#pointStyleMap","icon":"http://maps.google.com/mapfiles/kml/shapes/placemark_circle.png","______Evento":464051,"_______Fecha":"05/03/2004","________Hora":"15:03:49","_____Latitud":41.8446,"____Longitud":-1.9347,"__Prof___Km_":"0.0","______Inten_":"","________Mag_":"1.8","___Tipo_Mag_":4,"Localizaci_n":"SW ÁGREDA.SO","unnamed":"Soria"}},{"type":"Feature","geometry":{"type":"Point","coordinates":[-5.9997,41.6238,0]},"properties":{"styleUrl":"#pointStyleMap","icon":"http://maps.google.com/mapfiles/kml/shapes/placemark_circle.png","______Evento":473687,"_______Fecha":"05/04/2004","________Hora":"06:38:05","_____Latitud":41.6238,"____Longitud":-5.9997,"__Prof___Km_":"0.0","______Inten_":"","________Mag_":"1.8","___Tipo_Mag_":4,"Localizaci_n":"NE VIDEMALA.ZA","unnamed":"Zamora"}},{"type":"Feature","geometry":{"type":"Point","coordinates":[-6.0169,41.5296,0]},"properties":{"styleUrl":"#pointStyleMap","icon":"http://maps.google.com/mapfiles/kml/shapes/placemark_circle.png","______Evento":491616,"_______Fecha":"13/01/2003","________Hora":"08:22:55","_____Latitud":41.5296,"____Longitud":-6.0169,"__Prof___Km_":"0.0","______Inten_":"","________Mag_":"1.8","___Tipo_Mag_":4,"Localizaci_n":"E VILLALCAMPO.ZA","unnamed":"Zamora"}},{"type":"Feature","geometry":{"type":"Point","coordinates":[-5.9783,41.5438,0]},"properties":{"styleUrl":"#pointStyleMap","icon":"http://maps.google.com/mapfiles/kml/shapes/placemark_circle.png","______Evento":495658,"_______Fecha":"23/01/2003","________Hora":"19:21:39","_____Latitud":41.5438,"____Longitud":-5.9783,"__Prof___Km_":"0.0","______Inten_":"","________Mag_":"1.8","___Tipo_Mag_":4,"Localizaci_n":"NW MUELAS DEL PAN.ZA","unnamed":"Zamora"}},{"type":"Feature","geometry":{"type":"Point","coordinates":[-5.9662,41.6454,0]},"properties":{"styleUrl":"#pointStyleMap","icon":"http://maps.google.com/mapfiles/kml/shapes/placemark_circle.png","______Evento":567959,"_______Fecha":"13/04/2004","________Hora":"16:44:34","_____Latitud":41.6454,"____Longitud":-5.9662,"__Prof___Km_":"2.4","______Inten_":"","________Mag_":"1.8","___Tipo_Mag_":4,"Localizaci_n":"SE CARBAJALES DE ALBA.ZA","unnamed":"Zamora"}},{"type":"Feature","geometry":{"type":"Point","coordinates":[-5.6364,40.4337,0]},"properties":{"styleUrl":"#pointStyleMap","icon":"http://maps.google.com/mapfiles/kml/shapes/placemark_circle.png","______Evento":664289,"_______Fecha":"02/06/2006","________Hora":"17:26:36","_____Latitud":40.4337,"____Longitud":-5.6364,"__Prof___Km_":"0.0","______Inten_":"","________Mag_":"1.8","___Tipo_Mag_":4,"Localizaci_n":"NE NEILA DE SAN MIGUEL.AV","unnamed":"Ávila"}},{"type":"Feature","geometry":{"type":"Point","coordinates":[-6.7157,42.3567,0]},"properties":{"styleUrl":"#pointStyleMap","icon":"http://maps.google.com/mapfiles/kml/shapes/placemark_circle.png","______Evento":677192,"_______Fecha":"26/07/2006","________Hora":"10:19:58","_____Latitud":42.3567,"____Longitud":-6.7157,"__Prof___Km_":"9.0","______Inten_":"","________Mag_":"1.8","___Tipo_Mag_":4,"Localizaci_n":"S BENUZA.LE","unnamed":"León"}},{"type":"Feature","geometry":{"type":"Point","coordinates":[-2.13,41.9291,0]},"properties":{"styleUrl":"#pointStyleMap","icon":"http://maps.google.com/mapfiles/kml/shapes/placemark_circle.png","______Evento":708713,"_______Fecha":"11/12/2006","________Hora":"02:46:08","_____Latitud":41.9291,"____Longitud":-2.13,"__Prof___Km_":"11.3","______Inten_":"","________Mag_":"1.8","___Tipo_Mag_":4,"Localizaci_n":"SW VALDEPRADO.SO","unnamed":"Soria"}},{"type":"Feature","geometry":{"type":"Point","coordinates":[-3.0343,42.9495,0]},"properties":{"styleUrl":"#pointStyleMap","icon":"http://maps.google.com/mapfiles/kml/shapes/placemark_circle.png","______Evento":711693,"_______Fecha":"24/12/2006","________Hora":"19:42:34","_____Latitud":42.9495,"____Longitud":-3.0343,"__Prof___Km_":"4.6","______Inten_":"","________Mag_":"1.8","___Tipo_Mag_":4,"Localizaci_n":"NE BERBERANA.BU","unnamed":"Burgos"}},{"type":"Feature","geometry":{"type":"Point","coordinates":[-6.2817,41.266,0]},"properties":{"styleUrl":"#pointStyleMap","icon":"http://maps.google.com/mapfiles/kml/shapes/placemark_circle.png","______Evento":724636,"_______Fecha":"12/02/2007","________Hora":"20:09:41","_____Latitud":41.266,"____Longitud":-6.2817,"__Prof___Km_":"0.0","______Inten_":"","________Mag_":"1.8","___Tipo_Mag_":4,"Localizaci_n":"W SALCE.ZA","unnamed":"Zamora"}},{"type":"Feature","geometry":{"type":"Point","coordinates":[-6.0245,41.5352,0]},"properties":{"styleUrl":"#pointStyleMap","icon":"http://maps.google.com/mapfiles/kml/shapes/placemark_circle.png","______Evento":739360,"_______Fecha":"30/03/2007","________Hora":"21:35:39","_____Latitud":41.5352,"____Longitud":-6.0245,"__Prof___Km_":"0.0","______Inten_":"","________Mag_":"1.8","___Tipo_Mag_":4,"Localizaci_n":"NE VILLALCAMPO.ZA","unnamed":"Zamora"}},{"type":"Feature","geometry":{"type":"Point","coordinates":[-5.2608,41.0235,0]},"properties":{"styleUrl":"#pointStyleMap","icon":"http://maps.google.com/mapfiles/kml/shapes/placemark_circle.png","______Evento":758255,"_______Fecha":"02/06/2007","________Hora":"23:00:53","_____Latitud":41.0235,"____Longitud":-5.2608,"__Prof___Km_":"0.0","______Inten_":"","________Mag_":"1.8","___Tipo_Mag_":4,"Localizaci_n":"S POVEDA DE LAS CINTAS.SA","unnamed":"Salamanca"}},{"type":"Feature","geometry":{"type":"Point","coordinates":[-6.7066,42.4531,0]},"properties":{"styleUrl":"#pointStyleMap","icon":"http://maps.google.com/mapfiles/kml/shapes/placemark_circle.png","______Evento":811599,"_______Fecha":"07/12/2007","________Hora":"01:40:58","_____Latitud":42.4531,"____Longitud":-6.7066,"__Prof___Km_":"0.0","______Inten_":"","________Mag_":"1.8","___Tipo_Mag_":4,"Localizaci_n":"SE BORRENES.LE","unnamed":"León"}},{"type":"Feature","geometry":{"type":"Point","coordinates":[-3.8445,42.4889,0]},"properties":{"styleUrl":"#pointStyleMap","icon":"http://maps.google.com/mapfiles/kml/shapes/placemark_circle.png","______Evento":837951,"_______Fecha":"27/04/2008","________Hora":"18:05:21","_____Latitud":42.4889,"____Longitud":-3.8445,"__Prof___Km_":"10.8","______Inten_":"","________Mag_":"1.8","___Tipo_Mag_":4,"Localizaci_n":"W SANTIBÁÑEZ ZARZAGUDA.BU","unnamed":"Burgos"}},{"type":"Feature","geometry":{"type":"Point","coordinates":[-6.5457,42.4222,0]},"properties":{"styleUrl":"#pointStyleMap","icon":"http://maps.google.com/mapfiles/kml/shapes/placemark_circle.png","______Evento":842476,"_______Fecha":"16/05/2008","________Hora":"20:44:12","_____Latitud":42.4222,"____Longitud":-6.5457,"__Prof___Km_":"11.4","______Inten_":"","________Mag_":"1.8","___Tipo_Mag_":4,"Localizaci_n":"N CASTRILLO DE CABRERA.LE","unnamed":"León"}},{"type":"Feature","geometry":{"type":"Point","coordinates":[-6.2338,42.9175,0]},"properties":{"styleUrl":"#pointStyleMap","icon":"http://maps.google.com/mapfiles/kml/shapes/placemark_circle.png","______Evento":883173,"_______Fecha":"07/11/2008","________Hora":"12:48:35","_____Latitud":42.9175,"____Longitud":-6.2338,"__Prof___Km_":"0.0","______Inten_":"","________Mag_":"1.8","___Tipo_Mag_":4,"Localizaci_n":"SE VILLABLINO.LE","unnamed":"León"}},{"type":"Feature","geometry":{"type":"Point","coordinates":[-3.6093,42.3997,0]},"properties":{"styleUrl":"#pointStyleMap","icon":"http://maps.google.com/mapfiles/kml/shapes/placemark_circle.png","______Evento":959764,"_______Fecha":"26/11/2009","________Hora":"02:00:46","_____Latitud":42.3997,"____Longitud":-3.6093,"__Prof___Km_":"0.0","______Inten_":"","________Mag_":"1.8","___Tipo_Mag_":4,"Localizaci_n":"SE HURONES.BU","unnamed":"Burgos"}},{"type":"Feature","geometry":{"type":"Point","coordinates":[-6.2473,42.3385,0]},"properties":{"styleUrl":"#pointStyleMap","icon":"http://maps.google.com/mapfiles/kml/shapes/placemark_circle.png","______Evento":1058430,"_______Fecha":"30/04/2011","________Hora":"12:42:41","_____Latitud":42.3385,"____Longitud":-6.2473,"__Prof___Km_":"13.3","______Inten_":"","________Mag_":"1.8","___Tipo_Mag_":4,"Localizaci_n":"SW LUYEGO DE SOMOZA.LE","unnamed":"León"}},{"type":"Feature","geometry":{"type":"Point","coordinates":[-6.1211,42.9422,0]},"properties":{"styleUrl":"#pointStyleMap","icon":"http://maps.google.com/mapfiles/kml/shapes/placemark_circle.png","______Evento":1088535,"_______Fecha":"27/08/2011","________Hora":"18:56:02","_____Latitud":42.9422,"____Longitud":-6.1211,"__Prof___Km_":"7.3","______Inten_":"","________Mag_":"1.8","___Tipo_Mag_":4,"Localizaci_n":"SE CABRILLANES.LE","unnamed":"León"}},{"type":"Feature","geometry":{"type":"Point","coordinates":[-6.5285,42.3858,0]},"properties":{"styleUrl":"#pointStyleMap","icon":"http://maps.google.com/mapfiles/kml/shapes/placemark_circle.png","______Evento":1118603,"_______Fecha":"25/12/2011","________Hora":"11:25:46","_____Latitud":42.3858,"____Longitud":-6.5285,"__Prof___Km_":"11.0","______Inten_":"","________Mag_":"1.8","___Tipo_Mag_":4,"Localizaci_n":"NE CASTRILLO DE CABRERA.LE","unnamed":"León"}},{"type":"Feature","geometry":{"type":"Point","coordinates":[-6.9156,42.5778,0]},"properties":{"styleUrl":"#pointStyleMap","icon":"http://maps.google.com/mapfiles/kml/shapes/placemark_circle.png","______Evento":1121969,"_______Fecha":"18/01/2012","________Hora":"08:00:19","_____Latitud":42.5778,"____Longitud":-6.9156,"__Prof___Km_":"22.0","______Inten_":"","________Mag_":"1.8","___Tipo_Mag_":4,"Localizaci_n":"NE OENCIA.LE","unnamed":"León"}},{"type":"Feature","geometry":{"type":"Point","coordinates":[-6.7715,42.0698,0]},"properties":{"styleUrl":"#pointStyleMap","icon":"http://maps.google.com/mapfiles/kml/shapes/placemark_circle.png","______Evento":1315909,"_______Fecha":"06/02/2015","________Hora":"00:58:00","_____Latitud":42.0698,"____Longitud":-6.7715,"__Prof___Km_":"12.0","______Inten_":"","________Mag_":"1.8","___Tipo_Mag_":4,"Localizaci_n":"NW REQUEJO.ZA","unnamed":"Zamora"}},{"type":"Feature","geometry":{"type":"Point","coordinates":[-5.5573,40.9017,0]},"properties":{"styleUrl":"#pointStyleMap","icon":"http://maps.google.com/mapfiles/kml/shapes/placemark_circle.png","______Evento":1342149,"_______Fecha":"29/08/2015","________Hora":"21:52:04","_____Latitud":40.9017,"____Longitud":-5.5573,"__Prof___Km_":"0.0","______Inten_":"","________Mag_":"1.8","___Tipo_Mag_":4,"Localizaci_n":"E CALVARRASA DE ARRIBA.SA","unnamed":"Salamanca"}},{"type":"Feature","geometry":{"type":"Point","coordinates":[-4.8871,43.0223,0]},"properties":{"styleUrl":"#pointStyleMap","icon":"http://maps.google.com/mapfiles/kml/shapes/placemark_circle.png","______Evento":1343410,"_______Fecha":"07/09/2015","________Hora":"15:08:17","_____Latitud":43.0223,"____Longitud":-4.8871,"__Prof___Km_":"8.0","______Inten_":"","________Mag_":"1.8","___Tipo_Mag_":4,"Localizaci_n":"NE BOCA DE HUÉRGANO.LE","unnamed":"León"}},{"type":"Feature","geometry":{"type":"Point","coordinates":[-5.7833,40.4592,0]},"properties":{"styleUrl":"#pointStyleMap","icon":"http://maps.google.com/mapfiles/kml/shapes/placemark_circle.png","______Evento":0,"_______Fecha":"31/01/2017","________Hora":"15:08:20","_____Latitud":40.4592,"____Longitud":-5.7833,"__Prof___Km_":"12.0","______Inten_":"","________Mag_":"1.8","___Tipo_Mag_":4,"Localizaci_n":"SW PEROMINGO.SA","unnamed":"Salamanca"}},{"type":"Feature","geometry":{"type":"Point","coordinates":[-5.8001,40.489,0]},"properties":{"styleUrl":"#pointStyleMap","icon":"http://maps.google.com/mapfiles/kml/shapes/placemark_circle.png","______Evento":0,"_______Fecha":"10/07/2017","________Hora":"13:06:45","_____Latitud":40.489,"____Longitud":-5.8001,"__Prof___Km_":"0.0","______Inten_":"","________Mag_":"1.8","___Tipo_Mag_":4,"Localizaci_n":"NW VALVERDE DE VALDELACASA.SA","unnamed":"Salamanca"}},{"type":"Feature","geometry":{"type":"Point","coordinates":[-4.9376,42.9815,0]},"properties":{"styleUrl":"#pointStyleMap","icon":"http://maps.google.com/mapfiles/kml/shapes/placemark_circle.png","______Evento":0,"_______Fecha":"12/11/2017","________Hora":"02:35:52","_____Latitud":42.9815,"____Longitud":-4.9376,"__Prof___Km_":"12.0","______Inten_":"","________Mag_":"1.8","___Tipo_Mag_":4,"Localizaci_n":"NW BOCA DE HUÉRGANO.LE","unnamed":"León"}},{"type":"Feature","geometry":{"type":"Point","coordinates":[-6.807,42.7432,0]},"properties":{"styleUrl":"#pointStyleMap","icon":"http://maps.google.com/mapfiles/kml/shapes/placemark_circle.png","______Evento":0,"_______Fecha":"28/01/2018","________Hora":"07:43:06","_____Latitud":42.7432,"____Longitud":-6.807,"__Prof___Km_":"12.0","______Inten_":"","________Mag_":"1.8","___Tipo_Mag_":4,"Localizaci_n":"NE BALBOA.LE","unnamed":"León"}},{"type":"Feature","geometry":{"type":"Point","coordinates":[-5.9377,41.5882,0]},"properties":{"styleUrl":"#pointStyleMap","icon":"http://maps.google.com/mapfiles/kml/shapes/placemark_circle.png","______Evento":0,"_______Fecha":"16/04/2018","________Hora":"00:34:17","_____Latitud":41.5882,"____Longitud":-5.9377,"__Prof___Km_":"0.0","______Inten_":"","________Mag_":"1.8","___Tipo_Mag_":4,"Localizaci_n":"W ALMENDRA.ZA","unnamed":"Zamora"}},{"type":"Feature","geometry":{"type":"Point","coordinates":[-3.7613,41.3407,0]},"properties":{"styleUrl":"#pointStyleMap","icon":"http://maps.google.com/mapfiles/kml/shapes/placemark_circle.png","______Evento":0,"_______Fecha":"26/06/2018","________Hora":"01:28:36","_____Latitud":41.3407,"____Longitud":-3.7613,"__Prof___Km_":"12.0","______Inten_":"","________Mag_":"1.8","___Tipo_Mag_":4,"Localizaci_n":"SE URUEÑAS.SG","unnamed":"Segovia"}},{"type":"Feature","geometry":{"type":"Point","coordinates":[-2.2203,41.9943,0]},"properties":{"styleUrl":"#pointStyleMap","icon":"http://maps.google.com/mapfiles/kml/shapes/placemark_circle.png","______Evento":0,"_______Fecha":"08/09/2018","________Hora":"00:16:07","_____Latitud":41.9943,"____Longitud":-2.2203,"__Prof___Km_":"12.0","______Inten_":"","________Mag_":"1.8","___Tipo_Mag_":4,"Localizaci_n":"S SAN PEDRO MANRIQUE.SO","unnamed":"Soria"}},{"type":"Feature","geometry":{"type":"Point","coordinates":[-1.9607,41.8213,0]},"properties":{"styleUrl":"#pointStyleMap","icon":"http://maps.google.com/mapfiles/kml/shapes/placemark_circle.png","______Evento":0,"_______Fecha":"01/01/2019","________Hora":"17:57:36","_____Latitud":41.8213,"____Longitud":-1.9607,"__Prof___Km_":"5.0","______Inten_":"","________Mag_":"1.8","___Tipo_Mag_":4,"Localizaci_n":"NE ÓLVEGA.SO","unnamed":"Soria"}},{"type":"Feature","geometry":{"type":"Point","coordinates":[-6.7154,42.162,0]},"properties":{"styleUrl":"#pointStyleMap","icon":"http://maps.google.com/mapfiles/kml/shapes/placemark_circle.png","______Evento":0,"_______Fecha":"20/11/2020","________Hora":"16:54:50","_____Latitud":42.162,"____Longitud":-6.7154,"__Prof___Km_":"32.0","______Inten_":"","________Mag_":"1.8","___Tipo_Mag_":4,"Localizaci_n":"NW TREFACIO.ZA","unnamed":"Zamora"}},{"type":"Feature","geometry":{"type":"Point","coordinates":[-1.8582,41.8658,0]},"properties":{"styleUrl":"#pointStyleMap","icon":"http://maps.google.com/mapfiles/kml/shapes/placemark_circle.png","______Evento":0,"_______Fecha":"19/09/2021","________Hora":"19:12:58","_____Latitud":41.8658,"____Longitud":-1.8582,"__Prof___Km_":"0.0","______Inten_":"","________Mag_":"1.8","___Tipo_Mag_":4,"Localizaci_n":"N VOZMEDIANO.SO","unnamed":"Soria"}},{"type":"Feature","geometry":{"type":"Point","coordinates":[-6.2341,42.3563,0]},"properties":{"styleUrl":"#pointStyleMap","icon":"http://maps.google.com/mapfiles/kml/shapes/placemark_circle.png","______Evento":0,"_______Fecha":"12/11/2021","________Hora":"22:37:21","_____Latitud":42.3563,"____Longitud":-6.2341,"__Prof___Km_":"0.0","______Inten_":"","________Mag_":"1.8","___Tipo_Mag_":4,"Localizaci_n":"S LUYEGO.LE","unnamed":"León"}},{"type":"Feature","geometry":{"type":"Point","coordinates":[-2.3779,41.7475,0]},"properties":{"styleUrl":"#pointStyleMap","icon":"http://maps.google.com/mapfiles/kml/shapes/placemark_circle.png","______Evento":0,"_______Fecha":"27/12/2021","________Hora":"01:06:58","_____Latitud":41.7475,"____Longitud":-2.3779,"__Prof___Km_":"0.0","______Inten_":"","________Mag_":"1.8","___Tipo_Mag_":4,"Localizaci_n":"NE ALCONABA.SO","unnamed":"Soria"}},{"type":"Feature","geometry":{"type":"Point","coordinates":[-7.0034,42.6749,0]},"properties":{"styleUrl":"#pointStyleMap","icon":"http://maps.google.com/mapfiles/kml/shapes/placemark_circle.png","______Evento":0,"_______Fecha":"30/12/2021","________Hora":"00:17:55","_____Latitud":42.6749,"____Longitud":-7.0034,"__Prof___Km_":"5.0","______Inten_":"","________Mag_":"1.8","___Tipo_Mag_":4,"Localizaci_n":"W VEGA DE VALCARCE.LE","unnamed":"León"}},{"type":"Feature","geometry":{"type":"Point","coordinates":[-5.0323,42.9185,0]},"properties":{"styleUrl":"#pointStyleMap","icon":"http://maps.google.com/mapfiles/kml/shapes/placemark_circle.png","______Evento":0,"_______Fecha":"27/02/2022","________Hora":"03:34:12","_____Latitud":42.9185,"____Longitud":-5.0323,"__Prof___Km_":"5.0","______Inten_":"","________Mag_":"1.8","___Tipo_Mag_":4,"Localizaci_n":"SW RIAÑO.LE","unnamed":"León"}},{"type":"Feature","geometry":{"type":"Point","coordinates":[-6.2465,42.4367,0]},"properties":{"styleUrl":"#pointStyleMap","icon":"http://maps.google.com/mapfiles/kml/shapes/placemark_circle.png","______Evento":0,"_______Fecha":"17/04/2022","________Hora":"02:24:20","_____Latitud":42.4367,"____Longitud":-6.2465,"__Prof___Km_":"0.0","______Inten_":"","________Mag_":"1.8","___Tipo_Mag_":4,"Localizaci_n":"SW SANTA COLOMBA DE SOMOZA.LE","unnamed":"León"}},{"type":"Feature","geometry":{"type":"Point","coordinates":[-6.7064,42.3094,0]},"properties":{"styleUrl":"#pointStyleMap","icon":"http://maps.google.com/mapfiles/kml/shapes/placemark_circle.png","______Evento":0,"_______Fecha":"24/04/2022","________Hora":"17:02:18","_____Latitud":42.3094,"____Longitud":-6.7064,"__Prof___Km_":"4.0","______Inten_":"","________Mag_":"1.8","___Tipo_Mag_":4,"Localizaci_n":"NW ENCINEDO.LE","unnamed":"León"}},{"type":"Feature","geometry":{"type":"Point","coordinates":[-6.0912,42.1924,0]},"properties":{"styleUrl":"#pointStyleMap","icon":"http://maps.google.com/mapfiles/kml/shapes/placemark_circle.png","______Evento":0,"_______Fecha":"01/05/2022","________Hora":"06:00:37","_____Latitud":42.1924,"____Longitud":-6.0912,"__Prof___Km_":"7.0","______Inten_":"","________Mag_":"1.8","___Tipo_Mag_":4,"Localizaci_n":"E CASTROCONTRIGO.LE","unnamed":"León"}},{"type":"Feature","geometry":{"type":"Point","coordinates":[-6.711,42.0945,0]},"properties":{"styleUrl":"#pointStyleMap","icon":"http://maps.google.com/mapfiles/kml/shapes/placemark_circle.png","______Evento":0,"_______Fecha":"15/10/2022","________Hora":"14:41:00","_____Latitud":42.0945,"____Longitud":-6.711,"__Prof___Km_":"21.0","______Inten_":"","________Mag_":"1.8","___Tipo_Mag_":4,"Localizaci_n":"NW COBREROS.ZA","unnamed":"Zamora"}},{"type":"Feature","geometry":{"type":"Point","coordinates":[-7.0088,42.5169,0]},"properties":{"styleUrl":"#pointStyleMap","icon":"http://maps.google.com/mapfiles/kml/shapes/placemark_circle.png","______Evento":0,"_______Fecha":"08/04/2023","________Hora":"20:31:45","_____Latitud":42.5169,"____Longitud":-7.0088,"__Prof___Km_":"0.0","______Inten_":"","________Mag_":"1.8","___Tipo_Mag_":4,"Localizaci_n":"SW OENCIA.LE","unnamed":"León"}},{"type":"Feature","geometry":{"type":"Point","coordinates":[-6.9645,42.5386,0]},"properties":{"styleUrl":"#pointStyleMap","icon":"http://maps.google.com/mapfiles/kml/shapes/placemark_circle.png","______Evento":0,"_______Fecha":"15/04/2023","________Hora":"09:01:59","_____Latitud":42.5386,"____Longitud":-6.9645,"__Prof___Km_":"3.0","______Inten_":"","________Mag_":"1.8","___Tipo_Mag_":4,"Localizaci_n":"SE OENCIA.LE","unnamed":"León"}},{"type":"Feature","geometry":{"type":"Point","coordinates":[-5.8427,42.9507,0]},"properties":{"styleUrl":"#pointStyleMap","icon":"http://maps.google.com/mapfiles/kml/shapes/placemark_circle.png","______Evento":0,"_______Fecha":"09/06/2023","________Hora":"00:44:13","_____Latitud":42.9507,"____Longitud":-5.8427,"__Prof___Km_":"0.0","______Inten_":"","________Mag_":"1.8","___Tipo_Mag_":4,"Localizaci_n":"E SENA DE LUNA.LE","unnamed":"León"}},{"type":"Feature","geometry":{"type":"Point","coordinates":[-3.2732,43.0803,0]},"properties":{"styleUrl":"#pointStyleMap","icon":"http://maps.google.com/mapfiles/kml/shapes/placemark_circle.png","______Evento":0,"_______Fecha":"09/07/2023","________Hora":"00:58:50","_____Latitud":43.0803,"____Longitud":-3.2732,"__Prof___Km_":"11.0","______Inten_":"","________Mag_":"1.8","___Tipo_Mag_":4,"Localizaci_n":"SE VALLE DE MENA.BU","unnamed":"Burgos"}},{"type":"Feature","geometry":{"type":"Point","coordinates":[-1.8001,41.7236,0]},"properties":{"styleUrl":"#pointStyleMap","icon":"http://maps.google.com/mapfiles/kml/shapes/placemark_circle.png","______Evento":0,"_______Fecha":"14/10/2023","________Hora":"14:41:02","_____Latitud":41.7236,"____Longitud":-1.8001,"__Prof___Km_":"4.0","______Inten_":"","________Mag_":"1.8","___Tipo_Mag_":4,"Localizaci_n":"NE BERATÓN.SO","unnamed":"Soria"}},{"type":"Feature","geometry":{"type":"Point","coordinates":[-5.8627,41.8565,0]},"properties":{"styleUrl":"#pointStyleMap","icon":"http://maps.google.com/mapfiles/kml/shapes/placemark_circle.png","______Evento":0,"_______Fecha":"24/11/2023","________Hora":"11:35:37","_____Latitud":41.8565,"____Longitud":-5.8627,"__Prof___Km_":"5.0","______Inten_":"","________Mag_":"1.8","___Tipo_Mag_":4,"Localizaci_n":"NE FARAMONTANOS DE TÁBARA.ZA","unnamed":"Zamora"}},{"type":"Feature","geometry":{"type":"Point","coordinates":[-6.749,42.4896,0]},"properties":{"styleUrl":"#pointStyleMap","icon":"http://maps.google.com/mapfiles/kml/shapes/placemark_circle.png","______Evento":0,"_______Fecha":"14/01/2024","________Hora":"19:57:41","_____Latitud":42.4896,"____Longitud":-6.749,"__Prof___Km_":"9.0","______Inten_":"","________Mag_":"1.8","___Tipo_Mag_":4,"Localizaci_n":"E CARUCEDO.LE","unnamed":"León"}},{"type":"Feature","geometry":{"type":"Point","coordinates":[-3.7545,43.0784,0]},"properties":{"styleUrl":"#pointStyleMap","icon":"http://maps.google.com/mapfiles/kml/shapes/placemark_circle.png","______Evento":0,"_______Fecha":"30/03/2024","________Hora":"01:44:47","_____Latitud":43.0784,"____Longitud":-3.7545,"__Prof___Km_":"12.0","______Inten_":"","________Mag_":"1.8","___Tipo_Mag_":4,"Localizaci_n":"N MERINDAD DE VALDEPORRES.BU","unnamed":"Burgos"}},{"type":"Feature","geometry":{"type":"Point","coordinates":[-6.4455,42.346,0]},"properties":{"styleUrl":"#pointStyleMap","icon":"http://maps.google.com/mapfiles/kml/shapes/placemark_circle.png","______Evento":0,"_______Fecha":"22/08/2024","________Hora":"07:49:47","_____Latitud":42.346,"____Longitud":-6.4455,"__Prof___Km_":"23.0","______Inten_":"","________Mag_":"1.8","___Tipo_Mag_":4,"Localizaci_n":"E CASTRILLO DE CABRERA.LE","unnamed":"León"}},{"type":"Feature","geometry":{"type":"Point","coordinates":[-6.7541,42.515,0]},"properties":{"styleUrl":"#pointStyleMap","icon":"http://maps.google.com/mapfiles/kml/shapes/placemark_circle.png","______Evento":0,"_______Fecha":"22/08/2024","________Hora":"09:42:48","_____Latitud":42.515,"____Longitud":-6.7541,"__Prof___Km_":"0.0","______Inten_":"","________Mag_":"1.8","___Tipo_Mag_":4,"Localizaci_n":"NE CARUCEDO.LE","unnamed":"León"}},{"type":"Feature","geometry":{"type":"Point","coordinates":[-3.1236,42.0771,0]},"properties":{"styleUrl":"#pointStyleMap","icon":"http://maps.google.com/mapfiles/kml/shapes/placemark_circle.png","______Evento":0,"_______Fecha":"23/08/2024","________Hora":"08:29:33","_____Latitud":42.0771,"____Longitud":-3.1236,"__Prof___Km_":"55.0","______Inten_":"","________Mag_":"1.8","___Tipo_Mag_":4,"Localizaci_n":"SE VALLE DE VALDELAGUNA.BU","unnamed":"Burgos"}},{"type":"Feature","geometry":{"type":"Point","coordinates":[-3.2823,43.1698,0]},"properties":{"styleUrl":"#pointStyleMap","icon":"http://maps.google.com/mapfiles/kml/shapes/placemark_circle.png","______Evento":0,"_______Fecha":"17/11/2024","________Hora":"10:33:15","_____Latitud":43.1698,"____Longitud":-3.2823,"__Prof___Km_":"8.0","______Inten_":"","________Mag_":"1.8","___Tipo_Mag_":4,"Localizaci_n":"N VALLE DE MENA.BU","unnamed":"Burgos"}},{"type":"Feature","geometry":{"type":"Point","coordinates":[-6.8028,42.4172,0]},"properties":{"styleUrl":"#pointStyleMap","icon":"http://maps.google.com/mapfiles/kml/shapes/placemark_circle.png","______Evento":0,"_______Fecha":"13/12/2024","________Hora":"17:22:58","_____Latitud":42.4172,"____Longitud":-6.8028,"__Prof___Km_":"0.0","______Inten_":"","________Mag_":"1.8","___Tipo_Mag_":4,"Localizaci_n":"NE PUENTE DE DOMINGO FLÓREZ.LE","unnamed":"León"}},{"type":"Feature","geometry":{"type":"Point","coordinates":[-5.1066,43.0264,0]},"properties":{"styleUrl":"#pointStyleMap","icon":"http://maps.google.com/mapfiles/kml/shapes/placemark_circle.png","______Evento":0,"_______Fecha":"17/12/2024","________Hora":"05:52:17","_____Latitud":43.0264,"____Longitud":-5.1066,"__Prof___Km_":"0.0","______Inten_":"","________Mag_":"1.8","___Tipo_Mag_":4,"Localizaci_n":"SE ACEBEDO.LE","unnamed":"León"}},{"type":"Feature","geometry":{"type":"Point","coordinates":[-6.2709,41.2522,0]},"properties":{"styleUrl":"#pointStyleMap","icon":"http://maps.google.com/mapfiles/kml/shapes/placemark_circle.png","______Evento":0,"_______Fecha":"26/02/2025","________Hora":"14:03:24","_____Latitud":41.2522,"____Longitud":-6.2709,"__Prof___Km_":"1.0","______Inten_":"","________Mag_":"1.8","___Tipo_Mag_":4,"Localizaci_n":"N SARDÓN DE LOS FRAILES.SA","unnamed":"Salamanca"}},{"type":"Feature","geometry":{"type":"Point","coordinates":[-6.7161,42.3088,0]},"properties":{"styleUrl":"#pointStyleMap","icon":"http://maps.google.com/mapfiles/kml/shapes/placemark_circle.png","______Evento":0,"_______Fecha":"01/03/2025","________Hora":"03:51:19","_____Latitud":42.3088,"____Longitud":-6.7161,"__Prof___Km_":"1.0","______Inten_":"","________Mag_":"1.8","___Tipo_Mag_":4,"Localizaci_n":"S BENUZA.LE","unnamed":"León"}},{"type":"Feature","geometry":{"type":"Point","coordinates":[-6.6998,42.3112,0]},"properties":{"styleUrl":"#pointStyleMap","icon":"http://maps.google.com/mapfiles/kml/shapes/placemark_circle.png","______Evento":0,"_______Fecha":"01/03/2025","________Hora":"04:25:30","_____Latitud":42.3112,"____Longitud":-6.6998,"__Prof___Km_":"2.0","______Inten_":"","________Mag_":"1.8","___Tipo_Mag_":4,"Localizaci_n":"NW ENCINEDO.LE","unnamed":"León"}},{"type":"Feature","geometry":{"type":"Point","coordinates":[-6.2856,42.3559,0]},"properties":{"styleUrl":"#pointStyleMap","icon":"http://maps.google.com/mapfiles/kml/shapes/placemark_circle.png","______Evento":0,"_______Fecha":"11/03/2025","________Hora":"17:29:59","_____Latitud":42.3559,"____Longitud":-6.2856,"__Prof___Km_":"8.0","______Inten_":"","________Mag_":"1.8","___Tipo_Mag_":4,"Localizaci_n":"SW LUYEGO.LE","unnamed":"León"}},{"type":"Feature","geometry":{"type":"Point","coordinates":[-5.4864,40.9583,0]},"properties":{"styleUrl":"#pointStyleMap","icon":"http://maps.google.com/mapfiles/kml/shapes/placemark_circle.png","______Evento":0,"_______Fecha":"05/04/2025","________Hora":"18:01:35","_____Latitud":40.9583,"____Longitud":-5.4864,"__Prof___Km_":"1.0","______Inten_":"","________Mag_":"1.8","___Tipo_Mag_":4,"Localizaci_n":"SW HUERTA.SA","unnamed":"Salamanca"}},{"type":"Feature","geometry":{"type":"Point","coordinates":[-6.7448,42.0838,0]},"properties":{"styleUrl":"#pointStyleMap","icon":"http://maps.google.com/mapfiles/kml/shapes/placemark_circle.png","______Evento":0,"_______Fecha":"28/06/2025","________Hora":"22:08:32","_____Latitud":42.0838,"____Longitud":-6.7448,"__Prof___Km_":"25.0","______Inten_":"","________Mag_":"1.8","___Tipo_Mag_":4,"Localizaci_n":"W COBREROS.ZA","unnamed":"Zamora"}},{"type":"Feature","geometry":{"type":"Point","coordinates":[-6.1045,42.0964,0]},"properties":{"styleUrl":"#pointStyleMap","icon":"http://maps.google.com/mapfiles/kml/shapes/placemark_circle.png","______Evento":0,"_______Fecha":"13/09/2025","________Hora":"17:08:56","_____Latitud":42.0964,"____Longitud":-6.1045,"__Prof___Km_":"0.0","______Inten_":"","________Mag_":"1.8","___Tipo_Mag_":4,"Localizaci_n":"E UÑA DE QUINTANA.ZA","unnamed":"Zamora"}},{"type":"Feature","geometry":{"type":"Point","coordinates":[-6.8172,42.5483,0]},"properties":{"styleUrl":"#pointStyleMap","icon":"http://maps.google.com/mapfiles/kml/shapes/placemark_circle.png","______Evento":0,"_______Fecha":"09/11/2025","________Hora":"02:16:11","_____Latitud":42.5483,"____Longitud":-6.8172,"__Prof___Km_":"0.0","______Inten_":"","________Mag_":"1.8","___Tipo_Mag_":4,"Localizaci_n":"S CORULLÓN.LE","unnamed":"León"}},{"type":"Feature","geometry":{"type":"Point","coordinates":[-4.7595,40.9846,0]},"properties":{"styleUrl":"#pointStyleMap","icon":"http://maps.google.com/mapfiles/kml/shapes/placemark_circle.png","______Evento":0,"_______Fecha":"26/12/2025","________Hora":"15:40:11","_____Latitud":40.9846,"____Longitud":-4.7595,"__Prof___Km_":"0.0","______Inten_":"","________Mag_":"1.8","___Tipo_Mag_":4,"Localizaci_n":"NE NAVA DE ARÉVALO.AV","unnamed":"Ávila"}},{"type":"Feature","geometry":{"type":"Point","coordinates":[-6.7468,42.0292,0]},"properties":{"styleUrl":"#pointStyleMap","icon":"http://maps.google.com/mapfiles/kml/shapes/placemark_circle.png","______Evento":0,"_______Fecha":"12/02/2026","________Hora":"19:44:14","_____Latitud":42.0292,"____Longitud":-6.7468,"__Prof___Km_":"12.0","______Inten_":"","________Mag_":"1.8","___Tipo_Mag_":4,"Localizaci_n":"SW REQUEJO.ZA","unnamed":"Zamora"}},{"type":"Feature","geometry":{"type":"Point","coordinates":[-6.7231,41.9794,0]},"properties":{"styleUrl":"#pointStyleMap","icon":"http://maps.google.com/mapfiles/kml/shapes/placemark_circle.png","______Evento":0,"_______Fecha":"22/02/2026","________Hora":"09:30:13","_____Latitud":41.9794,"____Longitud":-6.7231,"__Prof___Km_":"2.0","______Inten_":"","________Mag_":"1.8","___Tipo_Mag_":4,"Localizaci_n":"SW PEDRALBA DE LA PRADERÍA.ZA","unnamed":"Zamora"}},{"type":"Feature","geometry":{"type":"Point","coordinates":[-5.446,42.94,0]},"properties":{"styleUrl":"#pointStyleMap","icon":"http://maps.google.com/mapfiles/kml/shapes/placemark_circle.png","______Evento":0,"_______Fecha":"30/04/2026","________Hora":"11:24:11","_____Latitud":42.94,"____Longitud":-5.446,"__Prof___Km_":"0.0","______Inten_":"","________Mag_":"1.8","___Tipo_Mag_":4,"Localizaci_n":"SW VALDELUGUEROS.LE","unnamed":"León"}},{"type":"Feature","geometry":{"type":"Point","coordinates":[-6.3746,41.7538,0]},"properties":{"styleUrl":"#pointStyleMap","icon":"http://maps.google.com/mapfiles/kml/shapes/placemark_circle.png","______Evento":0,"_______Fecha":"29/06/2026","________Hora":"08:25:07","_____Latitud":41.7538,"____Longitud":-6.3746,"__Prof___Km_":"0.0","______Inten_":"","________Mag_":"1.8","___Tipo_Mag_":4,"Localizaci_n":"SW SAN VITERO.ZA","unnamed":"Zamora"}},{"type":"Feature","geometry":{"type":"Point","coordinates":[-6.0528,40.6013,0]},"properties":{"styleUrl":"#pointStyleMap","icon":"http://maps.google.com/mapfiles/kml/shapes/placemark_circle.png","______Evento":0,"_______Fecha":"09/07/2026","________Hora":"21:22:52","_____Latitud":40.6013,"____Longitud":-6.0528,"__Prof___Km_":"1.0","______Inten_":"","________Mag_":"1.8","___Tipo_Mag_":4,"Localizaci_n":"NE LA BASTIDA.SA","unnamed":"Salamanca"}},{"type":"Feature","geometry":{"type":"Point","coordinates":[-6.9289,42.5951,0]},"properties":{"styleUrl":"#pointStyleMap","icon":"http://maps.google.com/mapfiles/kml/shapes/placemark_circle.png","______Evento":0,"_______Fecha":"29/07/2026","________Hora":"01:59:50","_____Latitud":42.5951,"____Longitud":-6.9289,"__Prof___Km_":"4.0","______Inten_":"","________Mag_":"1.8","___Tipo_Mag_":4,"Localizaci_n":"SE BARJAS.LE","unnamed":"León"}},{"type":"Feature","geometry":{"type":"Point","coordinates":[-6.7721,42.072,0]},"properties":{"styleUrl":"#pointStyleMap","icon":"http://maps.google.com/mapfiles/kml/shapes/placemark_circle.png","______Evento":0,"_______Fecha":"22/05/2016","________Hora":"19:42:59","_____Latitud":42.072,"____Longitud":-6.7721,"__Prof___Km_":"11.0","______Inten_":"","________Mag_":"1.8","___Tipo_Mag_":4,"Localizaci_n":"NW REQUEJO.ZA","unnamed":"Zamora"}},{"type":"Feature","geometry":{"type":"Point","coordinates":[-6.6666,42.1612,0]},"properties":{"styleUrl":"#pointStyleMap","icon":"http://maps.google.com/mapfiles/kml/shapes/placemark_circle.png","______Evento":336388,"_______Fecha":"24/06/2002","________Hora":"20:46:26","_____Latitud":42.1612,"____Longitud":-6.6666,"__Prof___Km_":"5.5","______Inten_":"","________Mag_":"1.7","___Tipo_Mag_":4,"Localizaci_n":"NW SAN JUSTO.ZA","unnamed":"Zamora"}},{"type":"Feature","geometry":{"type":"Point","coordinates":[-6.0047,41.5473,0]},"properties":{"styleUrl":"#pointStyleMap","icon":"http://maps.google.com/mapfiles/kml/shapes/placemark_circle.png","______Evento":360883,"_______Fecha":"12/01/2003","________Hora":"19:22:36","_____Latitud":41.5473,"____Longitud":-6.0047,"__Prof___Km_":"11.0","______Inten_":"","________Mag_":"1.7","___Tipo_Mag_":4,"Localizaci_n":"NW MUELAS DEL PAN.ZA","unnamed":"Zamora"}},{"type":"Feature","geometry":{"type":"Point","coordinates":[-6.0035,41.5409,0]},"properties":{"styleUrl":"#pointStyleMap","icon":"http://maps.google.com/mapfiles/kml/shapes/placemark_circle.png","______Evento":361884,"_______Fecha":"22/01/2003","________Hora":"21:01:17","_____Latitud":41.5409,"____Longitud":-6.0035,"__Prof___Km_":"0.0","______Inten_":"","________Mag_":"1.7","___Tipo_Mag_":4,"Localizaci_n":"NW MUELAS DEL PAN.ZA","unnamed":"Zamora"}},{"type":"Feature","geometry":{"type":"Point","coordinates":[-2.3617,41.6874,0]},"properties":{"styleUrl":"#pointStyleMap","icon":"http://maps.google.com/mapfiles/kml/shapes/placemark_circle.png","______Evento":380133,"_______Fecha":"08/05/2003","________Hora":"12:34:27","_____Latitud":41.6874,"____Longitud":-2.3617,"__Prof___Km_":"11.0","______Inten_":"","________Mag_":"1.7","___Tipo_Mag_":4,"Localizaci_n":"NW ALDEALAFUENTE.SO","unnamed":"Soria"}},{"type":"Feature","geometry":{"type":"Point","coordinates":[-6.8065,42.1693,0]},"properties":{"styleUrl":"#pointStyleMap","icon":"http://maps.google.com/mapfiles/kml/shapes/placemark_circle.png","______Evento":446594,"_______Fecha":"10/01/2004","________Hora":"20:02:38","_____Latitud":42.1693,"____Longitud":-6.8065,"__Prof___Km_":"0.0","______Inten_":"","________Mag_":"1.7","___Tipo_Mag_":4,"Localizaci_n":"E PORTO.ZA","unnamed":"Zamora"}},{"type":"Feature","geometry":{"type":"Point","coordinates":[-5.9633,41.5609,0]},"properties":{"styleUrl":"#pointStyleMap","icon":"http://maps.google.com/mapfiles/kml/shapes/placemark_circle.png","______Evento":449750,"_______Fecha":"31/10/2003","________Hora":"02:56:29","_____Latitud":41.5609,"____Longitud":-5.9633,"__Prof___Km_":"5.5","______Inten_":"","________Mag_":"1.7","___Tipo_Mag_":4,"Localizaci_n":"N MUELAS DEL PAN.ZA","unnamed":"Zamora"}},{"type":"Feature","geometry":{"type":"Point","coordinates":[-5.9649,41.5966,0]},"properties":{"styleUrl":"#pointStyleMap","icon":"http://maps.google.com/mapfiles/kml/shapes/placemark_circle.png","______Evento":449752,"_______Fecha":"31/10/2003","________Hora":"04:06:12","_____Latitud":41.5966,"____Longitud":-5.9649,"__Prof___Km_":"0.0","______Inten_":"","________Mag_":"1.7","___Tipo_Mag_":4,"Localizaci_n":"W ALMENDRA.ZA","unnamed":"Zamora"}},{"type":"Feature","geometry":{"type":"Point","coordinates":[-6.211,40.8927,0]},"properties":{"styleUrl":"#pointStyleMap","icon":"http://maps.google.com/mapfiles/kml/shapes/placemark_circle.png","______Evento":459330,"_______Fecha":"24/02/2004","________Hora":"13:28:54","_____Latitud":40.8927,"____Longitud":-6.211,"__Prof___Km_":"0.0","______Inten_":"","________Mag_":"1.7","___Tipo_Mag_":4,"Localizaci_n":"N PELARRODRÍGUEZ.SA","unnamed":"Salamanca"}},{"type":"Feature","geometry":{"type":"Point","coordinates":[-1.9261,41.8742,0]},"properties":{"styleUrl":"#pointStyleMap","icon":"http://maps.google.com/mapfiles/kml/shapes/placemark_circle.png","______Evento":463394,"_______Fecha":"03/03/2004","________Hora":"22:28:08","_____Latitud":41.8742,"____Longitud":-1.9261,"__Prof___Km_":"4.5","______Inten_":"","________Mag_":"1.7","___Tipo_Mag_":4,"Localizaci_n":"NW ÁGREDA.SO","unnamed":"Soria"}},{"type":"Feature","geometry":{"type":"Point","coordinates":[-5.9999,41.5721,0]},"properties":{"styleUrl":"#pointStyleMap","icon":"http://maps.google.com/mapfiles/kml/shapes/placemark_circle.png","______Evento":485365,"_______Fecha":"17/05/2004","________Hora":"16:55:09","_____Latitud":41.5721,"____Longitud":-5.9999,"__Prof___Km_":"11.4","______Inten_":"","________Mag_":"1.7","___Tipo_Mag_":4,"Localizaci_n":"SE VIDEMALA.ZA","unnamed":"Zamora"}},{"type":"Feature","geometry":{"type":"Point","coordinates":[-5.9896,41.5537,0]},"properties":{"styleUrl":"#pointStyleMap","icon":"http://maps.google.com/mapfiles/kml/shapes/placemark_circle.png","______Evento":491615,"_______Fecha":"13/01/2003","________Hora":"04:18:24","_____Latitud":41.5537,"____Longitud":-5.9896,"__Prof___Km_":"0.0","______Inten_":"","________Mag_":"1.7","___Tipo_Mag_":4,"Localizaci_n":"NW MUELAS DEL PAN.ZA","unnamed":"Zamora"}},{"type":"Feature","geometry":{"type":"Point","coordinates":[-5.9933,41.5491,0]},"properties":{"styleUrl":"#pointStyleMap","icon":"http://maps.google.com/mapfiles/kml/shapes/placemark_circle.png","______Evento":493978,"_______Fecha":"19/06/2004","________Hora":"02:25:17","_____Latitud":41.5491,"____Longitud":-5.9933,"__Prof___Km_":"0.0","______Inten_":"","________Mag_":"1.7","___Tipo_Mag_":4,"Localizaci_n":"NW MUELAS DEL PAN.ZA","unnamed":"Zamora"}},{"type":"Feature","geometry":{"type":"Point","coordinates":[-6.5032,42.4592,0]},"properties":{"styleUrl":"#pointStyleMap","icon":"http://maps.google.com/mapfiles/kml/shapes/placemark_circle.png","______Evento":537122,"_______Fecha":"23/01/2005","________Hora":"18:19:25","_____Latitud":42.4592,"____Longitud":-6.5032,"__Prof___Km_":"0.0","______Inten_":"","________Mag_":"1.7","___Tipo_Mag_":4,"Localizaci_n":"S MOLINASECA.LE","unnamed":"León"}},{"type":"Feature","geometry":{"type":"Point","coordinates":[-6.3258,43.0182,0]},"properties":{"styleUrl":"#pointStyleMap","icon":"http://maps.google.com/mapfiles/kml/shapes/placemark_circle.png","______Evento":558017,"_______Fecha":"03/04/2005","________Hora":"03:59:51","_____Latitud":43.0182,"____Longitud":-6.3258,"__Prof___Km_":"18.9","______Inten_":"","________Mag_":"1.7","___Tipo_Mag_":4,"Localizaci_n":"N VILLABLINO.LE","unnamed":"León"}},{"type":"Feature","geometry":{"type":"Point","coordinates":[-3.7044,42.8869,0]},"properties":{"styleUrl":"#pointStyleMap","icon":"http://maps.google.com/mapfiles/kml/shapes/placemark_circle.png","______Evento":564808,"_______Fecha":"24/04/2005","________Hora":"16:55:14","_____Latitud":42.8869,"____Longitud":-3.7044,"__Prof___Km_":"3.2","______Inten_":"","________Mag_":"1.7","___Tipo_Mag_":4,"Localizaci_n":"SW MANZANEDO.BU","unnamed":"burgos"}},{"type":"Feature","geometry":{"type":"Point","coordinates":[-6.0021,41.5399,0]},"properties":{"styleUrl":"#pointStyleMap","icon":"http://maps.google.com/mapfiles/kml/shapes/placemark_circle.png","______Evento":664414,"_______Fecha":"03/06/2006","________Hora":"19:10:21","_____Latitud":41.5399,"____Longitud":-6.0021,"__Prof___Km_":"0.0","______Inten_":"","________Mag_":"1.7","___Tipo_Mag_":4,"Localizaci_n":"NW MUELAS DEL PAN.ZA","unnamed":"Zamora"}},{"type":"Feature","geometry":{"type":"Point","coordinates":[-1.8793,41.6625,0]},"properties":{"styleUrl":"#pointStyleMap","icon":"http://maps.google.com/mapfiles/kml/shapes/placemark_circle.png","______Evento":695489,"_______Fecha":"08/10/2006","________Hora":"03:39:24","_____Latitud":41.6625,"____Longitud":-1.8793,"__Prof___Km_":"0.0","______Inten_":"","________Mag_":"1.7","___Tipo_Mag_":4,"Localizaci_n":"E BOROBIA.SO","unnamed":"Soria"}},{"type":"Feature","geometry":{"type":"Point","coordinates":[-6.7967,42.5264,0]},"properties":{"styleUrl":"#pointStyleMap","icon":"http://maps.google.com/mapfiles/kml/shapes/placemark_circle.png","______Evento":754922,"_______Fecha":"21/05/2007","________Hora":"08:10:10","_____Latitud":42.5264,"____Longitud":-6.7967,"__Prof___Km_":"0.0","______Inten_":"","________Mag_":"1.7","___Tipo_Mag_":4,"Localizaci_n":"E SOBRADO.LE","unnamed":"León"}},{"type":"Feature","geometry":{"type":"Point","coordinates":[-5.9469,41.627,0]},"properties":{"styleUrl":"#pointStyleMap","icon":"http://maps.google.com/mapfiles/kml/shapes/placemark_circle.png","______Evento":809353,"_______Fecha":"22/11/2007","________Hora":"09:47:41","_____Latitud":41.627,"____Longitud":-5.9469,"__Prof___Km_":"0.0","______Inten_":"","________Mag_":"1.7","___Tipo_Mag_":4,"Localizaci_n":"S MANZANAL DEL BARCO.ZA","unnamed":"Zamora"}},{"type":"Feature","geometry":{"type":"Point","coordinates":[-6.9175,42.1658,0]},"properties":{"styleUrl":"#pointStyleMap","icon":"http://maps.google.com/mapfiles/kml/shapes/placemark_circle.png","______Evento":833528,"_______Fecha":"04/04/2008","________Hora":"01:17:49","_____Latitud":42.1658,"____Longitud":-6.9175,"__Prof___Km_":"13.0","______Inten_":"","________Mag_":"1.7","___Tipo_Mag_":4,"Localizaci_n":"W PORTO.ZA","unnamed":"Zamora"}},{"type":"Feature","geometry":{"type":"Point","coordinates":[-5.9389,41.5816,0]},"properties":{"styleUrl":"#pointStyleMap","icon":"http://maps.google.com/mapfiles/kml/shapes/placemark_circle.png","______Evento":891722,"_______Fecha":"07/01/2009","________Hora":"08:06:23","_____Latitud":41.5816,"____Longitud":-5.9389,"__Prof___Km_":"0.0","______Inten_":"","________Mag_":"1.7","___Tipo_Mag_":4,"Localizaci_n":"SW ALMENDRA.ZA","unnamed":"Zamora"}},{"type":"Feature","geometry":{"type":"Point","coordinates":[-3.3102,42.5435,0]},"properties":{"styleUrl":"#pointStyleMap","icon":"http://maps.google.com/mapfiles/kml/shapes/placemark_circle.png","______Evento":901967,"_______Fecha":"09/03/2009","________Hora":"19:19:34","_____Latitud":42.5435,"____Longitud":-3.3102,"__Prof___Km_":"0.0","______Inten_":"","________Mag_":"1.7","___Tipo_Mag_":4,"Localizaci_n":"SE BRIVIESCA.BU","unnamed":"Burgos"}},{"type":"Feature","geometry":{"type":"Point","coordinates":[-5.7072,41.9997,0]},"properties":{"styleUrl":"#pointStyleMap","icon":"http://maps.google.com/mapfiles/kml/shapes/placemark_circle.png","______Evento":908149,"_______Fecha":"18/04/2009","________Hora":"03:40:25","_____Latitud":41.9997,"____Longitud":-5.7072,"__Prof___Km_":"0.0","______Inten_":"","________Mag_":"1.7","___Tipo_Mag_":4,"Localizaci_n":"SE SANTA CRISTINA DE LA POLVOROSA.ZA","unnamed":"Zamora"}},{"type":"Feature","geometry":{"type":"Point","coordinates":[-2.2884,41.6369,0]},"properties":{"styleUrl":"#pointStyleMap","icon":"http://maps.google.com/mapfiles/kml/shapes/placemark_circle.png","______Evento":941159,"_______Fecha":"12/09/2009","________Hora":"03:43:33","_____Latitud":41.6369,"____Longitud":-2.2884,"__Prof___Km_":"0.0","______Inten_":"","________Mag_":"1.7","___Tipo_Mag_":4,"Localizaci_n":"SW ALIUD.SO","unnamed":"Soria"}},{"type":"Feature","geometry":{"type":"Point","coordinates":[-6.6367,42.4959,0]},"properties":{"styleUrl":"#pointStyleMap","icon":"http://maps.google.com/mapfiles/kml/shapes/placemark_circle.png","______Evento":964343,"_______Fecha":"23/12/2009","________Hora":"20:46:29","_____Latitud":42.4959,"____Longitud":-6.6367,"__Prof___Km_":"10.9","______Inten_":"","________Mag_":"1.7","___Tipo_Mag_":4,"Localizaci_n":"SE PRIARANZA DEL BIERZO.LE","unnamed":"León"}},{"type":"Feature","geometry":{"type":"Point","coordinates":[-6.7636,42.1781,0]},"properties":{"styleUrl":"#pointStyleMap","icon":"http://maps.google.com/mapfiles/kml/shapes/placemark_circle.png","______Evento":966143,"_______Fecha":"12/01/2010","________Hora":"05:22:27","_____Latitud":42.1781,"____Longitud":-6.7636,"__Prof___Km_":"0.0","______Inten_":"","________Mag_":"1.7","___Tipo_Mag_":4,"Localizaci_n":"E PORTO.ZA","unnamed":"Zamora"}},{"type":"Feature","geometry":{"type":"Point","coordinates":[-6.4373,42.339,0]},"properties":{"styleUrl":"#pointStyleMap","icon":"http://maps.google.com/mapfiles/kml/shapes/placemark_circle.png","______Evento":967725,"_______Fecha":"22/01/2010","________Hora":"02:02:20","_____Latitud":42.339,"____Longitud":-6.4373,"__Prof___Km_":"0.0","______Inten_":"","________Mag_":"1.7","___Tipo_Mag_":4,"Localizaci_n":"NE TRUCHAS.LE","unnamed":"León"}},{"type":"Feature","geometry":{"type":"Point","coordinates":[-4.8981,42.8843,0]},"properties":{"styleUrl":"#pointStyleMap","icon":"http://maps.google.com/mapfiles/kml/shapes/placemark_circle.png","______Evento":982035,"_______Fecha":"14/04/2010","________Hora":"01:52:13","_____Latitud":42.8843,"____Longitud":-4.8981,"__Prof___Km_":"0.0","______Inten_":"","________Mag_":"1.7","___Tipo_Mag_":4,"Localizaci_n":"E PRIORO.LE","unnamed":"Zamora"}},{"type":"Feature","geometry":{"type":"Point","coordinates":[-3.9208,41.42,0]},"properties":{"styleUrl":"#pointStyleMap","icon":"http://maps.google.com/mapfiles/kml/shapes/placemark_circle.png","______Evento":999438,"_______Fecha":"29/06/2010","________Hora":"01:26:13","_____Latitud":41.42,"____Longitud":-3.9208,"__Prof___Km_":"0.0","______Inten_":"","________Mag_":"1.7","___Tipo_Mag_":4,"Localizaci_n":"NE SAN MIGUEL DE BERNUY.SG","unnamed":"Segovia"}},{"type":"Feature","geometry":{"type":"Point","coordinates":[-6.7548,42.5003,0]},"properties":{"styleUrl":"#pointStyleMap","icon":"http://maps.google.com/mapfiles/kml/shapes/placemark_circle.png","______Evento":1027050,"_______Fecha":"04/11/2010","________Hora":"02:03:33","_____Latitud":42.5003,"____Longitud":-6.7548,"__Prof___Km_":"11.4","______Inten_":"","________Mag_":"1.7","___Tipo_Mag_":4,"Localizaci_n":"NE CARUCEDO.LE","unnamed":"León"}},{"type":"Feature","geometry":{"type":"Point","coordinates":[-6.7412,42.0454,0]},"properties":{"styleUrl":"#pointStyleMap","icon":"http://maps.google.com/mapfiles/kml/shapes/placemark_circle.png","______Evento":1027448,"_______Fecha":"05/11/2010","________Hora":"10:26:45","_____Latitud":42.0454,"____Longitud":-6.7412,"__Prof___Km_":"10.0","______Inten_":"","________Mag_":"1.7","___Tipo_Mag_":4,"Localizaci_n":"N REQUEJO.ZA","unnamed":"Zamora"}},{"type":"Feature","geometry":{"type":"Point","coordinates":[-6.7379,42.1496,0]},"properties":{"styleUrl":"#pointStyleMap","icon":"http://maps.google.com/mapfiles/kml/shapes/placemark_circle.png","______Evento":1065662,"_______Fecha":"07/06/2011","________Hora":"05:30:33","_____Latitud":42.1496,"____Longitud":-6.7379,"__Prof___Km_":"8.1","______Inten_":"","________Mag_":"1.7","___Tipo_Mag_":4,"Localizaci_n":"NW GALENDE.ZA","unnamed":"Zamora"}},{"type":"Feature","geometry":{"type":"Point","coordinates":[-6.7041,41.9742,0]},"properties":{"styleUrl":"#pointStyleMap","icon":"http://maps.google.com/mapfiles/kml/shapes/placemark_circle.png","______Evento":1120331,"_______Fecha":"07/01/2012","________Hora":"00:22:51","_____Latitud":41.9742,"____Longitud":-6.7041,"__Prof___Km_":"0.0","______Inten_":"","________Mag_":"1.7","___Tipo_Mag_":4,"Localizaci_n":"SW PEDRALBA DE LA PRADERÍA.ZA","unnamed":"Zamora"}},{"type":"Feature","geometry":{"type":"Point","coordinates":[-6.315,42.615,0]},"properties":{"styleUrl":"#pointStyleMap","icon":"http://maps.google.com/mapfiles/kml/shapes/placemark_circle.png","______Evento":1170060,"_______Fecha":"14/10/2012","________Hora":"07:39:04","_____Latitud":42.615,"____Longitud":-6.315,"__Prof___Km_":"0.0","______Inten_":"","________Mag_":"1.7","___Tipo_Mag_":4,"Localizaci_n":"N TORRE DEL BIERZO.LE","unnamed":"León"}},{"type":"Feature","geometry":{"type":"Point","coordinates":[-5.8393,42.9085,0]},"properties":{"styleUrl":"#pointStyleMap","icon":"http://maps.google.com/mapfiles/kml/shapes/placemark_circle.png","______Evento":1188538,"_______Fecha":"04/02/2013","________Hora":"01:35:13","_____Latitud":42.9085,"____Longitud":-5.8393,"__Prof___Km_":"5.0","______Inten_":"","________Mag_":"1.7","___Tipo_Mag_":4,"Localizaci_n":"NE LOS BARRIOS DE LUNA.LE","unnamed":"León"}},{"type":"Feature","geometry":{"type":"Point","coordinates":[-6.6125,42.3783,0]},"properties":{"styleUrl":"#pointStyleMap","icon":"http://maps.google.com/mapfiles/kml/shapes/placemark_circle.png","______Evento":1202139,"_______Fecha":"29/03/2013","________Hora":"17:15:20","_____Latitud":42.3783,"____Longitud":-6.6125,"__Prof___Km_":"6.0","______Inten_":"","________Mag_":"1.7","___Tipo_Mag_":4,"Localizaci_n":"NW CASTRILLO DE CABRERA.LE","unnamed":"León"}},{"type":"Feature","geometry":{"type":"Point","coordinates":[-5.8954,41.7107,0]},"properties":{"styleUrl":"#pointStyleMap","icon":"http://maps.google.com/mapfiles/kml/shapes/placemark_circle.png","______Evento":1263239,"_______Fecha":"16/03/2014","________Hora":"05:40:44","_____Latitud":41.7107,"____Longitud":-5.8954,"__Prof___Km_":"0.0","______Inten_":"","________Mag_":"1.7","___Tipo_Mag_":4,"Localizaci_n":"SW PERILLA DE CASTRO.ZA","unnamed":"Zamora"}},{"type":"Feature","geometry":{"type":"Point","coordinates":[-6.565,42.0353,0]},"properties":{"styleUrl":"#pointStyleMap","icon":"http://maps.google.com/mapfiles/kml/shapes/placemark_circle.png","______Evento":1292124,"_______Fecha":"28/08/2014","________Hora":"11:27:29","_____Latitud":42.0353,"____Longitud":-6.565,"__Prof___Km_":"0.0","______Inten_":"","________Mag_":"1.7","___Tipo_Mag_":4,"Localizaci_n":"SW PALACIOS DE SANABRIA.ZA","unnamed":"Zamora"}},{"type":"Feature","geometry":{"type":"Point","coordinates":[-5.8874,42.9353,0]},"properties":{"styleUrl":"#pointStyleMap","icon":"http://maps.google.com/mapfiles/kml/shapes/placemark_circle.png","______Evento":1300149,"_______Fecha":"11/10/2014","________Hora":"14:09:49","_____Latitud":42.9353,"____Longitud":-5.8874,"__Prof___Km_":"11.0","______Inten_":"","________Mag_":"1.7","___Tipo_Mag_":4,"Localizaci_n":"E SENA DE LUNA.LE","unnamed":"León"}},{"type":"Feature","geometry":{"type":"Point","coordinates":[-6.7649,42.0759,0]},"properties":{"styleUrl":"#pointStyleMap","icon":"http://maps.google.com/mapfiles/kml/shapes/placemark_circle.png","______Evento":1301180,"_______Fecha":"18/10/2014","________Hora":"19:08:43","_____Latitud":42.0759,"____Longitud":-6.7649,"__Prof___Km_":"12.0","______Inten_":"","________Mag_":"1.7","___Tipo_Mag_":4,"Localizaci_n":"NW REQUEJO.ZA","unnamed":"Zamora"}},{"type":"Feature","geometry":{"type":"Point","coordinates":[-6.2853,42.2643,0]},"properties":{"styleUrl":"#pointStyleMap","icon":"http://maps.google.com/mapfiles/kml/shapes/placemark_circle.png","______Evento":1334963,"_______Fecha":"20/06/2015","________Hora":"05:41:57","_____Latitud":42.2643,"____Longitud":-6.2853,"__Prof___Km_":"0.0","______Inten_":"","________Mag_":"1.7","___Tipo_Mag_":4,"Localizaci_n":"NW CASTROCONTRIGO.LE","unnamed":"León"}},{"type":"Feature","geometry":{"type":"Point","coordinates":[-6.246,41.2405,0]},"properties":{"styleUrl":"#pointStyleMap","icon":"http://maps.google.com/mapfiles/kml/shapes/placemark_circle.png","______Evento":1337862,"_______Fecha":"25/07/2015","________Hora":"04:23:56","_____Latitud":41.2405,"____Longitud":-6.246,"__Prof___Km_":"11.0","______Inten_":"","________Mag_":"1.7","___Tipo_Mag_":4,"Localizaci_n":"NE SARDÓN DE LOS FRAILES.SA","unnamed":"Salamanca"}},{"type":"Feature","geometry":{"type":"Point","coordinates":[-2.2958,41.6687,0]},"properties":{"styleUrl":"#pointStyleMap","icon":"http://maps.google.com/mapfiles/kml/shapes/placemark_circle.png","______Evento":1338888,"_______Fecha":"05/08/2015","________Hora":"17:51:25","_____Latitud":41.6687,"____Longitud":-2.2958,"__Prof___Km_":"17.0","______Inten_":"","________Mag_":"1.7","___Tipo_Mag_":4,"Localizaci_n":"E ALDEALAFUENTE.SO","unnamed":"Soria"}},{"type":"Feature","geometry":{"type":"Point","coordinates":[-6.7815,42.0898,0]},"properties":{"styleUrl":"#pointStyleMap","icon":"http://maps.google.com/mapfiles/kml/shapes/placemark_circle.png","______Evento":1350785,"_______Fecha":"23/10/2015","________Hora":"13:31:33","_____Latitud":42.0898,"____Longitud":-6.7815,"__Prof___Km_":"14.0","______Inten_":"","________Mag_":"1.7","___Tipo_Mag_":4,"Localizaci_n":"W COBREROS.ZA","unnamed":"Zamora"}},{"type":"Feature","geometry":{"type":"Point","coordinates":[-6.4555,42.4487,0]},"properties":{"styleUrl":"#pointStyleMap","icon":"http://maps.google.com/mapfiles/kml/shapes/placemark_circle.png","______Evento":0,"_______Fecha":"30/11/2016","________Hora":"23:02:25","_____Latitud":42.4487,"____Longitud":-6.4555,"__Prof___Km_":"11.0","______Inten_":"","________Mag_":"1.7","___Tipo_Mag_":4,"Localizaci_n":"SE MOLINASECA.LE","unnamed":"León"}},{"type":"Feature","geometry":{"type":"Point","coordinates":[-6.6932,42.1578,0]},"properties":{"styleUrl":"#pointStyleMap","icon":"http://maps.google.com/mapfiles/kml/shapes/placemark_circle.png","______Evento":0,"_______Fecha":"28/11/2017","________Hora":"03:21:31","_____Latitud":42.1578,"____Longitud":-6.6932,"__Prof___Km_":"12.0","______Inten_":"","________Mag_":"1.7","___Tipo_Mag_":4,"Localizaci_n":"NW TREFACIO.ZA","unnamed":"Zamora"}},{"type":"Feature","geometry":{"type":"Point","coordinates":[-6.5282,42.5624,0]},"properties":{"styleUrl":"#pointStyleMap","icon":"http://maps.google.com/mapfiles/kml/shapes/placemark_circle.png","______Evento":0,"_______Fecha":"30/04/2019","________Hora":"00:49:02","_____Latitud":42.5624,"____Longitud":-6.5282,"__Prof___Km_":"9.0","______Inten_":"","________Mag_":"1.7","___Tipo_Mag_":4,"Localizaci_n":"NW MOLINASECA.LE","unnamed":"León"}},{"type":"Feature","geometry":{"type":"Point","coordinates":[-2.1537,41.6949,0]},"properties":{"styleUrl":"#pointStyleMap","icon":"http://maps.google.com/mapfiles/kml/shapes/placemark_circle.png","______Evento":0,"_______Fecha":"31/10/2019","________Hora":"02:53:27","_____Latitud":41.6949,"____Longitud":-2.1537,"__Prof___Km_":"6.0","______Inten_":"","________Mag_":"1.7","___Tipo_Mag_":4,"Localizaci_n":"E ALMENAR DE SORIA.SO","unnamed":"Soria"}},{"type":"Feature","geometry":{"type":"Point","coordinates":[-6.2599,42.2705,0]},"properties":{"styleUrl":"#pointStyleMap","icon":"http://maps.google.com/mapfiles/kml/shapes/placemark_circle.png","______Evento":0,"_______Fecha":"05/12/2019","________Hora":"00:40:57","_____Latitud":42.2705,"____Longitud":-6.2599,"__Prof___Km_":"0.0","______Inten_":"","________Mag_":"1.7","___Tipo_Mag_":4,"Localizaci_n":"NW CASTROCONTRIGO.LE","unnamed":"León"}},{"type":"Feature","geometry":{"type":"Point","coordinates":[-2.5647,42.7438,0]},"properties":{"styleUrl":"#pointStyleMap","icon":"http://maps.google.com/mapfiles/kml/shapes/placemark_circle.png","______Evento":0,"_______Fecha":"22/10/2020","________Hora":"12:46:27","_____Latitud":42.7438,"____Longitud":-2.5647,"__Prof___Km_":"14.0","______Inten_":"","________Mag_":"1.7","___Tipo_Mag_":4,"Localizaci_n":"E CONDADO DE TREVIÑO.BU","unnamed":"Burgos"}},{"type":"Feature","geometry":{"type":"Point","coordinates":[-5.364,43.0011,0]},"properties":{"styleUrl":"#pointStyleMap","icon":"http://maps.google.com/mapfiles/kml/shapes/placemark_circle.png","______Evento":0,"_______Fecha":"30/05/2021","________Hora":"06:45:51","_____Latitud":43.0011,"____Longitud":-5.364,"__Prof___Km_":"0.0","______Inten_":"","________Mag_":"1.7","___Tipo_Mag_":4,"Localizaci_n":"NE VALDELUGUEROS.LE","unnamed":"León"}},{"type":"Feature","geometry":{"type":"Point","coordinates":[-2.3558,41.7468,0]},"properties":{"styleUrl":"#pointStyleMap","icon":"http://maps.google.com/mapfiles/kml/shapes/placemark_circle.png","______Evento":0,"_______Fecha":"21/09/2021","________Hora":"19:40:36","_____Latitud":41.7468,"____Longitud":-2.3558,"__Prof___Km_":"12.0","______Inten_":"","________Mag_":"1.7","___Tipo_Mag_":4,"Localizaci_n":"NE ALCONABA.SO","unnamed":"Soria"}},{"type":"Feature","geometry":{"type":"Point","coordinates":[-2.3747,41.7488,0]},"properties":{"styleUrl":"#pointStyleMap","icon":"http://maps.google.com/mapfiles/kml/shapes/placemark_circle.png","______Evento":0,"_______Fecha":"02/01/2022","________Hora":"06:06:50","_____Latitud":41.7488,"____Longitud":-2.3747,"__Prof___Km_":"0.0","______Inten_":"","________Mag_":"1.7","___Tipo_Mag_":4,"Localizaci_n":"NE ALCONABA.SO","unnamed":"Soria"}},{"type":"Feature","geometry":{"type":"Point","coordinates":[-6.6928,42.2751,0]},"properties":{"styleUrl":"#pointStyleMap","icon":"http://maps.google.com/mapfiles/kml/shapes/placemark_circle.png","______Evento":0,"_______Fecha":"19/05/2022","________Hora":"23:54:27","_____Latitud":42.2751,"____Longitud":-6.6928,"__Prof___Km_":"22.0","______Inten_":"","________Mag_":"1.7","___Tipo_Mag_":4,"Localizaci_n":"W ENCINEDO.LE","unnamed":"León"}},{"type":"Feature","geometry":{"type":"Point","coordinates":[-2.3171,41.7386,0]},"properties":{"styleUrl":"#pointStyleMap","icon":"http://maps.google.com/mapfiles/kml/shapes/placemark_circle.png","______Evento":0,"_______Fecha":"25/05/2022","________Hora":"22:44:12","_____Latitud":41.7386,"____Longitud":-2.3171,"__Prof___Km_":"6.0","______Inten_":"","________Mag_":"1.7","___Tipo_Mag_":4,"Localizaci_n":"NW CANDILICHERA.SO","unnamed":"Soria"}},{"type":"Feature","geometry":{"type":"Point","coordinates":[-2.3482,42.1118,0]},"properties":{"styleUrl":"#pointStyleMap","icon":"http://maps.google.com/mapfiles/kml/shapes/placemark_circle.png","______Evento":0,"_______Fecha":"17/09/2022","________Hora":"15:31:34","_____Latitud":42.1118,"____Longitud":-2.3482,"__Prof___Km_":"14.0","______Inten_":"","________Mag_":"1.7","___Tipo_Mag_":4,"Localizaci_n":"NW YANGUAS.SO","unnamed":"soria"}},{"type":"Feature","geometry":{"type":"Point","coordinates":[-3.7763,43.0318,0]},"properties":{"styleUrl":"#pointStyleMap","icon":"http://maps.google.com/mapfiles/kml/shapes/placemark_circle.png","______Evento":0,"_______Fecha":"10/02/2023","________Hora":"21:17:33","_____Latitud":43.0318,"____Longitud":-3.7763,"__Prof___Km_":"5.0","______Inten_":"","________Mag_":"1.7","___Tipo_Mag_":4,"Localizaci_n":"NW MERINDAD DE VALDEPORRES.BU","unnamed":"Burgos"}},{"type":"Feature","geometry":{"type":"Point","coordinates":[-3.5659,43.1245,0]},"properties":{"styleUrl":"#pointStyleMap","icon":"http://maps.google.com/mapfiles/kml/shapes/placemark_circle.png","______Evento":0,"_______Fecha":"11/05/2023","________Hora":"03:28:37","_____Latitud":43.1245,"____Longitud":-3.5659,"__Prof___Km_":"6.0","______Inten_":"","________Mag_":"1.7","___Tipo_Mag_":4,"Localizaci_n":"NW ESPINOSA DE LOS MONTEROS.BU","unnamed":"Burgos"}},{"type":"Feature","geometry":{"type":"Point","coordinates":[-6.8338,42.6946,0]},"properties":{"styleUrl":"#pointStyleMap","icon":"http://maps.google.com/mapfiles/kml/shapes/placemark_circle.png","______Evento":0,"_______Fecha":"14/05/2023","________Hora":"20:42:56","_____Latitud":42.6946,"____Longitud":-6.8338,"__Prof___Km_":"10.0","______Inten_":"","________Mag_":"1.7","___Tipo_Mag_":4,"Localizaci_n":"NE TRABADELO.LE","unnamed":"León"}},{"type":"Feature","geometry":{"type":"Point","coordinates":[-6.7994,42.6904,0]},"properties":{"styleUrl":"#pointStyleMap","icon":"http://maps.google.com/mapfiles/kml/shapes/placemark_circle.png","______Evento":0,"_______Fecha":"15/06/2023","________Hora":"03:32:06","_____Latitud":42.6904,"____Longitud":-6.7994,"__Prof___Km_":"8.0","______Inten_":"","________Mag_":"1.7","___Tipo_Mag_":4,"Localizaci_n":"NE TRABADELO.LE","unnamed":"León"}},{"type":"Feature","geometry":{"type":"Point","coordinates":[-1.8478,41.7625,0]},"properties":{"styleUrl":"#pointStyleMap","icon":"http://maps.google.com/mapfiles/kml/shapes/placemark_circle.png","______Evento":0,"_______Fecha":"26/09/2023","________Hora":"19:22:07","_____Latitud":41.7625,"____Longitud":-1.8478,"__Prof___Km_":"9.0","______Inten_":"","________Mag_":"1.7","___Tipo_Mag_":4,"Localizaci_n":"E CUEVA DE ÁGREDA.SO","unnamed":"Soria"}},{"type":"Feature","geometry":{"type":"Point","coordinates":[-6.7092,42.1645,0]},"properties":{"styleUrl":"#pointStyleMap","icon":"http://maps.google.com/mapfiles/kml/shapes/placemark_circle.png","______Evento":0,"_______Fecha":"09/05/2024","________Hora":"20:32:59","_____Latitud":42.1645,"____Longitud":-6.7092,"__Prof___Km_":"7.0","______Inten_":"","________Mag_":"1.7","___Tipo_Mag_":4,"Localizaci_n":"NW TREFACIO.ZA","unnamed":"Zamora"}},{"type":"Feature","geometry":{"type":"Point","coordinates":[-6.8351,42.0911,0]},"properties":{"styleUrl":"#pointStyleMap","icon":"http://maps.google.com/mapfiles/kml/shapes/placemark_circle.png","______Evento":0,"_______Fecha":"04/09/2024","________Hora":"00:39:40","_____Latitud":42.0911,"____Longitud":-6.8351,"__Prof___Km_":"15.0","______Inten_":"","________Mag_":"1.7","___Tipo_Mag_":4,"Localizaci_n":"NE LUBIÁN.ZA","unnamed":"Zamora"}},{"type":"Feature","geometry":{"type":"Point","coordinates":[-6.7527,42.4671,0]},"properties":{"styleUrl":"#pointStyleMap","icon":"http://maps.google.com/mapfiles/kml/shapes/placemark_circle.png","______Evento":0,"_______Fecha":"29/12/2024","________Hora":"20:20:06","_____Latitud":42.4671,"____Longitud":-6.7527,"__Prof___Km_":"20.0","______Inten_":"","________Mag_":"1.7","___Tipo_Mag_":4,"Localizaci_n":"SE CARUCEDO.LE","unnamed":"León"}},{"type":"Feature","geometry":{"type":"Point","coordinates":[-6.6432,41.2399,0]},"properties":{"styleUrl":"#pointStyleMap","icon":"http://maps.google.com/mapfiles/kml/shapes/placemark_circle.png","______Evento":0,"_______Fecha":"12/01/2025","________Hora":"21:27:55","_____Latitud":41.2399,"____Longitud":-6.6432,"__Prof___Km_":"10.0","______Inten_":"","________Mag_":"1.7","___Tipo_Mag_":4,"Localizaci_n":"NW ALDEADÁVILA DE LA RIBERA.SA","unnamed":"Salamanca"}},{"type":"Feature","geometry":{"type":"Point","coordinates":[-6.6626,42.3026,0]},"properties":{"styleUrl":"#pointStyleMap","icon":"http://maps.google.com/mapfiles/kml/shapes/placemark_circle.png","______Evento":0,"_______Fecha":"01/03/2025","________Hora":"02:17:05","_____Latitud":42.3026,"____Longitud":-6.6626,"__Prof___Km_":"5.0","______Inten_":"","________Mag_":"1.7","___Tipo_Mag_":4,"Localizaci_n":"NW ENCINEDO.LE","unnamed":"León"}},{"type":"Feature","geometry":{"type":"Point","coordinates":[-6.7013,42.3009,0]},"properties":{"styleUrl":"#pointStyleMap","icon":"http://maps.google.com/mapfiles/kml/shapes/placemark_circle.png","______Evento":0,"_______Fecha":"01/03/2025","________Hora":"03:45:06","_____Latitud":42.3009,"____Longitud":-6.7013,"__Prof___Km_":"3.0","______Inten_":"","________Mag_":"1.7","___Tipo_Mag_":4,"Localizaci_n":"NW ENCINEDO.LE","unnamed":"León"}},{"type":"Feature","geometry":{"type":"Point","coordinates":[-6.7009,42.3089,0]},"properties":{"styleUrl":"#pointStyleMap","icon":"http://maps.google.com/mapfiles/kml/shapes/placemark_circle.png","______Evento":0,"_______Fecha":"01/03/2025","________Hora":"05:30:03","_____Latitud":42.3089,"____Longitud":-6.7009,"__Prof___Km_":"0.0","______Inten_":"","________Mag_":"1.7","___Tipo_Mag_":4,"Localizaci_n":"NW ENCINEDO.LE","unnamed":"León"}},{"type":"Feature","geometry":{"type":"Point","coordinates":[-6.7438,42.6636,0]},"properties":{"styleUrl":"#pointStyleMap","icon":"http://maps.google.com/mapfiles/kml/shapes/placemark_circle.png","______Evento":0,"_______Fecha":"07/03/2025","________Hora":"01:48:49","_____Latitud":42.6636,"____Longitud":-6.7438,"__Prof___Km_":"0.0","______Inten_":"","________Mag_":"1.7","___Tipo_Mag_":4,"Localizaci_n":"NW ARGANZA.LE","unnamed":"León"}},{"type":"Feature","geometry":{"type":"Point","coordinates":[-6.5223,42.408,0]},"properties":{"styleUrl":"#pointStyleMap","icon":"http://maps.google.com/mapfiles/kml/shapes/placemark_circle.png","______Evento":0,"_______Fecha":"10/04/2025","________Hora":"04:57:23","_____Latitud":42.408,"____Longitud":-6.5223,"__Prof___Km_":"11.0","______Inten_":"","________Mag_":"1.7","___Tipo_Mag_":4,"Localizaci_n":"NE CASTRILLO DE CABRERA.LE","unnamed":"León"}},{"type":"Feature","geometry":{"type":"Point","coordinates":[-6.0142,42.2031,0]},"properties":{"styleUrl":"#pointStyleMap","icon":"http://maps.google.com/mapfiles/kml/shapes/placemark_circle.png","______Evento":0,"_______Fecha":"04/08/2025","________Hora":"13:37:46","_____Latitud":42.2031,"____Longitud":-6.0142,"__Prof___Km_":"0.0","______Inten_":"","________Mag_":"1.7","___Tipo_Mag_":4,"Localizaci_n":"W CASTROCALBÓN.LE","unnamed":"León"}},{"type":"Feature","geometry":{"type":"Point","coordinates":[-6.4133,42.2034,0]},"properties":{"styleUrl":"#pointStyleMap","icon":"http://maps.google.com/mapfiles/kml/shapes/placemark_circle.png","______Evento":0,"_______Fecha":"30/09/2025","________Hora":"00:24:10","_____Latitud":42.2034,"____Longitud":-6.4133,"__Prof___Km_":"8.0","______Inten_":"","________Mag_":"1.7","___Tipo_Mag_":4,"Localizaci_n":"SE TRUCHAS.LE","unnamed":"León"}},{"type":"Feature","geometry":{"type":"Point","coordinates":[-2.1931,41.664,0]},"properties":{"styleUrl":"#pointStyleMap","icon":"http://maps.google.com/mapfiles/kml/shapes/placemark_circle.png","______Evento":0,"_______Fecha":"21/10/2025","________Hora":"02:19:28","_____Latitud":41.664,"____Longitud":-2.1931,"__Prof___Km_":"0.0","______Inten_":"","________Mag_":"1.7","___Tipo_Mag_":4,"Localizaci_n":"N BUBEROS.SO","unnamed":"Soria"}},{"type":"Feature","geometry":{"type":"Point","coordinates":[-6.8126,42.064,0]},"properties":{"styleUrl":"#pointStyleMap","icon":"http://maps.google.com/mapfiles/kml/shapes/placemark_circle.png","______Evento":0,"_______Fecha":"02/11/2025","________Hora":"06:57:44","_____Latitud":42.064,"____Longitud":-6.8126,"__Prof___Km_":"1.0","______Inten_":"","________Mag_":"1.7","___Tipo_Mag_":4,"Localizaci_n":"NW REQUEJO.ZA","unnamed":"Zamora"}},{"type":"Feature","geometry":{"type":"Point","coordinates":[-6.6659,42.4103,0]},"properties":{"styleUrl":"#pointStyleMap","icon":"http://maps.google.com/mapfiles/kml/shapes/placemark_circle.png","______Evento":0,"_______Fecha":"23/04/2026","________Hora":"00:20:37","_____Latitud":42.4103,"____Longitud":-6.6659,"__Prof___Km_":"0.0","______Inten_":"","________Mag_":"1.7","___Tipo_Mag_":4,"Localizaci_n":"E BENUZA.LE","unnamed":"León"}},{"type":"Feature","geometry":{"type":"Point","coordinates":[-6.5752,42.8843,0]},"properties":{"styleUrl":"#pointStyleMap","icon":"http://maps.google.com/mapfiles/kml/shapes/placemark_circle.png","______Evento":0,"_______Fecha":"18/07/2026","________Hora":"19:46:13","_____Latitud":42.8843,"____Longitud":-6.5752,"__Prof___Km_":"6.0","______Inten_":"","________Mag_":"1.7","___Tipo_Mag_":4,"Localizaci_n":"E PERANZANES.LE","unnamed":"León"}},{"type":"Feature","geometry":{"type":"Point","coordinates":[-5.6579,42.9208,0]},"properties":{"styleUrl":"#pointStyleMap","icon":"http://maps.google.com/mapfiles/kml/shapes/placemark_circle.png","______Evento":0,"_______Fecha":"29/07/2026","________Hora":"03:12:35","_____Latitud":42.9208,"____Longitud":-5.6579,"__Prof___Km_":"20.0","______Inten_":"","________Mag_":"1.7","___Tipo_Mag_":4,"Localizaci_n":"S VILLAMANÍN.LE","unnamed":"León"}},{"type":"Feature","geometry":{"type":"Point","coordinates":[-6.0089,41.5913,0]},"properties":{"styleUrl":"#pointStyleMap","icon":"http://maps.google.com/mapfiles/kml/shapes/placemark_circle.png","______Evento":360933,"_______Fecha":"13/01/2003","________Hora":"03:40:27","_____Latitud":41.5913,"____Longitud":-6.0089,"__Prof___Km_":"20.2","______Inten_":"","________Mag_":"1.6","___Tipo_Mag_":4,"Localizaci_n":"SE VIDEMALA.ZA","unnamed":"Zamora"}},{"type":"Feature","geometry":{"type":"Point","coordinates":[-5.4576,41.0009,0]},"properties":{"styleUrl":"#pointStyleMap","icon":"http://maps.google.com/mapfiles/kml/shapes/placemark_circle.png","______Evento":362657,"_______Fecha":"02/02/2003","________Hora":"05:45:20","_____Latitud":41.0009,"____Longitud":-5.4576,"__Prof___Km_":"0.0","______Inten_":"","________Mag_":"1.6","___Tipo_Mag_":4,"Localizaci_n":"E ALDEARRUBIA.SA","unnamed":"Salamanca"}},{"type":"Feature","geometry":{"type":"Point","coordinates":[-6.0848,41.5527,0]},"properties":{"styleUrl":"#pointStyleMap","icon":"http://maps.google.com/mapfiles/kml/shapes/placemark_circle.png","______Evento":362710,"_______Fecha":"03/02/2003","________Hora":"01:02:23","_____Latitud":41.5527,"____Longitud":-6.0848,"__Prof___Km_":"7.3","______Inten_":"","________Mag_":"1.6","___Tipo_Mag_":4,"Localizaci_n":"SE PINO DEL ORO.ZA","unnamed":"Zamora"}},{"type":"Feature","geometry":{"type":"Point","coordinates":[-5.9922,41.511,0]},"properties":{"styleUrl":"#pointStyleMap","icon":"http://maps.google.com/mapfiles/kml/shapes/placemark_circle.png","______Evento":364973,"_______Fecha":"17/02/2003","________Hora":"02:21:42","_____Latitud":41.511,"____Longitud":-5.9922,"__Prof___Km_":"1.2","______Inten_":"","________Mag_":"1.6","___Tipo_Mag_":4,"Localizaci_n":"SW MUELAS DEL PAN.ZA","unnamed":"Zamora"}},{"type":"Feature","geometry":{"type":"Point","coordinates":[-6.0033,41.6109,0]},"properties":{"styleUrl":"#pointStyleMap","icon":"http://maps.google.com/mapfiles/kml/shapes/placemark_circle.png","______Evento":367783,"_______Fecha":"05/03/2003","________Hora":"04:45:11","_____Latitud":41.6109,"____Longitud":-6.0033,"__Prof___Km_":"0.0","______Inten_":"","________Mag_":"1.6","___Tipo_Mag_":4,"Localizaci_n":"E VIDEMALA.ZA","unnamed":"Zamora"}},{"type":"Feature","geometry":{"type":"Point","coordinates":[-6.0056,41.5851,0]},"properties":{"styleUrl":"#pointStyleMap","icon":"http://maps.google.com/mapfiles/kml/shapes/placemark_circle.png","______Evento":449726,"_______Fecha":"17/10/2003","________Hora":"07:43:03","_____Latitud":41.5851,"____Longitud":-6.0056,"__Prof___Km_":"7.2","______Inten_":"","________Mag_":"1.6","___Tipo_Mag_":4,"Localizaci_n":"SE VIDEMALA.ZA","unnamed":"Zamora"}},{"type":"Feature","geometry":{"type":"Point","coordinates":[-5.9281,43.0046,0]},"properties":{"styleUrl":"#pointStyleMap","icon":"http://maps.google.com/mapfiles/kml/shapes/placemark_circle.png","______Evento":558038,"_______Fecha":"03/04/2005","________Hora":"07:53:12","_____Latitud":43.0046,"____Longitud":-5.9281,"__Prof___Km_":"6.1","______Inten_":"","________Mag_":"1.6","___Tipo_Mag_":4,"Localizaci_n":"NE SAN EMILIANO.LE","unnamed":"León"}},{"type":"Feature","geometry":{"type":"Point","coordinates":[-6.7363,42.34,0]},"properties":{"styleUrl":"#pointStyleMap","icon":"http://maps.google.com/mapfiles/kml/shapes/placemark_circle.png","______Evento":576042,"_______Fecha":"02/06/2005","________Hora":"00:30:17","_____Latitud":42.34,"____Longitud":-6.7363,"__Prof___Km_":"21.1","______Inten_":"","________Mag_":"1.6","___Tipo_Mag_":4,"Localizaci_n":"SW BENUZA.LE","unnamed":"León"}},{"type":"Feature","geometry":{"type":"Point","coordinates":[-6.7451,42.7401,0]},"properties":{"styleUrl":"#pointStyleMap","icon":"http://maps.google.com/mapfiles/kml/shapes/placemark_circle.png","______Evento":582800,"_______Fecha":"23/06/2005","________Hora":"04:49:40","_____Latitud":42.7401,"____Longitud":-6.7451,"__Prof___Km_":"0.0","______Inten_":"","________Mag_":"1.6","___Tipo_Mag_":4,"Localizaci_n":"W VEGA DE ESPINAREDA.LE","unnamed":"León"}},{"type":"Feature","geometry":{"type":"Point","coordinates":[-6.8289,42.1142,0]},"properties":{"styleUrl":"#pointStyleMap","icon":"http://maps.google.com/mapfiles/kml/shapes/placemark_circle.png","______Evento":629552,"_______Fecha":"06/02/2006","________Hora":"07:15:20","_____Latitud":42.1142,"____Longitud":-6.8289,"__Prof___Km_":"0.0","______Inten_":"","________Mag_":"1.6","___Tipo_Mag_":4,"Localizaci_n":"SE PORTO.ZA","unnamed":"Zamora"}},{"type":"Feature","geometry":{"type":"Point","coordinates":[-1.898,41.8475,0]},"properties":{"styleUrl":"#pointStyleMap","icon":"http://maps.google.com/mapfiles/kml/shapes/placemark_circle.png","______Evento":711580,"_______Fecha":"23/12/2006","________Hora":"23:56:34","_____Latitud":41.8475,"____Longitud":-1.898,"__Prof___Km_":"32.2","______Inten_":"","________Mag_":"1.6","___Tipo_Mag_":4,"Localizaci_n":"SE ÁGREDA.SO","unnamed":"Soria"}},{"type":"Feature","geometry":{"type":"Point","coordinates":[-6.4354,42.6764,0]},"properties":{"styleUrl":"#pointStyleMap","icon":"http://maps.google.com/mapfiles/kml/shapes/placemark_circle.png","______Evento":778870,"_______Fecha":"05/08/2007","________Hora":"22:23:52","_____Latitud":42.6764,"____Longitud":-6.4354,"__Prof___Km_":"0.0","______Inten_":"","________Mag_":"1.6","___Tipo_Mag_":4,"Localizaci_n":"SW NOCEDA DEL BIERZO.LE","unnamed":"León"}},{"type":"Feature","geometry":{"type":"Point","coordinates":[-4.3843,40.4641,0]},"properties":{"styleUrl":"#pointStyleMap","icon":"http://maps.google.com/mapfiles/kml/shapes/placemark_circle.png","______Evento":858907,"_______Fecha":"27/07/2008","________Hora":"23:12:28","_____Latitud":40.4641,"____Longitud":-4.3843,"__Prof___Km_":"0.0","______Inten_":"","________Mag_":"1.6","___Tipo_Mag_":4,"Localizaci_n":"SE EL HOYO DE PINARES.AV","unnamed":"Ávila"}},{"type":"Feature","geometry":{"type":"Point","coordinates":[-5.0616,43.043,0]},"properties":{"styleUrl":"#pointStyleMap","icon":"http://maps.google.com/mapfiles/kml/shapes/placemark_circle.png","______Evento":893020,"_______Fecha":"17/01/2009","________Hora":"09:38:02","_____Latitud":43.043,"____Longitud":-5.0616,"__Prof___Km_":"19.6","______Inten_":"","________Mag_":"1.6","___Tipo_Mag_":4,"Localizaci_n":"NW BURÓN.LE","unnamed":"León"}},{"type":"Feature","geometry":{"type":"Point","coordinates":[-6.0896,42.1454,0]},"properties":{"styleUrl":"#pointStyleMap","icon":"http://maps.google.com/mapfiles/kml/shapes/placemark_circle.png","______Evento":893247,"_______Fecha":"20/01/2009","________Hora":"04:40:50","_____Latitud":42.1454,"____Longitud":-6.0896,"__Prof___Km_":"10.7","______Inten_":"","________Mag_":"1.6","___Tipo_Mag_":4,"Localizaci_n":"NW AYOÓ DE VIDRIALES.ZA","unnamed":"Zamora"}},{"type":"Feature","geometry":{"type":"Point","coordinates":[-6.575,42.683,0]},"properties":{"styleUrl":"#pointStyleMap","icon":"http://maps.google.com/mapfiles/kml/shapes/placemark_circle.png","______Evento":898937,"_______Fecha":"18/02/2009","________Hora":"01:56:59","_____Latitud":42.683,"____Longitud":-6.575,"__Prof___Km_":"11.2","______Inten_":"","________Mag_":"1.6","___Tipo_Mag_":4,"Localizaci_n":"NE SANCEDO.LE","unnamed":"León"}},{"type":"Feature","geometry":{"type":"Point","coordinates":[-3.2273,43.1218,0]},"properties":{"styleUrl":"#pointStyleMap","icon":"http://maps.google.com/mapfiles/kml/shapes/placemark_circle.png","______Evento":904378,"_______Fecha":"27/03/2009","________Hora":"02:12:37","_____Latitud":43.1218,"____Longitud":-3.2273,"__Prof___Km_":"0.0","______Inten_":"","________Mag_":"1.6","___Tipo_Mag_":4,"Localizaci_n":"NE VILLASANA DE MENA.BU","unnamed":"Burgos"}},{"type":"Feature","geometry":{"type":"Point","coordinates":[-5.2585,41.0091,0]},"properties":{"styleUrl":"#pointStyleMap","icon":"http://maps.google.com/mapfiles/kml/shapes/placemark_circle.png","______Evento":955113,"_______Fecha":"01/11/2009","________Hora":"16:58:45","_____Latitud":41.0091,"____Longitud":-5.2585,"__Prof___Km_":"10.9","______Inten_":"","________Mag_":"1.6","___Tipo_Mag_":4,"Localizaci_n":"N EL CAMPO DE PEÑARANDA.SA","unnamed":"Salamanca"}},{"type":"Feature","geometry":{"type":"Point","coordinates":[-5.3817,40.9564,0]},"properties":{"styleUrl":"#pointStyleMap","icon":"http://maps.google.com/mapfiles/kml/shapes/placemark_circle.png","______Evento":1008395,"_______Fecha":"30/07/2010","________Hora":"20:32:13","_____Latitud":40.9564,"____Longitud":-5.3817,"__Prof___Km_":"0.0","______Inten_":"","________Mag_":"1.6","___Tipo_Mag_":4,"Localizaci_n":"E CORDOVILLA.SA","unnamed":"Salamanca"}},{"type":"Feature","geometry":{"type":"Point","coordinates":[-6.8257,42.5341,0]},"properties":{"styleUrl":"#pointStyleMap","icon":"http://maps.google.com/mapfiles/kml/shapes/placemark_circle.png","______Evento":1012269,"_______Fecha":"19/08/2010","________Hora":"07:24:05","_____Latitud":42.5341,"____Longitud":-6.8257,"__Prof___Km_":"0.0","______Inten_":"","________Mag_":"1.6","___Tipo_Mag_":4,"Localizaci_n":"NE SOBRADO.LE","unnamed":"León"}},{"type":"Feature","geometry":{"type":"Point","coordinates":[-5.9772,41.5064,0]},"properties":{"styleUrl":"#pointStyleMap","icon":"http://maps.google.com/mapfiles/kml/shapes/placemark_circle.png","______Evento":1052697,"_______Fecha":"29/03/2011","________Hora":"08:32:51","_____Latitud":41.5064,"____Longitud":-5.9772,"__Prof___Km_":"0.0","______Inten_":"","________Mag_":"1.6","___Tipo_Mag_":4,"Localizaci_n":"SW MUELAS DEL PAN.ZA","unnamed":"Zamora"}},{"type":"Feature","geometry":{"type":"Point","coordinates":[-6.6554,42.7412,0]},"properties":{"styleUrl":"#pointStyleMap","icon":"http://maps.google.com/mapfiles/kml/shapes/placemark_circle.png","______Evento":1096790,"_______Fecha":"20/09/2011","________Hora":"10:54:39","_____Latitud":42.7412,"____Longitud":-6.6554,"__Prof___Km_":"0.0","______Inten_":"","________Mag_":"1.6","___Tipo_Mag_":4,"Localizaci_n":"N VEGA DE ESPINAREDA.LE","unnamed":"León"}},{"type":"Feature","geometry":{"type":"Point","coordinates":[-5.6819,42.9873,0]},"properties":{"styleUrl":"#pointStyleMap","icon":"http://maps.google.com/mapfiles/kml/shapes/placemark_circle.png","______Evento":1114912,"_______Fecha":"26/11/2011","________Hora":"06:12:11","_____Latitud":42.9873,"____Longitud":-5.6819,"__Prof___Km_":"10.1","______Inten_":"","________Mag_":"1.6","___Tipo_Mag_":4,"Localizaci_n":"NW VILLAMANÍN.LE","unnamed":"León"}},{"type":"Feature","geometry":{"type":"Point","coordinates":[-6.227,41.2316,0]},"properties":{"styleUrl":"#pointStyleMap","icon":"http://maps.google.com/mapfiles/kml/shapes/placemark_circle.png","______Evento":1125993,"_______Fecha":"11/02/2012","________Hora":"01:50:15","_____Latitud":41.2316,"____Longitud":-6.227,"__Prof___Km_":"0.0","______Inten_":"","________Mag_":"1.6","___Tipo_Mag_":4,"Localizaci_n":"NE SARDÓN DE LOS FRAILES.SA","unnamed":"Salamanca"}},{"type":"Feature","geometry":{"type":"Point","coordinates":[-1.9686,41.8674,0]},"properties":{"styleUrl":"#pointStyleMap","icon":"http://maps.google.com/mapfiles/kml/shapes/placemark_circle.png","______Evento":1127381,"_______Fecha":"18/02/2012","________Hora":"14:24:58","_____Latitud":41.8674,"____Longitud":-1.9686,"__Prof___Km_":"11.0","______Inten_":"","________Mag_":"1.6","___Tipo_Mag_":4,"Localizaci_n":"W ÁGREDA.SO","unnamed":"Soria"}},{"type":"Feature","geometry":{"type":"Point","coordinates":[-5.1271,43.0354,0]},"properties":{"styleUrl":"#pointStyleMap","icon":"http://maps.google.com/mapfiles/kml/shapes/placemark_circle.png","______Evento":1128578,"_______Fecha":"25/02/2012","________Hora":"21:30:03","_____Latitud":43.0354,"____Longitud":-5.1271,"__Prof___Km_":"0.0","______Inten_":"","________Mag_":"1.6","___Tipo_Mag_":4,"Localizaci_n":"SW ACEBEDO.LE","unnamed":"León"}},{"type":"Feature","geometry":{"type":"Point","coordinates":[-1.8248,41.7695,0]},"properties":{"styleUrl":"#pointStyleMap","icon":"http://maps.google.com/mapfiles/kml/shapes/placemark_circle.png","______Evento":1132139,"_______Fecha":"14/03/2012","________Hora":"05:18:02","_____Latitud":41.7695,"____Longitud":-1.8248,"__Prof___Km_":"2.0","______Inten_":"","________Mag_":"1.6","___Tipo_Mag_":4,"Localizaci_n":"E CUEVA DE ÁGREDA.SO","unnamed":"Soria"}},{"type":"Feature","geometry":{"type":"Point","coordinates":[-5.9346,41.5347,0]},"properties":{"styleUrl":"#pointStyleMap","icon":"http://maps.google.com/mapfiles/kml/shapes/placemark_circle.png","______Evento":1148156,"_______Fecha":"12/06/2012","________Hora":"12:38:01","_____Latitud":41.5347,"____Longitud":-5.9346,"__Prof___Km_":"11.0","______Inten_":"","________Mag_":"1.6","___Tipo_Mag_":4,"Localizaci_n":"NE ALMARAZ DE DUERO.ZA","unnamed":"Zamora"}},{"type":"Feature","geometry":{"type":"Point","coordinates":[-6.4896,41.3051,0]},"properties":{"styleUrl":"#pointStyleMap","icon":"http://maps.google.com/mapfiles/kml/shapes/placemark_circle.png","______Evento":1198631,"_______Fecha":"20/03/2013","________Hora":"21:20:05","_____Latitud":41.3051,"____Longitud":-6.4896,"__Prof___Km_":"11.0","______Inten_":"","________Mag_":"1.6","___Tipo_Mag_":4,"Localizaci_n":"SW FERMOSELLE.ZA","unnamed":"Zamora"}},{"type":"Feature","geometry":{"type":"Point","coordinates":[-4.5418,43.0209,0]},"properties":{"styleUrl":"#pointStyleMap","icon":"http://maps.google.com/mapfiles/kml/shapes/placemark_circle.png","______Evento":1251258,"_______Fecha":"22/12/2013","________Hora":"21:57:21","_____Latitud":43.0209,"____Longitud":-4.5418,"__Prof___Km_":"6.0","______Inten_":"","________Mag_":"1.6","___Tipo_Mag_":4,"Localizaci_n":"NW SAN SALVADOR DE CANTAMUDA.P","unnamed":"Palencia"}},{"type":"Feature","geometry":{"type":"Point","coordinates":[-5.7361,42.2236,0]},"properties":{"styleUrl":"#pointStyleMap","icon":"http://maps.google.com/mapfiles/kml/shapes/placemark_circle.png","______Evento":1287495,"_______Fecha":"01/08/2014","________Hora":"06:40:20","_____Latitud":42.2236,"____Longitud":-5.7361,"__Prof___Km_":"21.0","______Inten_":"","________Mag_":"1.6","___Tipo_Mag_":4,"Localizaci_n":"SE ROPERUELOS DEL PÁRAMO.LE","unnamed":"León"}},{"type":"Feature","geometry":{"type":"Point","coordinates":[-6.7847,42.6634,0]},"properties":{"styleUrl":"#pointStyleMap","icon":"http://maps.google.com/mapfiles/kml/shapes/placemark_circle.png","______Evento":1296426,"_______Fecha":"19/09/2014","________Hora":"22:19:14","_____Latitud":42.6634,"____Longitud":-6.7847,"__Prof___Km_":"11.0","______Inten_":"","________Mag_":"1.6","___Tipo_Mag_":4,"Localizaci_n":"NE VILLAFRANCA DEL BIERZO.LE","unnamed":"León"}},{"type":"Feature","geometry":{"type":"Point","coordinates":[-2.2212,41.6774,0]},"properties":{"styleUrl":"#pointStyleMap","icon":"http://maps.google.com/mapfiles/kml/shapes/placemark_circle.png","______Evento":1338909,"_______Fecha":"05/08/2015","________Hora":"21:19:59","_____Latitud":41.6774,"____Longitud":-2.2212,"__Prof___Km_":"0.0","______Inten_":"","________Mag_":"1.6","___Tipo_Mag_":4,"Localizaci_n":"SW ALMENAR DE SORIA.SO","unnamed":"Soria"}},{"type":"Feature","geometry":{"type":"Point","coordinates":[-2.1496,41.7014,0]},"properties":{"styleUrl":"#pointStyleMap","icon":"http://maps.google.com/mapfiles/kml/shapes/placemark_circle.png","______Evento":1343858,"_______Fecha":"10/09/2015","________Hora":"08:09:38","_____Latitud":41.7014,"____Longitud":-2.1496,"__Prof___Km_":"7.0","______Inten_":"","________Mag_":"1.6","___Tipo_Mag_":4,"Localizaci_n":"NE ALMENAR DE SORIA.SO","unnamed":"Soria"}},{"type":"Feature","geometry":{"type":"Point","coordinates":[-2.1803,41.6303,0]},"properties":{"styleUrl":"#pointStyleMap","icon":"http://maps.google.com/mapfiles/kml/shapes/placemark_circle.png","______Evento":1344192,"_______Fecha":"12/09/2015","________Hora":"09:50:31","_____Latitud":41.6303,"____Longitud":-2.1803,"__Prof___Km_":"1.0","______Inten_":"","________Mag_":"1.6","___Tipo_Mag_":4,"Localizaci_n":"W VILLASECA DE ARCIEL.SO","unnamed":"Soria"}},{"type":"Feature","geometry":{"type":"Point","coordinates":[-2.2477,41.6601,0]},"properties":{"styleUrl":"#pointStyleMap","icon":"http://maps.google.com/mapfiles/kml/shapes/placemark_circle.png","______Evento":1358888,"_______Fecha":"22/12/2015","________Hora":"02:40:59","_____Latitud":41.6601,"____Longitud":-2.2477,"__Prof___Km_":"0.0","______Inten_":"","________Mag_":"1.6","___Tipo_Mag_":4,"Localizaci_n":"NE ALIUD.SO","unnamed":"Soria"}},{"type":"Feature","geometry":{"type":"Point","coordinates":[-3.2511,43.1471,0]},"properties":{"styleUrl":"#pointStyleMap","icon":"http://maps.google.com/mapfiles/kml/shapes/placemark_circle.png","______Evento":1359093,"_______Fecha":"24/12/2015","________Hora":"02:01:51","_____Latitud":43.1471,"____Longitud":-3.2511,"__Prof___Km_":"0.0","______Inten_":"","________Mag_":"1.6","___Tipo_Mag_":4,"Localizaci_n":"NE VILLASANA DE MENA.BU","unnamed":"Burgos"}},{"type":"Feature","geometry":{"type":"Point","coordinates":[-6.1122,42.1964,0]},"properties":{"styleUrl":"#pointStyleMap","icon":"http://maps.google.com/mapfiles/kml/shapes/placemark_circle.png","______Evento":1369886,"_______Fecha":"31/01/2016","________Hora":"16:56:31","_____Latitud":42.1964,"____Longitud":-6.1122,"__Prof___Km_":"0.0","______Inten_":"","________Mag_":"1.6","___Tipo_Mag_":4,"Localizaci_n":"SW QUINTANA Y CONGOSTO.LE","unnamed":"León"}},{"type":"Feature","geometry":{"type":"Point","coordinates":[-6.3428,42.5437,0]},"properties":{"styleUrl":"#pointStyleMap","icon":"http://maps.google.com/mapfiles/kml/shapes/placemark_circle.png","______Evento":0,"_______Fecha":"12/01/2017","________Hora":"00:09:16","_____Latitud":42.5437,"____Longitud":-6.3428,"__Prof___Km_":"0.0","______Inten_":"","________Mag_":"1.6","___Tipo_Mag_":4,"Localizaci_n":"SW TORRE DEL BIERZO.LE","unnamed":"León"}},{"type":"Feature","geometry":{"type":"Point","coordinates":[-3.7491,41.3046,0]},"properties":{"styleUrl":"#pointStyleMap","icon":"http://maps.google.com/mapfiles/kml/shapes/placemark_circle.png","______Evento":0,"_______Fecha":"25/03/2017","________Hora":"23:08:17","_____Latitud":41.3046,"____Longitud":-3.7491,"__Prof___Km_":"12.0","______Inten_":"","________Mag_":"1.6","___Tipo_Mag_":4,"Localizaci_n":"N SEPÚLVEDA.SG","unnamed":"Segovia"}},{"type":"Feature","geometry":{"type":"Point","coordinates":[-3.6567,43.1728,0]},"properties":{"styleUrl":"#pointStyleMap","icon":"http://maps.google.com/mapfiles/kml/shapes/placemark_circle.png","______Evento":0,"_______Fecha":"12/05/2017","________Hora":"18:16:02","_____Latitud":43.1728,"____Longitud":-3.6567,"__Prof___Km_":"9.0","______Inten_":"","________Mag_":"1.6","___Tipo_Mag_":4,"Localizaci_n":"NW ESPINOSA DE LOS MONTEROS.BU","unnamed":"Burgos"}},{"type":"Feature","geometry":{"type":"Point","coordinates":[-6.3068,42.0126,0]},"properties":{"styleUrl":"#pointStyleMap","icon":"http://maps.google.com/mapfiles/kml/shapes/placemark_circle.png","______Evento":0,"_______Fecha":"20/02/2018","________Hora":"16:52:20","_____Latitud":42.0126,"____Longitud":-6.3068,"__Prof___Km_":"7.0","______Inten_":"","________Mag_":"1.6","___Tipo_Mag_":4,"Localizaci_n":"SE MOMBUEY.ZA","unnamed":"Zamora"}},{"type":"Feature","geometry":{"type":"Point","coordinates":[-3.7284,43.0808,0]},"properties":{"styleUrl":"#pointStyleMap","icon":"http://maps.google.com/mapfiles/kml/shapes/placemark_circle.png","______Evento":0,"_______Fecha":"28/09/2018","________Hora":"14:48:23","_____Latitud":43.0808,"____Longitud":-3.7284,"__Prof___Km_":"0.0","______Inten_":"","________Mag_":"1.6","___Tipo_Mag_":4,"Localizaci_n":"N PEDROSA DE VALDEPORRES.BU","unnamed":"Burgos"}},{"type":"Feature","geometry":{"type":"Point","coordinates":[-4.6968,42.8664,0]},"properties":{"styleUrl":"#pointStyleMap","icon":"http://maps.google.com/mapfiles/kml/shapes/placemark_circle.png","______Evento":0,"_______Fecha":"21/08/2019","________Hora":"19:15:31","_____Latitud":42.8664,"____Longitud":-4.6968,"__Prof___Km_":"4.0","______Inten_":"","________Mag_":"1.6","___Tipo_Mag_":4,"Localizaci_n":"S TRIOLLO.P","unnamed":"Palencia"}},{"type":"Feature","geometry":{"type":"Point","coordinates":[-3.5652,42.8788,0]},"properties":{"styleUrl":"#pointStyleMap","icon":"http://maps.google.com/mapfiles/kml/shapes/placemark_circle.png","______Evento":0,"_______Fecha":"11/03/2020","________Hora":"23:58:59","_____Latitud":42.8788,"____Longitud":-3.5652,"__Prof___Km_":"12.0","______Inten_":"","________Mag_":"1.6","___Tipo_Mag_":4,"Localizaci_n":"NW MERINDAD DE VALDIVIELSO.BU","unnamed":"Burgos"}},{"type":"Feature","geometry":{"type":"Point","coordinates":[-2.3498,41.7905,0]},"properties":{"styleUrl":"#pointStyleMap","icon":"http://maps.google.com/mapfiles/kml/shapes/placemark_circle.png","______Evento":0,"_______Fecha":"17/06/2020","________Hora":"18:53:36","_____Latitud":41.7905,"____Longitud":-2.3498,"__Prof___Km_":"25.0","______Inten_":"","________Mag_":"1.6","___Tipo_Mag_":4,"Localizaci_n":"SE RENIEBLAS.SO","unnamed":"Soria"}},{"type":"Feature","geometry":{"type":"Point","coordinates":[-2.2361,41.6726,0]},"properties":{"styleUrl":"#pointStyleMap","icon":"http://maps.google.com/mapfiles/kml/shapes/placemark_circle.png","______Evento":0,"_______Fecha":"08/09/2020","________Hora":"18:30:57","_____Latitud":41.6726,"____Longitud":-2.2361,"__Prof___Km_":"0.0","______Inten_":"","________Mag_":"1.6","___Tipo_Mag_":4,"Localizaci_n":"NE ALIUD.SO","unnamed":"Soria"}},{"type":"Feature","geometry":{"type":"Point","coordinates":[-2.2765,41.7187,0]},"properties":{"styleUrl":"#pointStyleMap","icon":"http://maps.google.com/mapfiles/kml/shapes/placemark_circle.png","______Evento":0,"_______Fecha":"13/07/2022","________Hora":"17:42:39","_____Latitud":41.7187,"____Longitud":-2.2765,"__Prof___Km_":"0.0","______Inten_":"","________Mag_":"1.6","___Tipo_Mag_":4,"Localizaci_n":"NE CANDILICHERA.SO","unnamed":"Soria"}},{"type":"Feature","geometry":{"type":"Point","coordinates":[-2.3609,41.7441,0]},"properties":{"styleUrl":"#pointStyleMap","icon":"http://maps.google.com/mapfiles/kml/shapes/placemark_circle.png","______Evento":0,"_______Fecha":"03/05/2023","________Hora":"18:19:10","_____Latitud":41.7441,"____Longitud":-2.3609,"__Prof___Km_":"14.0","______Inten_":"","________Mag_":"1.6","___Tipo_Mag_":4,"Localizaci_n":"NE ALCONABA.SO","unnamed":"Soria"}},{"type":"Feature","geometry":{"type":"Point","coordinates":[-6.7087,42.1273,0]},"properties":{"styleUrl":"#pointStyleMap","icon":"http://maps.google.com/mapfiles/kml/shapes/placemark_circle.png","______Evento":0,"_______Fecha":"18/08/2023","________Hora":"03:16:06","_____Latitud":42.1273,"____Longitud":-6.7087,"__Prof___Km_":"0.0","______Inten_":"","________Mag_":"1.6","___Tipo_Mag_":4,"Localizaci_n":"NW GALENDE.ZA","unnamed":"Zamora"}},{"type":"Feature","geometry":{"type":"Point","coordinates":[-2.1505,42.002,0]},"properties":{"styleUrl":"#pointStyleMap","icon":"http://maps.google.com/mapfiles/kml/shapes/placemark_circle.png","______Evento":0,"_______Fecha":"01/09/2023","________Hora":"22:20:59","_____Latitud":42.002,"____Longitud":-2.1505,"__Prof___Km_":"7.0","______Inten_":"","________Mag_":"1.6","___Tipo_Mag_":4,"Localizaci_n":"SE SAN PEDRO MANRIQUE.SO","unnamed":"Soria"}},{"type":"Feature","geometry":{"type":"Point","coordinates":[-1.8116,41.7499,0]},"properties":{"styleUrl":"#pointStyleMap","icon":"http://maps.google.com/mapfiles/kml/shapes/placemark_circle.png","______Evento":0,"_______Fecha":"26/09/2023","________Hora":"19:34:56","_____Latitud":41.7499,"____Longitud":-1.8116,"__Prof___Km_":"3.0","______Inten_":"","________Mag_":"1.6","___Tipo_Mag_":4,"Localizaci_n":"N BERATÓN.SO","unnamed":"Soria"}},{"type":"Feature","geometry":{"type":"Point","coordinates":[-3.3669,43.1496,0]},"properties":{"styleUrl":"#pointStyleMap","icon":"http://maps.google.com/mapfiles/kml/shapes/placemark_circle.png","______Evento":0,"_______Fecha":"27/08/2024","________Hora":"22:32:38","_____Latitud":43.1496,"____Longitud":-3.3669,"__Prof___Km_":"11.0","______Inten_":"","________Mag_":"1.6","___Tipo_Mag_":4,"Localizaci_n":"NW VALLE DE MENA.BU","unnamed":"Burgos"}},{"type":"Feature","geometry":{"type":"Point","coordinates":[-2.2199,41.6539,0]},"properties":{"styleUrl":"#pointStyleMap","icon":"http://maps.google.com/mapfiles/kml/shapes/placemark_circle.png","______Evento":0,"_______Fecha":"27/10/2024","________Hora":"14:46:41","_____Latitud":41.6539,"____Longitud":-2.2199,"__Prof___Km_":"1.0","______Inten_":"","________Mag_":"1.6","___Tipo_Mag_":4,"Localizaci_n":"NW BUBEROS.SO","unnamed":"Soria"}},{"type":"Feature","geometry":{"type":"Point","coordinates":[-6.5964,42.3901,0]},"properties":{"styleUrl":"#pointStyleMap","icon":"http://maps.google.com/mapfiles/kml/shapes/placemark_circle.png","______Evento":0,"_______Fecha":"02/02/2025","________Hora":"00:28:44","_____Latitud":42.3901,"____Longitud":-6.5964,"__Prof___Km_":"11.0","______Inten_":"","________Mag_":"1.6","___Tipo_Mag_":4,"Localizaci_n":"NW CASTRILLO DE CABRERA.LE","unnamed":"León"}},{"type":"Feature","geometry":{"type":"Point","coordinates":[-6.6412,42.474,0]},"properties":{"styleUrl":"#pointStyleMap","icon":"http://maps.google.com/mapfiles/kml/shapes/placemark_circle.png","______Evento":0,"_______Fecha":"07/02/2025","________Hora":"18:46:44","_____Latitud":42.474,"____Longitud":-6.6412,"__Prof___Km_":"0.0","______Inten_":"","________Mag_":"1.6","___Tipo_Mag_":4,"Localizaci_n":"SE PRIARANZA DEL BIERZO.LE","unnamed":"León"}},{"type":"Feature","geometry":{"type":"Point","coordinates":[-6.4873,42.3548,0]},"properties":{"styleUrl":"#pointStyleMap","icon":"http://maps.google.com/mapfiles/kml/shapes/placemark_circle.png","______Evento":0,"_______Fecha":"18/02/2025","________Hora":"03:17:24","_____Latitud":42.3548,"____Longitud":-6.4873,"__Prof___Km_":"5.0","______Inten_":"","________Mag_":"1.6","___Tipo_Mag_":4,"Localizaci_n":"E CASTRILLO DE CABRERA.LE","unnamed":"León"}},{"type":"Feature","geometry":{"type":"Point","coordinates":[-6.9367,42.7245,0]},"properties":{"styleUrl":"#pointStyleMap","icon":"http://maps.google.com/mapfiles/kml/shapes/placemark_circle.png","______Evento":0,"_______Fecha":"29/07/2025","________Hora":"21:38:08","_____Latitud":42.7245,"____Longitud":-6.9367,"__Prof___Km_":"15.0","______Inten_":"","________Mag_":"1.6","___Tipo_Mag_":4,"Localizaci_n":"NW BALBOA.LE","unnamed":"León"}},{"type":"Feature","geometry":{"type":"Point","coordinates":[-6.1953,42.8051,0]},"properties":{"styleUrl":"#pointStyleMap","icon":"http://maps.google.com/mapfiles/kml/shapes/placemark_circle.png","______Evento":0,"_______Fecha":"25/10/2025","________Hora":"22:08:51","_____Latitud":42.8051,"____Longitud":-6.1953,"__Prof___Km_":"0.0","______Inten_":"","________Mag_":"1.6","___Tipo_Mag_":4,"Localizaci_n":"S MURIAS DE PAREDES.LE","unnamed":"León"}},{"type":"Feature","geometry":{"type":"Point","coordinates":[-3.1523,41.5873,0]},"properties":{"styleUrl":"#pointStyleMap","icon":"http://maps.google.com/mapfiles/kml/shapes/placemark_circle.png","______Evento":0,"_______Fecha":"15/06/2026","________Hora":"02:53:04","_____Latitud":41.5873,"____Longitud":-3.1523,"__Prof___Km_":"1.0","______Inten_":"","________Mag_":"1.6","___Tipo_Mag_":4,"Localizaci_n":"E SAN ESTEBAN DE GORMAZ.SO","unnamed":"Soria"}},{"type":"Feature","geometry":{"type":"Point","coordinates":[-2.7075,41.9299,0]},"properties":{"styleUrl":"#pointStyleMap","icon":"http://maps.google.com/mapfiles/kml/shapes/placemark_circle.png","______Evento":0,"_______Fecha":"01/06/2016","________Hora":"12:08:44","_____Latitud":41.9299,"____Longitud":-2.7075,"__Prof___Km_":"31.0","______Inten_":"","________Mag_":"1.6","___Tipo_Mag_":4,"Localizaci_n":"NE VINUESA.SO","unnamed":"Soria"}},{"type":"Feature","geometry":{"type":"Point","coordinates":[-2.123,41.6211,0]},"properties":{"styleUrl":"#pointStyleMap","icon":"http://maps.google.com/mapfiles/kml/shapes/placemark_circle.png","______Evento":316044,"_______Fecha":"03/03/2002","________Hora":"22:06:46","_____Latitud":41.6211,"____Longitud":-2.123,"__Prof___Km_":"5.9","______Inten_":"","________Mag_":"1.5","___Tipo_Mag_":4,"Localizaci_n":"SW PORTILLO DE SORIA.SO","unnamed":"Soria"}},{"type":"Feature","geometry":{"type":"Point","coordinates":[-6.6009,42.6704,0]},"properties":{"styleUrl":"#pointStyleMap","icon":"http://maps.google.com/mapfiles/kml/shapes/placemark_circle.png","______Evento":343564,"_______Fecha":"14/08/2002","________Hora":"22:27:59","_____Latitud":42.6704,"____Longitud":-6.6009,"__Prof___Km_":"0.0","______Inten_":"","________Mag_":"1.5","___Tipo_Mag_":4,"Localizaci_n":"E SANCEDO.LE","unnamed":"León"}},{"type":"Feature","geometry":{"type":"Point","coordinates":[-4.6143,43.0141,0]},"properties":{"styleUrl":"#pointStyleMap","icon":"http://maps.google.com/mapfiles/kml/shapes/placemark_circle.png","______Evento":359346,"_______Fecha":"15/12/2002","________Hora":"16:52:35","_____Latitud":43.0141,"____Longitud":-4.6143,"__Prof___Km_":"0.0","______Inten_":"","________Mag_":"1.5","___Tipo_Mag_":4,"Localizaci_n":"NW POLENTINOS.P","unnamed":"Palencia"}},{"type":"Feature","geometry":{"type":"Point","coordinates":[-5.9861,41.5467,0]},"properties":{"styleUrl":"#pointStyleMap","icon":"http://maps.google.com/mapfiles/kml/shapes/placemark_circle.png","______Evento":361975,"_______Fecha":"23/01/2003","________Hora":"19:59:18","_____Latitud":41.5467,"____Longitud":-5.9861,"__Prof___Km_":"0.0","______Inten_":"II","________Mag_":"1.5","___Tipo_Mag_":4,"Localizaci_n":"NW MUELAS DEL PAN.ZA","unnamed":"Zamora"}},{"type":"Feature","geometry":{"type":"Point","coordinates":[-5.9911,41.5798,0]},"properties":{"styleUrl":"#pointStyleMap","icon":"http://maps.google.com/mapfiles/kml/shapes/placemark_circle.png","______Evento":375996,"_______Fecha":"16/04/2003","________Hora":"01:06:42","_____Latitud":41.5798,"____Longitud":-5.9911,"__Prof___Km_":"0.0","______Inten_":"","________Mag_":"1.5","___Tipo_Mag_":4,"Localizaci_n":"SE VIDEMALA.ZA","unnamed":"Zamora"}},{"type":"Feature","geometry":{"type":"Point","coordinates":[-6.7734,42.0572,0]},"properties":{"styleUrl":"#pointStyleMap","icon":"http://maps.google.com/mapfiles/kml/shapes/placemark_circle.png","______Evento":402477,"_______Fecha":"24/07/2003","________Hora":"05:10:12","_____Latitud":42.0572,"____Longitud":-6.7734,"__Prof___Km_":"11.2","______Inten_":"","________Mag_":"1.5","___Tipo_Mag_":4,"Localizaci_n":"NW REQUEJO.ZA","unnamed":"Zamora"}},{"type":"Feature","geometry":{"type":"Point","coordinates":[-6.0332,41.5766,0]},"properties":{"styleUrl":"#pointStyleMap","icon":"http://maps.google.com/mapfiles/kml/shapes/placemark_circle.png","______Evento":408024,"_______Fecha":"14/08/2003","________Hora":"03:50:19","_____Latitud":41.5766,"____Longitud":-6.0332,"__Prof___Km_":"10.8","______Inten_":"","________Mag_":"1.5","___Tipo_Mag_":4,"Localizaci_n":"S VIDEMALA.ZA","unnamed":"Zamora"}},{"type":"Feature","geometry":{"type":"Point","coordinates":[-6.0661,41.8564,0]},"properties":{"styleUrl":"#pointStyleMap","icon":"http://maps.google.com/mapfiles/kml/shapes/placemark_circle.png","______Evento":438672,"_______Fecha":"18/08/2003","________Hora":"16:30:15","_____Latitud":41.8564,"____Longitud":-6.0661,"__Prof___Km_":"0.0","______Inten_":"","________Mag_":"1.5","___Tipo_Mag_":4,"Localizaci_n":"SE FERRERAS DE ABAJO.ZA","unnamed":"Zamora"}},{"type":"Feature","geometry":{"type":"Point","coordinates":[-5.9584,41.5876,0]},"properties":{"styleUrl":"#pointStyleMap","icon":"http://maps.google.com/mapfiles/kml/shapes/placemark_circle.png","______Evento":449737,"_______Fecha":"18/10/2003","________Hora":"11:37:33","_____Latitud":41.5876,"____Longitud":-5.9584,"__Prof___Km_":"0.0","______Inten_":"","________Mag_":"1.5","___Tipo_Mag_":4,"Localizaci_n":"W ALMENDRA.ZA","unnamed":"Zamora"}},{"type":"Feature","geometry":{"type":"Point","coordinates":[-5.9577,41.5926,0]},"properties":{"styleUrl":"#pointStyleMap","icon":"http://maps.google.com/mapfiles/kml/shapes/placemark_circle.png","______Evento":480648,"_______Fecha":"28/04/2004","________Hora":"06:20:47","_____Latitud":41.5926,"____Longitud":-5.9577,"__Prof___Km_":"0.0","______Inten_":"","________Mag_":"1.5","___Tipo_Mag_":4,"Localizaci_n":"W ALMENDRA.ZA","unnamed":"Zamora"}},{"type":"Feature","geometry":{"type":"Point","coordinates":[-5.9875,41.5518,0]},"properties":{"styleUrl":"#pointStyleMap","icon":"http://maps.google.com/mapfiles/kml/shapes/placemark_circle.png","______Evento":491606,"_______Fecha":"13/01/2003","________Hora":"00:30:16","_____Latitud":41.5518,"____Longitud":-5.9875,"__Prof___Km_":"0.0","______Inten_":"","________Mag_":"1.5","___Tipo_Mag_":4,"Localizaci_n":"NW MUELAS DEL PAN.ZA","unnamed":"Zamora"}},{"type":"Feature","geometry":{"type":"Point","coordinates":[-5.9804,41.559,0]},"properties":{"styleUrl":"#pointStyleMap","icon":"http://maps.google.com/mapfiles/kml/shapes/placemark_circle.png","______Evento":493989,"_______Fecha":"19/06/2004","________Hora":"04:48:46","_____Latitud":41.559,"____Longitud":-5.9804,"__Prof___Km_":"0.0","______Inten_":"","________Mag_":"1.5","___Tipo_Mag_":4,"Localizaci_n":"NW MUELAS DEL PAN.ZA","unnamed":"Zamora"}},{"type":"Feature","geometry":{"type":"Point","coordinates":[-3.2848,43.0682,0]},"properties":{"styleUrl":"#pointStyleMap","icon":"http://maps.google.com/mapfiles/kml/shapes/placemark_circle.png","______Evento":497137,"_______Fecha":"12/12/2002","________Hora":"03:12:29","_____Latitud":43.0682,"____Longitud":-3.2848,"__Prof___Km_":"0.0","______Inten_":"","________Mag_":"1.5","___Tipo_Mag_":4,"Localizaci_n":"S VILLASANA DE MENA.BU","unnamed":"Burgos"}},{"type":"Feature","geometry":{"type":"Point","coordinates":[-5.0942,42.9478,0]},"properties":{"styleUrl":"#pointStyleMap","icon":"http://maps.google.com/mapfiles/kml/shapes/placemark_circle.png","______Evento":525633,"_______Fecha":"30/11/2004","________Hora":"03:21:52","_____Latitud":42.9478,"____Longitud":-5.0942,"__Prof___Km_":"0.0","______Inten_":"","________Mag_":"1.5","___Tipo_Mag_":4,"Localizaci_n":"NE CRÉMENES.LE","unnamed":"León"}},{"type":"Feature","geometry":{"type":"Point","coordinates":[-1.8754,41.9215,0]},"properties":{"styleUrl":"#pointStyleMap","icon":"http://maps.google.com/mapfiles/kml/shapes/placemark_circle.png","______Evento":592397,"_______Fecha":"30/07/2005","________Hora":"20:19:20","_____Latitud":41.9215,"____Longitud":-1.8754,"__Prof___Km_":"5.7","______Inten_":"","________Mag_":"1.5","___Tipo_Mag_":4,"Localizaci_n":"E DÉVANOS.SO","unnamed":"Soria"}},{"type":"Feature","geometry":{"type":"Point","coordinates":[-6.5322,42.3554,0]},"properties":{"styleUrl":"#pointStyleMap","icon":"http://maps.google.com/mapfiles/kml/shapes/placemark_circle.png","______Evento":685411,"_______Fecha":"30/08/2006","________Hora":"04:08:01","_____Latitud":42.3554,"____Longitud":-6.5322,"__Prof___Km_":"13.1","______Inten_":"","________Mag_":"1.5","___Tipo_Mag_":4,"Localizaci_n":"NE CASTRILLO DE CABRERA.LE","unnamed":"León"}},{"type":"Feature","geometry":{"type":"Point","coordinates":[-4.9788,43.0056,0]},"properties":{"styleUrl":"#pointStyleMap","icon":"http://maps.google.com/mapfiles/kml/shapes/placemark_circle.png","______Evento":823907,"_______Fecha":"19/02/2008","________Hora":"02:38:24","_____Latitud":43.0056,"____Longitud":-4.9788,"__Prof___Km_":"10.9","______Inten_":"","________Mag_":"1.5","___Tipo_Mag_":4,"Localizaci_n":"NE RIAÑO.LE","unnamed":"León"}},{"type":"Feature","geometry":{"type":"Point","coordinates":[-6.9263,42.587,0]},"properties":{"styleUrl":"#pointStyleMap","icon":"http://maps.google.com/mapfiles/kml/shapes/placemark_circle.png","______Evento":847539,"_______Fecha":"05/06/2008","________Hora":"22:46:35","_____Latitud":42.587,"____Longitud":-6.9263,"__Prof___Km_":"0.0","______Inten_":"","________Mag_":"1.5","___Tipo_Mag_":4,"Localizaci_n":"SE BARJAS.LE","unnamed":"León"}},{"type":"Feature","geometry":{"type":"Point","coordinates":[-3.777,42.4373,0]},"properties":{"styleUrl":"#pointStyleMap","icon":"http://maps.google.com/mapfiles/kml/shapes/placemark_circle.png","______Evento":867998,"_______Fecha":"13/09/2008","________Hora":"22:37:54","_____Latitud":42.4373,"____Longitud":-3.777,"__Prof___Km_":"0.0","______Inten_":"","________Mag_":"1.5","___Tipo_Mag_":4,"Localizaci_n":"NE PEDROSA DE RÍO ÚRBEL.BU","unnamed":"Burgos"}},{"type":"Feature","geometry":{"type":"Point","coordinates":[-3.8192,42.5031,0]},"properties":{"styleUrl":"#pointStyleMap","icon":"http://maps.google.com/mapfiles/kml/shapes/placemark_circle.png","______Evento":883526,"_______Fecha":"09/11/2008","________Hora":"22:33:33","_____Latitud":42.5031,"____Longitud":-3.8192,"__Prof___Km_":"14.4","______Inten_":"","________Mag_":"1.5","___Tipo_Mag_":4,"Localizaci_n":"NW SANTIBÁÑEZ ZARZAGUDA.BU","unnamed":"Burgos"}},{"type":"Feature","geometry":{"type":"Point","coordinates":[-3.8435,42.9991,0]},"properties":{"styleUrl":"#pointStyleMap","icon":"http://maps.google.com/mapfiles/kml/shapes/placemark_circle.png","______Evento":898762,"_______Fecha":"17/02/2009","________Hora":"04:46:58","_____Latitud":42.9991,"____Longitud":-3.8435,"__Prof___Km_":"0.0","______Inten_":"","________Mag_":"1.5","___Tipo_Mag_":4,"Localizaci_n":"NW SONCILLO.BU","unnamed":"Burgos"}},{"type":"Feature","geometry":{"type":"Point","coordinates":[-6.7158,42.1752,0]},"properties":{"styleUrl":"#pointStyleMap","icon":"http://maps.google.com/mapfiles/kml/shapes/placemark_circle.png","______Evento":910445,"_______Fecha":"02/05/2009","________Hora":"02:22:11","_____Latitud":42.1752,"____Longitud":-6.7158,"__Prof___Km_":"0.0","______Inten_":"","________Mag_":"1.5","___Tipo_Mag_":4,"Localizaci_n":"NW TREFACIO.ZA","unnamed":"Zamora"}},{"type":"Feature","geometry":{"type":"Point","coordinates":[-6.3089,41.3784,0]},"properties":{"styleUrl":"#pointStyleMap","icon":"http://maps.google.com/mapfiles/kml/shapes/placemark_circle.png","______Evento":943930,"_______Fecha":"25/09/2009","________Hora":"00:49:06","_____Latitud":41.3784,"____Longitud":-6.3089,"__Prof___Km_":"0.0","______Inten_":"","________Mag_":"1.5","___Tipo_Mag_":4,"Localizaci_n":"SW FARIZA DE SAYAGO.ZA","unnamed":"Zamora"}},{"type":"Feature","geometry":{"type":"Point","coordinates":[-2.371,41.1073,0]},"properties":{"styleUrl":"#pointStyleMap","icon":"http://maps.google.com/mapfiles/kml/shapes/placemark_circle.png","______Evento":992625,"_______Fecha":"30/05/2010","________Hora":"00:06:07","_____Latitud":41.1073,"____Longitud":-2.371,"__Prof___Km_":"10.8","______Inten_":"","________Mag_":"1.5","___Tipo_Mag_":4,"Localizaci_n":"SE MEDINACELI.SO","unnamed":"Soria"}},{"type":"Feature","geometry":{"type":"Point","coordinates":[-4.9374,42.9758,0]},"properties":{"styleUrl":"#pointStyleMap","icon":"http://maps.google.com/mapfiles/kml/shapes/placemark_circle.png","______Evento":1021077,"_______Fecha":"01/10/2010","________Hora":"01:14:22","_____Latitud":42.9758,"____Longitud":-4.9374,"__Prof___Km_":"7.4","______Inten_":"","________Mag_":"1.5","___Tipo_Mag_":4,"Localizaci_n":"W BOCA DE HUÉRGANO.LE","unnamed":"León"}},{"type":"Feature","geometry":{"type":"Point","coordinates":[-6.5823,42.8095,0]},"properties":{"styleUrl":"#pointStyleMap","icon":"http://maps.google.com/mapfiles/kml/shapes/placemark_circle.png","______Evento":1021973,"_______Fecha":"07/10/2010","________Hora":"06:14:06","_____Latitud":42.8095,"____Longitud":-6.5823,"__Prof___Km_":"11.0","______Inten_":"","________Mag_":"1.5","___Tipo_Mag_":4,"Localizaci_n":"NE FABERO.LE","unnamed":"León"}},{"type":"Feature","geometry":{"type":"Point","coordinates":[-5.6886,42.9729,0]},"properties":{"styleUrl":"#pointStyleMap","icon":"http://maps.google.com/mapfiles/kml/shapes/placemark_circle.png","______Evento":1030958,"_______Fecha":"24/11/2010","________Hora":"02:24:52","_____Latitud":42.9729,"____Longitud":-5.6886,"__Prof___Km_":"0.0","______Inten_":"","________Mag_":"1.5","___Tipo_Mag_":4,"Localizaci_n":"NW VILLAMANÍN.LE","unnamed":"León"}},{"type":"Feature","geometry":{"type":"Point","coordinates":[-6.3201,40.9115,0]},"properties":{"styleUrl":"#pointStyleMap","icon":"http://maps.google.com/mapfiles/kml/shapes/placemark_circle.png","______Evento":1068438,"_______Fecha":"19/06/2011","________Hora":"17:39:26","_____Latitud":40.9115,"____Longitud":-6.3201,"__Prof___Km_":"0.0","______Inten_":"","________Mag_":"1.5","___Tipo_Mag_":4,"Localizaci_n":"NW EL CUBO DE DON SANCHO.SA","unnamed":"Salamanca"}},{"type":"Feature","geometry":{"type":"Point","coordinates":[-6.8356,42.5254,0]},"properties":{"styleUrl":"#pointStyleMap","icon":"http://maps.google.com/mapfiles/kml/shapes/placemark_circle.png","______Evento":1106421,"_______Fecha":"20/10/2011","________Hora":"09:05:22","_____Latitud":42.5254,"____Longitud":-6.8356,"__Prof___Km_":"0.0","______Inten_":"","________Mag_":"1.5","___Tipo_Mag_":4,"Localizaci_n":"E SOBRADO.LE","unnamed":"León"}},{"type":"Feature","geometry":{"type":"Point","coordinates":[-2.179,42.0179,0]},"properties":{"styleUrl":"#pointStyleMap","icon":"http://maps.google.com/mapfiles/kml/shapes/placemark_circle.png","______Evento":1138328,"_______Fecha":"13/04/2012","________Hora":"01:30:45","_____Latitud":42.0179,"____Longitud":-2.179,"__Prof___Km_":"0.0","______Inten_":"","________Mag_":"1.5","___Tipo_Mag_":4,"Localizaci_n":"E SAN PEDRO MANRIQUE.SO","unnamed":"Soria"}},{"type":"Feature","geometry":{"type":"Point","coordinates":[-6.7482,42.0926,0]},"properties":{"styleUrl":"#pointStyleMap","icon":"http://maps.google.com/mapfiles/kml/shapes/placemark_circle.png","______Evento":1219191,"_______Fecha":"01/07/2013","________Hora":"21:59:36","_____Latitud":42.0926,"____Longitud":-6.7482,"__Prof___Km_":"12.0","______Inten_":"","________Mag_":"1.5","___Tipo_Mag_":4,"Localizaci_n":"NW COBREROS.ZA","unnamed":"Zamora"}},{"type":"Feature","geometry":{"type":"Point","coordinates":[-6.6732,42.9098,0]},"properties":{"styleUrl":"#pointStyleMap","icon":"http://maps.google.com/mapfiles/kml/shapes/placemark_circle.png","______Evento":1221287,"_______Fecha":"13/07/2013","________Hora":"16:55:12","_____Latitud":42.9098,"____Longitud":-6.6732,"__Prof___Km_":"11.0","______Inten_":"","________Mag_":"1.5","___Tipo_Mag_":4,"Localizaci_n":"NW PERANZANES.LE","unnamed":"León"}},{"type":"Feature","geometry":{"type":"Point","coordinates":[-6.8013,42.5575,0]},"properties":{"styleUrl":"#pointStyleMap","icon":"http://maps.google.com/mapfiles/kml/shapes/placemark_circle.png","______Evento":1249583,"_______Fecha":"11/12/2013","________Hora":"07:06:50","_____Latitud":42.5575,"____Longitud":-6.8013,"__Prof___Km_":"0.0","______Inten_":"","________Mag_":"1.5","___Tipo_Mag_":4,"Localizaci_n":"SE CORULLÓN.LE","unnamed":"León"}},{"type":"Feature","geometry":{"type":"Point","coordinates":[-6.5368,42.8303,0]},"properties":{"styleUrl":"#pointStyleMap","icon":"http://maps.google.com/mapfiles/kml/shapes/placemark_circle.png","______Evento":1285070,"_______Fecha":"18/07/2014","________Hora":"10:32:54","_____Latitud":42.8303,"____Longitud":-6.5368,"__Prof___Km_":"11.0","______Inten_":"","________Mag_":"1.5","___Tipo_Mag_":4,"Localizaci_n":"W PÁRAMO DEL SIL.LE","unnamed":"León"}},{"type":"Feature","geometry":{"type":"Point","coordinates":[-6.8591,42.1493,0]},"properties":{"styleUrl":"#pointStyleMap","icon":"http://maps.google.com/mapfiles/kml/shapes/placemark_circle.png","______Evento":1304291,"_______Fecha":"01/11/2014","________Hora":"20:24:46","_____Latitud":42.1493,"____Longitud":-6.8591,"__Prof___Km_":"0.0","______Inten_":"","________Mag_":"1.5","___Tipo_Mag_":4,"Localizaci_n":"E PORTO.ZA","unnamed":"Zamora"}},{"type":"Feature","geometry":{"type":"Point","coordinates":[-6.0646,41.4415,0]},"properties":{"styleUrl":"#pointStyleMap","icon":"http://maps.google.com/mapfiles/kml/shapes/placemark_circle.png","______Evento":1317748,"_______Fecha":"18/02/2015","________Hora":"05:22:00","_____Latitud":41.4415,"____Longitud":-6.0646,"__Prof___Km_":"12.0","______Inten_":"","________Mag_":"1.5","___Tipo_Mag_":4,"Localizaci_n":"SE MORAL DE SAYAGO.ZA","unnamed":"Zamora"}},{"type":"Feature","geometry":{"type":"Point","coordinates":[-6.2961,41.2685,0]},"properties":{"styleUrl":"#pointStyleMap","icon":"http://maps.google.com/mapfiles/kml/shapes/placemark_circle.png","______Evento":1344546,"_______Fecha":"14/09/2015","________Hora":"23:24:06","_____Latitud":41.2685,"____Longitud":-6.2961,"__Prof___Km_":"12.0","______Inten_":"","________Mag_":"1.5","___Tipo_Mag_":4,"Localizaci_n":"W SALCE.ZA","unnamed":"Zamora"}},{"type":"Feature","geometry":{"type":"Point","coordinates":[-3.3791,42.1752,0]},"properties":{"styleUrl":"#pointStyleMap","icon":"http://maps.google.com/mapfiles/kml/shapes/placemark_circle.png","______Evento":1351785,"_______Fecha":"28/10/2015","________Hora":"22:49:44","_____Latitud":42.1752,"____Longitud":-3.3791,"__Prof___Km_":"15.0","______Inten_":"","________Mag_":"1.5","___Tipo_Mag_":4,"Localizaci_n":"W TINIEBLAS.BU","unnamed":"Burgos"}},{"type":"Feature","geometry":{"type":"Point","coordinates":[-5.9604,42.9979,0]},"properties":{"styleUrl":"#pointStyleMap","icon":"http://maps.google.com/mapfiles/kml/shapes/placemark_circle.png","______Evento":0,"_______Fecha":"28/06/2019","________Hora":"20:58:12","_____Latitud":42.9979,"____Longitud":-5.9604,"__Prof___Km_":"0.0","______Inten_":"","________Mag_":"1.5","___Tipo_Mag_":4,"Localizaci_n":"NE SAN EMILIANO.LE","unnamed":"León"}},{"type":"Feature","geometry":{"type":"Point","coordinates":[-3.3464,43.0968,0]},"properties":{"styleUrl":"#pointStyleMap","icon":"http://maps.google.com/mapfiles/kml/shapes/placemark_circle.png","______Evento":0,"_______Fecha":"03/05/2020","________Hora":"19:37:54","_____Latitud":43.0968,"____Longitud":-3.3464,"__Prof___Km_":"5.0","______Inten_":"","________Mag_":"1.5","___Tipo_Mag_":4,"Localizaci_n":"W VALLE DE MENA.BU","unnamed":"Burgos"}},{"type":"Feature","geometry":{"type":"Point","coordinates":[-3.5962,42.8446,0]},"properties":{"styleUrl":"#pointStyleMap","icon":"http://maps.google.com/mapfiles/kml/shapes/placemark_circle.png","______Evento":0,"_______Fecha":"29/08/2020","________Hora":"18:27:34","_____Latitud":42.8446,"____Longitud":-3.5962,"__Prof___Km_":"6.0","______Inten_":"","________Mag_":"1.5","___Tipo_Mag_":4,"Localizaci_n":"W MERINDAD DE VALDIVIELSO.BU","unnamed":"Burgos"}},{"type":"Feature","geometry":{"type":"Point","coordinates":[-6.4281,42.8801,0]},"properties":{"styleUrl":"#pointStyleMap","icon":"http://maps.google.com/mapfiles/kml/shapes/placemark_circle.png","______Evento":0,"_______Fecha":"10/09/2020","________Hora":"22:33:12","_____Latitud":42.8801,"____Longitud":-6.4281,"__Prof___Km_":"4.0","______Inten_":"","________Mag_":"1.5","___Tipo_Mag_":4,"Localizaci_n":"NE PALACIOS DEL SIL.LE","unnamed":"León"}},{"type":"Feature","geometry":{"type":"Point","coordinates":[-3.8394,43.0613,0]},"properties":{"styleUrl":"#pointStyleMap","icon":"http://maps.google.com/mapfiles/kml/shapes/placemark_circle.png","______Evento":0,"_______Fecha":"04/03/2021","________Hora":"20:56:10","_____Latitud":43.0613,"____Longitud":-3.8394,"__Prof___Km_":"18.0","______Inten_":"","________Mag_":"1.5","___Tipo_Mag_":4,"Localizaci_n":"NW MERINDAD DE VALDEPORRES.BU","unnamed":"Burgos"}},{"type":"Feature","geometry":{"type":"Point","coordinates":[-2.0061,41.4085,0]},"properties":{"styleUrl":"#pointStyleMap","icon":"http://maps.google.com/mapfiles/kml/shapes/placemark_circle.png","______Evento":0,"_______Fecha":"01/05/2022","________Hora":"10:09:27","_____Latitud":41.4085,"____Longitud":-2.0061,"__Prof___Km_":"2.0","______Inten_":"","________Mag_":"1.5","___Tipo_Mag_":4,"Localizaci_n":"NW CIHUELA.SO","unnamed":"Soria"}},{"type":"Feature","geometry":{"type":"Point","coordinates":[-2.3294,41.7473,0]},"properties":{"styleUrl":"#pointStyleMap","icon":"http://maps.google.com/mapfiles/kml/shapes/placemark_circle.png","______Evento":0,"_______Fecha":"21/08/2022","________Hora":"10:51:53","_____Latitud":41.7473,"____Longitud":-2.3294,"__Prof___Km_":"4.0","______Inten_":"","________Mag_":"1.5","___Tipo_Mag_":4,"Localizaci_n":"NE ALCONABA.SO","unnamed":"Soria"}},{"type":"Feature","geometry":{"type":"Point","coordinates":[-2.1551,42.0541,0]},"properties":{"styleUrl":"#pointStyleMap","icon":"http://maps.google.com/mapfiles/kml/shapes/placemark_circle.png","______Evento":0,"_______Fecha":"23/11/2022","________Hora":"01:25:09","_____Latitud":42.0541,"____Longitud":-2.1551,"__Prof___Km_":"4.0","______Inten_":"","________Mag_":"1.5","___Tipo_Mag_":4,"Localizaci_n":"NE SAN PEDRO MANRIQUE.SO","unnamed":"Soria"}},{"type":"Feature","geometry":{"type":"Point","coordinates":[-6.335,42.5743,0]},"properties":{"styleUrl":"#pointStyleMap","icon":"http://maps.google.com/mapfiles/kml/shapes/placemark_circle.png","______Evento":0,"_______Fecha":"27/12/2022","________Hora":"00:52:38","_____Latitud":42.5743,"____Longitud":-6.335,"__Prof___Km_":"0.0","______Inten_":"","________Mag_":"1.5","___Tipo_Mag_":4,"Localizaci_n":"SW TORRE DEL BIERZO.LE","unnamed":"León"}},{"type":"Feature","geometry":{"type":"Point","coordinates":[-5.9066,42.0616,0]},"properties":{"styleUrl":"#pointStyleMap","icon":"http://maps.google.com/mapfiles/kml/shapes/placemark_circle.png","______Evento":0,"_______Fecha":"13/08/2023","________Hora":"09:15:58","_____Latitud":42.0616,"____Longitud":-5.9066,"__Prof___Km_":"0.0","______Inten_":"","________Mag_":"1.5","___Tipo_Mag_":4,"Localizaci_n":"NE GRANUCILLO.ZA","unnamed":"Zamora"}},{"type":"Feature","geometry":{"type":"Point","coordinates":[-3.3201,43.1709,0]},"properties":{"styleUrl":"#pointStyleMap","icon":"http://maps.google.com/mapfiles/kml/shapes/placemark_circle.png","______Evento":0,"_______Fecha":"29/09/2023","________Hora":"17:56:25","_____Latitud":43.1709,"____Longitud":-3.3201,"__Prof___Km_":"4.0","______Inten_":"","________Mag_":"1.5","___Tipo_Mag_":4,"Localizaci_n":"NW VALLE DE MENA.BU","unnamed":"Burgos"}},{"type":"Feature","geometry":{"type":"Point","coordinates":[-2.2583,41.5422,0]},"properties":{"styleUrl":"#pointStyleMap","icon":"http://maps.google.com/mapfiles/kml/shapes/placemark_circle.png","______Evento":0,"_______Fecha":"28/12/2023","________Hora":"04:52:15","_____Latitud":41.5422,"____Longitud":-2.2583,"__Prof___Km_":"1.0","______Inten_":"","________Mag_":"1.5","___Tipo_Mag_":4,"Localizaci_n":"NE BLIECOS.SO","unnamed":"Soria"}},{"type":"Feature","geometry":{"type":"Point","coordinates":[-6.8393,42.0298,0]},"properties":{"styleUrl":"#pointStyleMap","icon":"http://maps.google.com/mapfiles/kml/shapes/placemark_circle.png","______Evento":0,"_______Fecha":"03/02/2024","________Hora":"01:49:33","_____Latitud":42.0298,"____Longitud":-6.8393,"__Prof___Km_":"0.0","______Inten_":"","________Mag_":"1.5","___Tipo_Mag_":4,"Localizaci_n":"E LUBIÁN.ZA","unnamed":"Zamora"}},{"type":"Feature","geometry":{"type":"Point","coordinates":[-6.6065,42.3553,0]},"properties":{"styleUrl":"#pointStyleMap","icon":"http://maps.google.com/mapfiles/kml/shapes/placemark_circle.png","______Evento":0,"_______Fecha":"10/07/2024","________Hora":"23:24:10","_____Latitud":42.3553,"____Longitud":-6.6065,"__Prof___Km_":"12.0","______Inten_":"","________Mag_":"1.5","___Tipo_Mag_":4,"Localizaci_n":"W CASTRILLO DE CABRERA.LE","unnamed":"León"}},{"type":"Feature","geometry":{"type":"Point","coordinates":[-3.3581,41.616,0]},"properties":{"styleUrl":"#pointStyleMap","icon":"http://maps.google.com/mapfiles/kml/shapes/placemark_circle.png","______Evento":0,"_______Fecha":"30/11/2024","________Hora":"21:23:21","_____Latitud":41.616,"____Longitud":-3.3581,"__Prof___Km_":"0.0","______Inten_":"","________Mag_":"1.5","___Tipo_Mag_":4,"Localizaci_n":"E LANGA DE DUERO.SO","unnamed":"Soria"}},{"type":"Feature","geometry":{"type":"Point","coordinates":[-6.7683,42.4096,0]},"properties":{"styleUrl":"#pointStyleMap","icon":"http://maps.google.com/mapfiles/kml/shapes/placemark_circle.png","______Evento":0,"_______Fecha":"29/12/2024","________Hora":"19:34:50","_____Latitud":42.4096,"____Longitud":-6.7683,"__Prof___Km_":"23.0","______Inten_":"","________Mag_":"1.5","___Tipo_Mag_":4,"Localizaci_n":"E PUENTE DE DOMINGO FLÓREZ.LE","unnamed":"León"}},{"type":"Feature","geometry":{"type":"Point","coordinates":[-6.752,42.2672,0]},"properties":{"styleUrl":"#pointStyleMap","icon":"http://maps.google.com/mapfiles/kml/shapes/placemark_circle.png","______Evento":0,"_______Fecha":"19/01/2025","________Hora":"08:47:00","_____Latitud":42.2672,"____Longitud":-6.752,"__Prof___Km_":"0.0","______Inten_":"","________Mag_":"1.5","___Tipo_Mag_":4,"Localizaci_n":"W ENCINEDO.LE","unnamed":"León"}},{"type":"Feature","geometry":{"type":"Point","coordinates":[-6.7358,42.3297,0]},"properties":{"styleUrl":"#pointStyleMap","icon":"http://maps.google.com/mapfiles/kml/shapes/placemark_circle.png","______Evento":0,"_______Fecha":"01/03/2025","________Hora":"02:24:54","_____Latitud":42.3297,"____Longitud":-6.7358,"__Prof___Km_":"1.0","______Inten_":"","________Mag_":"1.5","___Tipo_Mag_":4,"Localizaci_n":"SW BENUZA.LE","unnamed":"León"}},{"type":"Feature","geometry":{"type":"Point","coordinates":[-6.6129,42.7521,0]},"properties":{"styleUrl":"#pointStyleMap","icon":"http://maps.google.com/mapfiles/kml/shapes/placemark_circle.png","______Evento":0,"_______Fecha":"13/07/2025","________Hora":"00:22:29","_____Latitud":42.7521,"____Longitud":-6.6129,"__Prof___Km_":"12.0","______Inten_":"","________Mag_":"1.5","___Tipo_Mag_":4,"Localizaci_n":"SE FABERO.LE","unnamed":"León"}},{"type":"Feature","geometry":{"type":"Point","coordinates":[-6.6412,42.3387,0]},"properties":{"styleUrl":"#pointStyleMap","icon":"http://maps.google.com/mapfiles/kml/shapes/placemark_circle.png","______Evento":0,"_______Fecha":"17/12/2025","________Hora":"03:55:55","_____Latitud":42.3387,"____Longitud":-6.6412,"__Prof___Km_":"0.0","______Inten_":"","________Mag_":"1.5","___Tipo_Mag_":4,"Localizaci_n":"W CASTRILLO DE CABRERA.LE","unnamed":"León"}},{"type":"Feature","geometry":{"type":"Point","coordinates":[-6.1287,42.2593,0]},"properties":{"styleUrl":"#pointStyleMap","icon":"http://maps.google.com/mapfiles/kml/shapes/placemark_circle.png","______Evento":0,"_______Fecha":"25/04/2026","________Hora":"09:22:43","_____Latitud":42.2593,"____Longitud":-6.1287,"__Prof___Km_":"0.0","______Inten_":"","________Mag_":"1.5","___Tipo_Mag_":4,"Localizaci_n":"S CASTRILLO DE LA VALDUERNA.LE","unnamed":"León"}},{"type":"Feature","geometry":{"type":"Point","coordinates":[-5.9099,42.1851,0]},"properties":{"styleUrl":"#pointStyleMap","icon":"http://maps.google.com/mapfiles/kml/shapes/placemark_circle.png","______Evento":0,"_______Fecha":"30/05/2026","________Hora":"19:07:00","_____Latitud":42.1851,"____Longitud":-5.9099,"__Prof___Km_":"0.0","______Inten_":"","________Mag_":"1.5","___Tipo_Mag_":4,"Localizaci_n":"NE SAN ESTEBAN DE NOGALES.LE","unnamed":"León"}},{"type":"Feature","geometry":{"type":"Point","coordinates":[-6.671,42.3667,0]},"properties":{"styleUrl":"#pointStyleMap","icon":"http://maps.google.com/mapfiles/kml/shapes/placemark_circle.png","______Evento":383912,"_______Fecha":"22/05/2003","________Hora":"03:48:05","_____Latitud":42.3667,"____Longitud":-6.671,"__Prof___Km_":"0.0","______Inten_":"","________Mag_":"1.4","___Tipo_Mag_":4,"Localizaci_n":"SE BENUZA.LE","unnamed":"León"}},{"type":"Feature","geometry":{"type":"Point","coordinates":[-6.0709,41.6131,0]},"properties":{"styleUrl":"#pointStyleMap","icon":"http://maps.google.com/mapfiles/kml/shapes/placemark_circle.png","______Evento":404842,"_______Fecha":"31/07/2003","________Hora":"23:54:54","_____Latitud":41.6131,"____Longitud":-6.0709,"__Prof___Km_":"0.0","______Inten_":"","________Mag_":"1.4","___Tipo_Mag_":4,"Localizaci_n":"W VIDEMALA.ZA","unnamed":"Zamora"}},{"type":"Feature","geometry":{"type":"Point","coordinates":[-5.9652,41.556,0]},"properties":{"styleUrl":"#pointStyleMap","icon":"http://maps.google.com/mapfiles/kml/shapes/placemark_circle.png","______Evento":408645,"_______Fecha":"16/08/2003","________Hora":"21:13:44","_____Latitud":41.556,"____Longitud":-5.9652,"__Prof___Km_":"11.4","______Inten_":"","________Mag_":"1.4","___Tipo_Mag_":4,"Localizaci_n":"N MUELAS DEL PAN.ZA","unnamed":"Zamora"}},{"type":"Feature","geometry":{"type":"Point","coordinates":[-5.8912,41.6111,0]},"properties":{"styleUrl":"#pointStyleMap","icon":"http://maps.google.com/mapfiles/kml/shapes/placemark_circle.png","______Evento":435418,"_______Fecha":"20/09/2003","________Hora":"18:49:14","_____Latitud":41.6111,"____Longitud":-5.8912,"__Prof___Km_":"0.0","______Inten_":"","________Mag_":"1.4","___Tipo_Mag_":4,"Localizaci_n":"NW PALACIOS DEL PAN.ZA","unnamed":"Zamora"}},{"type":"Feature","geometry":{"type":"Point","coordinates":[-4.8764,42.9439,0]},"properties":{"styleUrl":"#pointStyleMap","icon":"http://maps.google.com/mapfiles/kml/shapes/placemark_circle.png","______Evento":446602,"_______Fecha":"10/01/2004","________Hora":"21:03:29","_____Latitud":42.9439,"____Longitud":-4.8764,"__Prof___Km_":"0.0","______Inten_":"","________Mag_":"1.4","___Tipo_Mag_":4,"Localizaci_n":"SE BOCA DE HUÉRGANO.LE","unnamed":"León"}},{"type":"Feature","geometry":{"type":"Point","coordinates":[-5.1321,42.9669,0]},"properties":{"styleUrl":"#pointStyleMap","icon":"http://maps.google.com/mapfiles/kml/shapes/placemark_circle.png","______Evento":463391,"_______Fecha":"03/03/2004","________Hora":"22:56:40","_____Latitud":42.9669,"____Longitud":-5.1321,"__Prof___Km_":"0.0","______Inten_":"","________Mag_":"1.4","___Tipo_Mag_":4,"Localizaci_n":"NE REYERO.LE","unnamed":"León"}},{"type":"Feature","geometry":{"type":"Point","coordinates":[-5.9813,41.5661,0]},"properties":{"styleUrl":"#pointStyleMap","icon":"http://maps.google.com/mapfiles/kml/shapes/placemark_circle.png","______Evento":491605,"_______Fecha":"13/01/2003","________Hora":"00:17:42","_____Latitud":41.5661,"____Longitud":-5.9813,"__Prof___Km_":"10.7","______Inten_":"","________Mag_":"1.4","___Tipo_Mag_":4,"Localizaci_n":"NW MUELAS DEL PAN.ZA","unnamed":"Zamora"}},{"type":"Feature","geometry":{"type":"Point","coordinates":[-5.9635,41.5242,0]},"properties":{"styleUrl":"#pointStyleMap","icon":"http://maps.google.com/mapfiles/kml/shapes/placemark_circle.png","______Evento":493983,"_______Fecha":"19/06/2004","________Hora":"02:17:20","_____Latitud":41.5242,"____Longitud":-5.9635,"__Prof___Km_":"0.0","______Inten_":"","________Mag_":"1.4","___Tipo_Mag_":4,"Localizaci_n":"E MUELAS DEL PAN.ZA","unnamed":"Zamora"}},{"type":"Feature","geometry":{"type":"Point","coordinates":[-6.5962,42.2122,0]},"properties":{"styleUrl":"#pointStyleMap","icon":"http://maps.google.com/mapfiles/kml/shapes/placemark_circle.png","______Evento":542434,"_______Fecha":"05/02/2005","________Hora":"10:39:10","_____Latitud":42.2122,"____Longitud":-6.5962,"__Prof___Km_":"0.0","______Inten_":"","________Mag_":"1.4","___Tipo_Mag_":4,"Localizaci_n":"S ENCINEDO.LE","unnamed":"León"}},{"type":"Feature","geometry":{"type":"Point","coordinates":[-5.8826,42.9658,0]},"properties":{"styleUrl":"#pointStyleMap","icon":"http://maps.google.com/mapfiles/kml/shapes/placemark_circle.png","______Evento":556047,"_______Fecha":"27/03/2005","________Hora":"03:54:06","_____Latitud":42.9658,"____Longitud":-5.8826,"__Prof___Km_":"0.0","______Inten_":"","________Mag_":"1.4","___Tipo_Mag_":4,"Localizaci_n":"NE SENA DE LUNA.LE","unnamed":"León"}},{"type":"Feature","geometry":{"type":"Point","coordinates":[-6.49,42.4329,0]},"properties":{"styleUrl":"#pointStyleMap","icon":"http://maps.google.com/mapfiles/kml/shapes/placemark_circle.png","______Evento":665996,"_______Fecha":"10/06/2006","________Hora":"06:39:45","_____Latitud":42.4329,"____Longitud":-6.49,"__Prof___Km_":"0.0","______Inten_":"","________Mag_":"1.4","___Tipo_Mag_":4,"Localizaci_n":"NE CASTRILLO DE CABRERA.LE","unnamed":"León"}},{"type":"Feature","geometry":{"type":"Point","coordinates":[-6.5006,42.4379,0]},"properties":{"styleUrl":"#pointStyleMap","icon":"http://maps.google.com/mapfiles/kml/shapes/placemark_circle.png","______Evento":667653,"_______Fecha":"17/06/2006","________Hora":"18:50:56","_____Latitud":42.4379,"____Longitud":-6.5006,"__Prof___Km_":"0.0","______Inten_":"","________Mag_":"1.4","___Tipo_Mag_":4,"Localizaci_n":"S MOLINASECA.LE","unnamed":"León"}},{"type":"Feature","geometry":{"type":"Point","coordinates":[-6.5098,42.4415,0]},"properties":{"styleUrl":"#pointStyleMap","icon":"http://maps.google.com/mapfiles/kml/shapes/placemark_circle.png","______Evento":674539,"_______Fecha":"13/07/2006","________Hora":"20:30:24","_____Latitud":42.4415,"____Longitud":-6.5098,"__Prof___Km_":"0.0","______Inten_":"","________Mag_":"1.4","___Tipo_Mag_":4,"Localizaci_n":"S MOLINASECA.LE","unnamed":"León"}},{"type":"Feature","geometry":{"type":"Point","coordinates":[-6.6695,42.7117,0]},"properties":{"styleUrl":"#pointStyleMap","icon":"http://maps.google.com/mapfiles/kml/shapes/placemark_circle.png","______Evento":776042,"_______Fecha":"27/07/2007","________Hora":"01:25:05","_____Latitud":42.7117,"____Longitud":-6.6695,"__Prof___Km_":"10.9","______Inten_":"","________Mag_":"1.4","___Tipo_Mag_":4,"Localizaci_n":"SW VEGA DE ESPINAREDA.LE","unnamed":"León"}},{"type":"Feature","geometry":{"type":"Point","coordinates":[-4.9119,41.1487,0]},"properties":{"styleUrl":"#pointStyleMap","icon":"http://maps.google.com/mapfiles/kml/shapes/placemark_circle.png","______Evento":797448,"_______Fecha":"01/10/2007","________Hora":"02:44:20","_____Latitud":41.1487,"____Longitud":-4.9119,"__Prof___Km_":"10.9","______Inten_":"","________Mag_":"1.4","___Tipo_Mag_":4,"Localizaci_n":"E LOMOVIEJO.VA","unnamed":"Valladolid"}},{"type":"Feature","geometry":{"type":"Point","coordinates":[-3.8131,42.4326,0]},"properties":{"styleUrl":"#pointStyleMap","icon":"http://maps.google.com/mapfiles/kml/shapes/placemark_circle.png","______Evento":838861,"_______Fecha":"01/05/2008","________Hora":"14:35:39","_____Latitud":42.4326,"____Longitud":-3.8131,"__Prof___Km_":"10.6","______Inten_":"","________Mag_":"1.4","___Tipo_Mag_":4,"Localizaci_n":"NE PEDROSA DE RÍO ÚRBEL.BU","unnamed":"Burgos"}},{"type":"Feature","geometry":{"type":"Point","coordinates":[-3.8893,42.4469,0]},"properties":{"styleUrl":"#pointStyleMap","icon":"http://maps.google.com/mapfiles/kml/shapes/placemark_circle.png","______Evento":841465,"_______Fecha":"13/05/2008","________Hora":"21:42:03","_____Latitud":42.4469,"____Longitud":-3.8893,"__Prof___Km_":"0.0","______Inten_":"","________Mag_":"1.4","___Tipo_Mag_":4,"Localizaci_n":"SE SUSINOS DEL PÁRAMO.BU","unnamed":"Burgos"}},{"type":"Feature","geometry":{"type":"Point","coordinates":[-5.5938,40.5419,0]},"properties":{"styleUrl":"#pointStyleMap","icon":"http://maps.google.com/mapfiles/kml/shapes/placemark_circle.png","______Evento":845199,"_______Fecha":"26/05/2008","________Hora":"18:15:56","_____Latitud":40.5419,"____Longitud":-5.5938,"__Prof___Km_":"0.0","______Inten_":"","________Mag_":"1.4","___Tipo_Mag_":4,"Localizaci_n":"W CESPEDOSA DE TORMES.SA","unnamed":"Salamanca"}},{"type":"Feature","geometry":{"type":"Point","coordinates":[-3.9205,42.5875,0]},"properties":{"styleUrl":"#pointStyleMap","icon":"http://maps.google.com/mapfiles/kml/shapes/placemark_circle.png","______Evento":884843,"_______Fecha":"16/11/2008","________Hora":"02:12:34","_____Latitud":42.5875,"____Longitud":-3.9205,"__Prof___Km_":"12.0","______Inten_":"","________Mag_":"1.4","___Tipo_Mag_":4,"Localizaci_n":"N LA PARTE.BU","unnamed":"Burgos"}},{"type":"Feature","geometry":{"type":"Point","coordinates":[-6.7406,42.1838,0]},"properties":{"styleUrl":"#pointStyleMap","icon":"http://maps.google.com/mapfiles/kml/shapes/placemark_circle.png","______Evento":897268,"_______Fecha":"08/02/2009","________Hora":"19:12:04","_____Latitud":42.1838,"____Longitud":-6.7406,"__Prof___Km_":"0.0","______Inten_":"","________Mag_":"1.4","___Tipo_Mag_":4,"Localizaci_n":"NW TREFACIO.ZA","unnamed":"Zamora"}},{"type":"Feature","geometry":{"type":"Point","coordinates":[-3.1511,42.7272,0]},"properties":{"styleUrl":"#pointStyleMap","icon":"http://maps.google.com/mapfiles/kml/shapes/placemark_circle.png","______Evento":902390,"_______Fecha":"11/03/2009","________Hora":"20:10:05","_____Latitud":42.7272,"____Longitud":-3.1511,"__Prof___Km_":"10.5","______Inten_":"","________Mag_":"1.4","___Tipo_Mag_":4,"Localizaci_n":"W BOZOÓ.BU","unnamed":"Burgos"}},{"type":"Feature","geometry":{"type":"Point","coordinates":[-4.7065,40.5607,0]},"properties":{"styleUrl":"#pointStyleMap","icon":"http://maps.google.com/mapfiles/kml/shapes/placemark_circle.png","______Evento":955408,"_______Fecha":"03/11/2009","________Hora":"11:49:14","_____Latitud":40.5607,"____Longitud":-4.7065,"__Prof___Km_":"0.0","______Inten_":"","________Mag_":"1.4","___Tipo_Mag_":4,"Localizaci_n":"E RIOFRÍO.AV","unnamed":"Ávila"}},{"type":"Feature","geometry":{"type":"Point","coordinates":[-5.7017,40.9816,0]},"properties":{"styleUrl":"#pointStyleMap","icon":"http://maps.google.com/mapfiles/kml/shapes/placemark_circle.png","______Evento":956219,"_______Fecha":"07/11/2009","________Hora":"00:34:44","_____Latitud":40.9816,"____Longitud":-5.7017,"__Prof___Km_":"0.0","______Inten_":"","________Mag_":"1.4","___Tipo_Mag_":4,"Localizaci_n":"SW VILLAMAYOR.SA","unnamed":"Salamanca"}},{"type":"Feature","geometry":{"type":"Point","coordinates":[-5.7518,42.9933,0]},"properties":{"styleUrl":"#pointStyleMap","icon":"http://maps.google.com/mapfiles/kml/shapes/placemark_circle.png","______Evento":983042,"_______Fecha":"18/04/2010","________Hora":"23:46:26","_____Latitud":42.9933,"____Longitud":-5.7518,"__Prof___Km_":"11.6","______Inten_":"","________Mag_":"1.4","___Tipo_Mag_":4,"Localizaci_n":"NW VILLAMANÍN.LE","unnamed":"León"}},{"type":"Feature","geometry":{"type":"Point","coordinates":[-6.5164,42.4101,0]},"properties":{"styleUrl":"#pointStyleMap","icon":"http://maps.google.com/mapfiles/kml/shapes/placemark_circle.png","______Evento":996796,"_______Fecha":"17/06/2010","________Hora":"22:36:58","_____Latitud":42.4101,"____Longitud":-6.5164,"__Prof___Km_":"0.0","______Inten_":"","________Mag_":"1.4","___Tipo_Mag_":4,"Localizaci_n":"NE CASTRILLO DE CABRERA.LE","unnamed":"León"}},{"type":"Feature","geometry":{"type":"Point","coordinates":[-6.713,42.6097,0]},"properties":{"styleUrl":"#pointStyleMap","icon":"http://maps.google.com/mapfiles/kml/shapes/placemark_circle.png","______Evento":1013217,"_______Fecha":"23/08/2010","________Hora":"23:58:16","_____Latitud":42.6097,"____Longitud":-6.713,"__Prof___Km_":"0.0","______Inten_":"","________Mag_":"1.4","___Tipo_Mag_":4,"Localizaci_n":"NE CACABELOS.LE","unnamed":"León"}},{"type":"Feature","geometry":{"type":"Point","coordinates":[-6.5772,42.403,0]},"properties":{"styleUrl":"#pointStyleMap","icon":"http://maps.google.com/mapfiles/kml/shapes/placemark_circle.png","______Evento":1052671,"_______Fecha":"29/03/2011","________Hora":"03:34:49","_____Latitud":42.403,"____Longitud":-6.5772,"__Prof___Km_":"0.0","______Inten_":"","________Mag_":"1.4","___Tipo_Mag_":4,"Localizaci_n":"NW CASTRILLO DE CABRERA.LE","unnamed":"León"}},{"type":"Feature","geometry":{"type":"Point","coordinates":[-6.7933,42.1214,0]},"properties":{"styleUrl":"#pointStyleMap","icon":"http://maps.google.com/mapfiles/kml/shapes/placemark_circle.png","______Evento":1132933,"_______Fecha":"15/03/2012","________Hora":"22:55:45","_____Latitud":42.1214,"____Longitud":-6.7933,"__Prof___Km_":"16.0","______Inten_":"","________Mag_":"1.4","___Tipo_Mag_":4,"Localizaci_n":"NW COBREROS.ZA","unnamed":"Zamora"}},{"type":"Feature","geometry":{"type":"Point","coordinates":[-5.3369,40.9341,0]},"properties":{"styleUrl":"#pointStyleMap","icon":"http://maps.google.com/mapfiles/kml/shapes/placemark_circle.png","______Evento":1157898,"_______Fecha":"22/07/2012","________Hora":"00:25:34","_____Latitud":40.9341,"____Longitud":-5.3369,"__Prof___Km_":"0.0","______Inten_":"","________Mag_":"1.4","___Tipo_Mag_":4,"Localizaci_n":"NE VENTOSA DEL RÍO ALMAR.SA","unnamed":"Salamanca"}},{"type":"Feature","geometry":{"type":"Point","coordinates":[-5.9627,41.5413,0]},"properties":{"styleUrl":"#pointStyleMap","icon":"http://maps.google.com/mapfiles/kml/shapes/placemark_circle.png","______Evento":1169076,"_______Fecha":"08/10/2012","________Hora":"00:19:38","_____Latitud":41.5413,"____Longitud":-5.9627,"__Prof___Km_":"0.0","______Inten_":"","________Mag_":"1.4","___Tipo_Mag_":4,"Localizaci_n":"N MUELAS DEL PAN.ZA","unnamed":"Zamora"}},{"type":"Feature","geometry":{"type":"Point","coordinates":[-5.6342,42.9149,0]},"properties":{"styleUrl":"#pointStyleMap","icon":"http://maps.google.com/mapfiles/kml/shapes/placemark_circle.png","______Evento":1175265,"_______Fecha":"20/11/2012","________Hora":"03:40:17","_____Latitud":42.9149,"____Longitud":-5.6342,"__Prof___Km_":"11.0","______Inten_":"","________Mag_":"1.4","___Tipo_Mag_":4,"Localizaci_n":"SE VILLAMANÍN.LE","unnamed":"León"}},{"type":"Feature","geometry":{"type":"Point","coordinates":[-6.0223,40.555,0]},"properties":{"styleUrl":"#pointStyleMap","icon":"http://maps.google.com/mapfiles/kml/shapes/placemark_circle.png","______Evento":1224014,"_______Fecha":"27/07/2013","________Hora":"22:56:10","_____Latitud":40.555,"____Longitud":-6.0223,"__Prof___Km_":"0.0","______Inten_":"","________Mag_":"1.4","___Tipo_Mag_":4,"Localizaci_n":"NE SAN MIGUEL DEL ROBLEDO.SA","unnamed":"Salamanca"}},{"type":"Feature","geometry":{"type":"Point","coordinates":[-5.9536,42.4693,0]},"properties":{"styleUrl":"#pointStyleMap","icon":"http://maps.google.com/mapfiles/kml/shapes/placemark_circle.png","______Evento":1228277,"_______Fecha":"22/08/2013","________Hora":"22:44:18","_____Latitud":42.4693,"____Longitud":-5.9536,"__Prof___Km_":"21.0","______Inten_":"","________Mag_":"1.4","___Tipo_Mag_":4,"Localizaci_n":"W VILLARES DE ÓRBIGO.LE","unnamed":"León"}},{"type":"Feature","geometry":{"type":"Point","coordinates":[-6.8262,42.0849,0]},"properties":{"styleUrl":"#pointStyleMap","icon":"http://maps.google.com/mapfiles/kml/shapes/placemark_circle.png","______Evento":1254978,"_______Fecha":"22/01/2014","________Hora":"03:29:19","_____Latitud":42.0849,"____Longitud":-6.8262,"__Prof___Km_":"13.0","______Inten_":"","________Mag_":"1.4","___Tipo_Mag_":4,"Localizaci_n":"NE LUBIÁN.ZA","unnamed":"Zamora"}},{"type":"Feature","geometry":{"type":"Point","coordinates":[-6.7816,42.7503,0]},"properties":{"styleUrl":"#pointStyleMap","icon":"http://maps.google.com/mapfiles/kml/shapes/placemark_circle.png","______Evento":0,"_______Fecha":"16/10/2020","________Hora":"01:40:25","_____Latitud":42.7503,"____Longitud":-6.7816,"__Prof___Km_":"0.0","______Inten_":"","________Mag_":"1.4","___Tipo_Mag_":4,"Localizaci_n":"SW CANDÍN.LE","unnamed":"León"}},{"type":"Feature","geometry":{"type":"Point","coordinates":[-3.0455,42.9222,0]},"properties":{"styleUrl":"#pointStyleMap","icon":"http://maps.google.com/mapfiles/kml/shapes/placemark_circle.png","______Evento":0,"_______Fecha":"01/05/2021","________Hora":"21:46:41","_____Latitud":42.9222,"____Longitud":-3.0455,"__Prof___Km_":"8.0","______Inten_":"","________Mag_":"1.4","___Tipo_Mag_":4,"Localizaci_n":"NE BERBERANA.BU","unnamed":"Burgos"}},{"type":"Feature","geometry":{"type":"Point","coordinates":[-2.2984,41.739,0]},"properties":{"styleUrl":"#pointStyleMap","icon":"http://maps.google.com/mapfiles/kml/shapes/placemark_circle.png","______Evento":0,"_______Fecha":"29/06/2021","________Hora":"23:32:39","_____Latitud":41.739,"____Longitud":-2.2984,"__Prof___Km_":"0.0","______Inten_":"","________Mag_":"1.4","___Tipo_Mag_":4,"Localizaci_n":"N CANDILICHERA.SO","unnamed":"Soria"}},{"type":"Feature","geometry":{"type":"Point","coordinates":[-5.3431,43.0461,0]},"properties":{"styleUrl":"#pointStyleMap","icon":"http://maps.google.com/mapfiles/kml/shapes/placemark_circle.png","______Evento":0,"_______Fecha":"10/07/2021","________Hora":"18:38:07","_____Latitud":43.0461,"____Longitud":-5.3431,"__Prof___Km_":"9.0","______Inten_":"","________Mag_":"1.4","___Tipo_Mag_":4,"Localizaci_n":"NW PUEBLA DE LILLO.LE","unnamed":"León"}},{"type":"Feature","geometry":{"type":"Point","coordinates":[-6.7218,42.2526,0]},"properties":{"styleUrl":"#pointStyleMap","icon":"http://maps.google.com/mapfiles/kml/shapes/placemark_circle.png","______Evento":0,"_______Fecha":"01/09/2021","________Hora":"00:19:11","_____Latitud":42.2526,"____Longitud":-6.7218,"__Prof___Km_":"22.0","______Inten_":"","________Mag_":"1.4","___Tipo_Mag_":4,"Localizaci_n":"W ENCINEDO.LE","unnamed":"León"}},{"type":"Feature","geometry":{"type":"Point","coordinates":[-6.6522,42.6081,0]},"properties":{"styleUrl":"#pointStyleMap","icon":"http://maps.google.com/mapfiles/kml/shapes/placemark_circle.png","______Evento":0,"_______Fecha":"05/09/2021","________Hora":"09:36:09","_____Latitud":42.6081,"____Longitud":-6.6522,"__Prof___Km_":"0.0","______Inten_":"","________Mag_":"1.4","___Tipo_Mag_":4,"Localizaci_n":"SW CABAÑAS RARAS.LE","unnamed":"León"}},{"type":"Feature","geometry":{"type":"Point","coordinates":[-3.0656,42.4214,0]},"properties":{"styleUrl":"#pointStyleMap","icon":"http://maps.google.com/mapfiles/kml/shapes/placemark_circle.png","______Evento":0,"_______Fecha":"18/01/2022","________Hora":"08:55:41","_____Latitud":42.4214,"____Longitud":-3.0656,"__Prof___Km_":"8.0","______Inten_":"","________Mag_":"1.4","___Tipo_Mag_":4,"Localizaci_n":"E BASCUÑANA.BU","unnamed":"Burgos"}},{"type":"Feature","geometry":{"type":"Point","coordinates":[-2.4378,41.9711,0]},"properties":{"styleUrl":"#pointStyleMap","icon":"http://maps.google.com/mapfiles/kml/shapes/placemark_circle.png","______Evento":0,"_______Fecha":"26/08/2024","________Hora":"07:18:32","_____Latitud":41.9711,"____Longitud":-2.4378,"__Prof___Km_":"0.0","______Inten_":"","________Mag_":"1.4","___Tipo_Mag_":4,"Localizaci_n":"NE ALMARZA.SO","unnamed":"Soria"}},{"type":"Feature","geometry":{"type":"Point","coordinates":[-6.7798,42.4051,0]},"properties":{"styleUrl":"#pointStyleMap","icon":"http://maps.google.com/mapfiles/kml/shapes/placemark_circle.png","______Evento":0,"_______Fecha":"29/12/2024","________Hora":"19:32:12","_____Latitud":42.4051,"____Longitud":-6.7798,"__Prof___Km_":"17.0","______Inten_":"","________Mag_":"1.4","___Tipo_Mag_":4,"Localizaci_n":"E PUENTE DE DOMINGO FLÓREZ.LE","unnamed":"León"}},{"type":"Feature","geometry":{"type":"Point","coordinates":[-6.6558,42.4763,0]},"properties":{"styleUrl":"#pointStyleMap","icon":"http://maps.google.com/mapfiles/kml/shapes/placemark_circle.png","______Evento":0,"_______Fecha":"05/01/2025","________Hora":"06:09:58","_____Latitud":42.4763,"____Longitud":-6.6558,"__Prof___Km_":"12.0","______Inten_":"","________Mag_":"1.4","___Tipo_Mag_":4,"Localizaci_n":"SE PRIARANZA DEL BIERZO.LE","unnamed":"León"}},{"type":"Feature","geometry":{"type":"Point","coordinates":[-6.7052,42.3464,0]},"properties":{"styleUrl":"#pointStyleMap","icon":"http://maps.google.com/mapfiles/kml/shapes/placemark_circle.png","______Evento":0,"_______Fecha":"01/03/2025","________Hora":"00:56:24","_____Latitud":42.3464,"____Longitud":-6.7052,"__Prof___Km_":"0.0","______Inten_":"","________Mag_":"1.4","___Tipo_Mag_":4,"Localizaci_n":"S BENUZA.LE","unnamed":"León"}},{"type":"Feature","geometry":{"type":"Point","coordinates":[-6.7214,42.3522,0]},"properties":{"styleUrl":"#pointStyleMap","icon":"http://maps.google.com/mapfiles/kml/shapes/placemark_circle.png","______Evento":0,"_______Fecha":"01/03/2025","________Hora":"01:52:14","_____Latitud":42.3522,"____Longitud":-6.7214,"__Prof___Km_":"0.0","______Inten_":"","________Mag_":"1.4","___Tipo_Mag_":4,"Localizaci_n":"SW BENUZA.LE","unnamed":"León"}},{"type":"Feature","geometry":{"type":"Point","coordinates":[-6.7347,42.2871,0]},"properties":{"styleUrl":"#pointStyleMap","icon":"http://maps.google.com/mapfiles/kml/shapes/placemark_circle.png","______Evento":0,"_______Fecha":"01/03/2025","________Hora":"04:45:15","_____Latitud":42.2871,"____Longitud":-6.7347,"__Prof___Km_":"6.0","______Inten_":"","________Mag_":"1.4","___Tipo_Mag_":4,"Localizaci_n":"W ENCINEDO.LE","unnamed":"León"}},{"type":"Feature","geometry":{"type":"Point","coordinates":[-6.7579,42.7569,0]},"properties":{"styleUrl":"#pointStyleMap","icon":"http://maps.google.com/mapfiles/kml/shapes/placemark_circle.png","______Evento":0,"_______Fecha":"01/09/2025","________Hora":"22:22:04","_____Latitud":42.7569,"____Longitud":-6.7579,"__Prof___Km_":"20.0","______Inten_":"","________Mag_":"1.4","___Tipo_Mag_":4,"Localizaci_n":"SW CANDÍN.LE","unnamed":"León"}},{"type":"Feature","geometry":{"type":"Point","coordinates":[-3.3755,43.1404,0]},"properties":{"styleUrl":"#pointStyleMap","icon":"http://maps.google.com/mapfiles/kml/shapes/placemark_circle.png","______Evento":0,"_______Fecha":"01/11/2025","________Hora":"19:52:35","_____Latitud":43.1404,"____Longitud":-3.3755,"__Prof___Km_":"0.0","______Inten_":"","________Mag_":"1.4","___Tipo_Mag_":4,"Localizaci_n":"NW VALLE DE MENA.BU","unnamed":"Burgos"}},{"type":"Feature","geometry":{"type":"Point","coordinates":[-1.8502,41.7016,0]},"properties":{"styleUrl":"#pointStyleMap","icon":"http://maps.google.com/mapfiles/kml/shapes/placemark_circle.png","______Evento":0,"_______Fecha":"08/06/2026","________Hora":"00:58:14","_____Latitud":41.7016,"____Longitud":-1.8502,"__Prof___Km_":"0.0","______Inten_":"","________Mag_":"1.4","___Tipo_Mag_":4,"Localizaci_n":"SW BERATÓN.SO","unnamed":"Soria"}},{"type":"Feature","geometry":{"type":"Point","coordinates":[-3.6996,42.3799,0]},"properties":{"styleUrl":"#pointStyleMap","icon":"http://maps.google.com/mapfiles/kml/shapes/placemark_circle.png","______Evento":0,"_______Fecha":"03/08/2026","________Hora":"10:05:51","_____Latitud":42.3799,"____Longitud":-3.6996,"__Prof___Km_":"0.0","______Inten_":"","________Mag_":"1.4","___Tipo_Mag_":4,"Localizaci_n":"E ALFOZ DE QUINTANADUEÑAS.BU","unnamed":"Burgos"}},{"type":"Feature","geometry":{"type":"Point","coordinates":[-6.5286,42.3998,0]},"properties":{"styleUrl":"#pointStyleMap","icon":"http://maps.google.com/mapfiles/kml/shapes/placemark_circle.png","______Evento":332568,"_______Fecha":"30/05/2002","________Hora":"04:32:09","_____Latitud":42.3998,"____Longitud":-6.5286,"__Prof___Km_":"0.0","______Inten_":"","________Mag_":"1.3","___Tipo_Mag_":4,"Localizaci_n":"N CASTRILLO DE CABRERA.LE","unnamed":"León"}},{"type":"Feature","geometry":{"type":"Point","coordinates":[-5.0353,42.9117,0]},"properties":{"styleUrl":"#pointStyleMap","icon":"http://maps.google.com/mapfiles/kml/shapes/placemark_circle.png","______Evento":337346,"_______Fecha":"01/07/2002","________Hora":"02:35:05","_____Latitud":42.9117,"____Longitud":-5.0353,"__Prof___Km_":"10.5","______Inten_":"","________Mag_":"1.3","___Tipo_Mag_":4,"Localizaci_n":"W PRIORO.LE","unnamed":"León"}},{"type":"Feature","geometry":{"type":"Point","coordinates":[-6.871,42.0883,0]},"properties":{"styleUrl":"#pointStyleMap","icon":"http://maps.google.com/mapfiles/kml/shapes/placemark_circle.png","______Evento":346361,"_______Fecha":"05/09/2002","________Hora":"04:50:05","_____Latitud":42.0883,"____Longitud":-6.871,"__Prof___Km_":"0.0","______Inten_":"","________Mag_":"1.3","___Tipo_Mag_":4,"Localizaci_n":"NE LUBIÁN.ZA","unnamed":"Zamora"}},{"type":"Feature","geometry":{"type":"Point","coordinates":[-6.0823,41.574,0]},"properties":{"styleUrl":"#pointStyleMap","icon":"http://maps.google.com/mapfiles/kml/shapes/placemark_circle.png","______Evento":371075,"_______Fecha":"21/03/2003","________Hora":"23:38:15","_____Latitud":41.574,"____Longitud":-6.0823,"__Prof___Km_":"10.4","______Inten_":"","________Mag_":"1.3","___Tipo_Mag_":4,"Localizaci_n":"E PINO DEL ORO.ZA","unnamed":"Zamora"}},{"type":"Feature","geometry":{"type":"Point","coordinates":[-5.9841,41.6011,0]},"properties":{"styleUrl":"#pointStyleMap","icon":"http://maps.google.com/mapfiles/kml/shapes/placemark_circle.png","______Evento":408377,"_______Fecha":"14/08/2003","________Hora":"17:59:32","_____Latitud":41.6011,"____Longitud":-5.9841,"__Prof___Km_":"0.0","______Inten_":"","________Mag_":"1.3","___Tipo_Mag_":4,"Localizaci_n":"SW MANZANAL DEL BARCO.ZA","unnamed":"Zamora"}},{"type":"Feature","geometry":{"type":"Point","coordinates":[-6.0027,41.5742,0]},"properties":{"styleUrl":"#pointStyleMap","icon":"http://maps.google.com/mapfiles/kml/shapes/placemark_circle.png","______Evento":434990,"_______Fecha":"01/09/2003","________Hora":"11:48:40","_____Latitud":41.5742,"____Longitud":-6.0027,"__Prof___Km_":"6.5","______Inten_":"","________Mag_":"1.3","___Tipo_Mag_":4,"Localizaci_n":"SE VIDEMALA.ZA","unnamed":"Zamora"}},{"type":"Feature","geometry":{"type":"Point","coordinates":[-5.9654,41.5557,0]},"properties":{"styleUrl":"#pointStyleMap","icon":"http://maps.google.com/mapfiles/kml/shapes/placemark_circle.png","______Evento":435453,"_______Fecha":"22/09/2003","________Hora":"11:57:59","_____Latitud":41.5557,"____Longitud":-5.9654,"__Prof___Km_":"0.0","______Inten_":"","________Mag_":"1.3","___Tipo_Mag_":4,"Localizaci_n":"N MUELAS DEL PAN.ZA","unnamed":"Zamora"}},{"type":"Feature","geometry":{"type":"Point","coordinates":[-5.9988,41.5374,0]},"properties":{"styleUrl":"#pointStyleMap","icon":"http://maps.google.com/mapfiles/kml/shapes/placemark_circle.png","______Evento":435455,"_______Fecha":"22/09/2003","________Hora":"12:07:47","_____Latitud":41.5374,"____Longitud":-5.9988,"__Prof___Km_":"4.3","______Inten_":"","________Mag_":"1.3","___Tipo_Mag_":4,"Localizaci_n":"NW MUELAS DEL PAN.ZA","unnamed":"Zamora"}},{"type":"Feature","geometry":{"type":"Point","coordinates":[-6.5767,42.8125,0]},"properties":{"styleUrl":"#pointStyleMap","icon":"http://maps.google.com/mapfiles/kml/shapes/placemark_circle.png","______Evento":442768,"_______Fecha":"19/12/2003","________Hora":"01:03:29","_____Latitud":42.8125,"____Longitud":-6.5767,"__Prof___Km_":"0.0","______Inten_":"","________Mag_":"1.3","___Tipo_Mag_":4,"Localizaci_n":"NE FABERO.LE","unnamed":"León"}},{"type":"Feature","geometry":{"type":"Point","coordinates":[-6.0262,41.6735,0]},"properties":{"styleUrl":"#pointStyleMap","icon":"http://maps.google.com/mapfiles/kml/shapes/placemark_circle.png","______Evento":471046,"_______Fecha":"27/03/2004","________Hora":"05:20:47","_____Latitud":41.6735,"____Longitud":-6.0262,"__Prof___Km_":"0.0","______Inten_":"","________Mag_":"1.3","___Tipo_Mag_":4,"Localizaci_n":"NW CARBAJALES DE ALBA.ZA","unnamed":"Zamora"}},{"type":"Feature","geometry":{"type":"Point","coordinates":[-6.6648,42.6402,0]},"properties":{"styleUrl":"#pointStyleMap","icon":"http://maps.google.com/mapfiles/kml/shapes/placemark_circle.png","______Evento":498631,"_______Fecha":"10/07/2004","________Hora":"01:49:07","_____Latitud":42.6402,"____Longitud":-6.6648,"__Prof___Km_":"3.4","______Inten_":"","________Mag_":"1.3","___Tipo_Mag_":4,"Localizaci_n":"NW CABAÑAS RARAS.LE","unnamed":"León"}},{"type":"Feature","geometry":{"type":"Point","coordinates":[-6.6604,42.4042,0]},"properties":{"styleUrl":"#pointStyleMap","icon":"http://maps.google.com/mapfiles/kml/shapes/placemark_circle.png","______Evento":548708,"_______Fecha":"19/09/2003","________Hora":"02:56:15","_____Latitud":42.4042,"____Longitud":-6.6604,"__Prof___Km_":"1.5","______Inten_":"","________Mag_":"1.3","___Tipo_Mag_":4,"Localizaci_n":"E BENUZA.LE","unnamed":"León"}},{"type":"Feature","geometry":{"type":"Point","coordinates":[-6.7371,42.1083,0]},"properties":{"styleUrl":"#pointStyleMap","icon":"http://maps.google.com/mapfiles/kml/shapes/placemark_circle.png","______Evento":560581,"_______Fecha":"10/04/2005","________Hora":"08:09:04","_____Latitud":42.1083,"____Longitud":-6.7371,"__Prof___Km_":"7.0","______Inten_":"","________Mag_":"1.3","___Tipo_Mag_":4,"Localizaci_n":"NW COBREROS.ZA","unnamed":"Zamora"}},{"type":"Feature","geometry":{"type":"Point","coordinates":[-6.8085,42.0756,0]},"properties":{"styleUrl":"#pointStyleMap","icon":"http://maps.google.com/mapfiles/kml/shapes/placemark_circle.png","______Evento":560582,"_______Fecha":"10/04/2005","________Hora":"08:09:43","_____Latitud":42.0756,"____Longitud":-6.8085,"__Prof___Km_":"10.0","______Inten_":"","________Mag_":"1.3","___Tipo_Mag_":4,"Localizaci_n":"NW REQUEJO.ZA","unnamed":"Zamora"}},{"type":"Feature","geometry":{"type":"Point","coordinates":[-6.5068,42.3489,0]},"properties":{"styleUrl":"#pointStyleMap","icon":"http://maps.google.com/mapfiles/kml/shapes/placemark_circle.png","______Evento":663477,"_______Fecha":"30/05/2006","________Hora":"21:37:35","_____Latitud":42.3489,"____Longitud":-6.5068,"__Prof___Km_":"9.7","______Inten_":"","________Mag_":"1.3","___Tipo_Mag_":4,"Localizaci_n":"E CASTRILLO DE CABRERA.LE","unnamed":"León"}},{"type":"Feature","geometry":{"type":"Point","coordinates":[-3.0335,42.9471,0]},"properties":{"styleUrl":"#pointStyleMap","icon":"http://maps.google.com/mapfiles/kml/shapes/placemark_circle.png","______Evento":713738,"_______Fecha":"02/01/2007","________Hora":"22:02:30","_____Latitud":42.9471,"____Longitud":-3.0335,"__Prof___Km_":"10.7","______Inten_":"","________Mag_":"1.3","___Tipo_Mag_":4,"Localizaci_n":"NE BERBERANA.BU","unnamed":"Burgos"}},{"type":"Feature","geometry":{"type":"Point","coordinates":[-4.6395,42.981,0]},"properties":{"styleUrl":"#pointStyleMap","icon":"http://maps.google.com/mapfiles/kml/shapes/placemark_circle.png","______Evento":809263,"_______Fecha":"22/11/2007","________Hora":"00:47:28","_____Latitud":42.981,"____Longitud":-4.6395,"__Prof___Km_":"0.0","______Inten_":"","________Mag_":"1.3","___Tipo_Mag_":4,"Localizaci_n":"NE TRIOLLO.P","unnamed":"Palencia"}},{"type":"Feature","geometry":{"type":"Point","coordinates":[-6.527,42.6046,0]},"properties":{"styleUrl":"#pointStyleMap","icon":"http://maps.google.com/mapfiles/kml/shapes/placemark_circle.png","______Evento":835500,"_______Fecha":"15/04/2008","________Hora":"03:17:26","_____Latitud":42.6046,"____Longitud":-6.527,"__Prof___Km_":"0.0","______Inten_":"","________Mag_":"1.3","___Tipo_Mag_":4,"Localizaci_n":"SW CONGOSTO.LE","unnamed":"León"}},{"type":"Feature","geometry":{"type":"Point","coordinates":[-6.9637,42.7257,0]},"properties":{"styleUrl":"#pointStyleMap","icon":"http://maps.google.com/mapfiles/kml/shapes/placemark_circle.png","______Evento":874944,"_______Fecha":"08/10/2008","________Hora":"21:56:47","_____Latitud":42.7257,"____Longitud":-6.9637,"__Prof___Km_":"0.0","______Inten_":"","________Mag_":"1.3","___Tipo_Mag_":4,"Localizaci_n":"NW BALBOA.LE","unnamed":"León"}},{"type":"Feature","geometry":{"type":"Point","coordinates":[-1.8238,41.7183,0]},"properties":{"styleUrl":"#pointStyleMap","icon":"http://maps.google.com/mapfiles/kml/shapes/placemark_circle.png","______Evento":886537,"_______Fecha":"23/11/2008","________Hora":"23:38:43","_____Latitud":41.7183,"____Longitud":-1.8238,"__Prof___Km_":"0.0","______Inten_":"","________Mag_":"1.3","___Tipo_Mag_":4,"Localizaci_n":"W BERATÓN.SO","unnamed":"Soria"}},{"type":"Feature","geometry":{"type":"Point","coordinates":[-2.3456,42.1019,0]},"properties":{"styleUrl":"#pointStyleMap","icon":"http://maps.google.com/mapfiles/kml/shapes/placemark_circle.png","______Evento":961285,"_______Fecha":"05/12/2009","________Hora":"07:45:52","_____Latitud":42.1019,"____Longitud":-2.3456,"__Prof___Km_":"10.2","______Inten_":"","________Mag_":"1.3","___Tipo_Mag_":4,"Localizaci_n":"W YANGUAS.SO","unnamed":"Soria"}},{"type":"Feature","geometry":{"type":"Point","coordinates":[-6.7729,41.0704,0]},"properties":{"styleUrl":"#pointStyleMap","icon":"http://maps.google.com/mapfiles/kml/shapes/placemark_circle.png","______Evento":973093,"_______Fecha":"05/02/2009","________Hora":"03:33:18","_____Latitud":41.0704,"____Longitud":-6.7729,"__Prof___Km_":"0.0","______Inten_":"","________Mag_":"1.3","___Tipo_Mag_":4,"Localizaci_n":"NW SAUCELLE.SA","unnamed":"Salamanca"}},{"type":"Feature","geometry":{"type":"Point","coordinates":[-6.619,42.6852,0]},"properties":{"styleUrl":"#pointStyleMap","icon":"http://maps.google.com/mapfiles/kml/shapes/placemark_circle.png","______Evento":994234,"_______Fecha":"05/06/2010","________Hora":"02:36:46","_____Latitud":42.6852,"____Longitud":-6.619,"__Prof___Km_":"19.9","______Inten_":"","________Mag_":"1.3","___Tipo_Mag_":4,"Localizaci_n":"NE SANCEDO.LE","unnamed":"León"}},{"type":"Feature","geometry":{"type":"Point","coordinates":[-6.3821,42.3312,0]},"properties":{"styleUrl":"#pointStyleMap","icon":"http://maps.google.com/mapfiles/kml/shapes/placemark_circle.png","______Evento":1012230,"_______Fecha":"19/08/2010","________Hora":"00:02:41","_____Latitud":42.3312,"____Longitud":-6.3821,"__Prof___Km_":"0.0","______Inten_":"","________Mag_":"1.3","___Tipo_Mag_":4,"Localizaci_n":"NE TRUCHAS.LE","unnamed":"León"}},{"type":"Feature","geometry":{"type":"Point","coordinates":[-4.9433,42.9725,0]},"properties":{"styleUrl":"#pointStyleMap","icon":"http://maps.google.com/mapfiles/kml/shapes/placemark_circle.png","______Evento":1012870,"_______Fecha":"22/08/2010","________Hora":"06:42:41","_____Latitud":42.9725,"____Longitud":-4.9433,"__Prof___Km_":"11.1","______Inten_":"","________Mag_":"1.3","___Tipo_Mag_":4,"Localizaci_n":"W BOCA DE HUÉRGANO.LE","unnamed":"León"}},{"type":"Feature","geometry":{"type":"Point","coordinates":[-2.0757,41.5203,0]},"properties":{"styleUrl":"#pointStyleMap","icon":"http://maps.google.com/mapfiles/kml/shapes/placemark_circle.png","______Evento":1021357,"_______Fecha":"02/10/2010","________Hora":"20:12:46","_____Latitud":41.5203,"____Longitud":-2.0757,"__Prof___Km_":"18.5","______Inten_":"","________Mag_":"1.3","___Tipo_Mag_":4,"Localizaci_n":"SW QUIÑONERÍA.SO","unnamed":"Soria"}},{"type":"Feature","geometry":{"type":"Point","coordinates":[-5.0475,41.0774,0]},"properties":{"styleUrl":"#pointStyleMap","icon":"http://maps.google.com/mapfiles/kml/shapes/placemark_circle.png","______Evento":1023606,"_______Fecha":"16/10/2010","________Hora":"19:00:08","_____Latitud":41.0774,"____Longitud":-5.0475,"__Prof___Km_":"9.7","______Inten_":"","________Mag_":"1.3","___Tipo_Mag_":4,"Localizaci_n":"E HORCAJO DE LAS TORRES.AV","unnamed":"Ávila"}},{"type":"Feature","geometry":{"type":"Point","coordinates":[-6.6139,42.3285,0]},"properties":{"styleUrl":"#pointStyleMap","icon":"http://maps.google.com/mapfiles/kml/shapes/placemark_circle.png","______Evento":1060747,"_______Fecha":"12/05/2011","________Hora":"10:41:32","_____Latitud":42.3285,"____Longitud":-6.6139,"__Prof___Km_":"0.0","______Inten_":"","________Mag_":"1.3","___Tipo_Mag_":4,"Localizaci_n":"W CASTRILLO DE CABRERA.LE","unnamed":"León"}},{"type":"Feature","geometry":{"type":"Point","coordinates":[-6.6948,42.0534,0]},"properties":{"styleUrl":"#pointStyleMap","icon":"http://maps.google.com/mapfiles/kml/shapes/placemark_circle.png","______Evento":1161652,"_______Fecha":"18/08/2012","________Hora":"16:26:00","_____Latitud":42.0534,"____Longitud":-6.6948,"__Prof___Km_":"0.0","______Inten_":"","________Mag_":"1.3","___Tipo_Mag_":4,"Localizaci_n":"S COBREROS.ZA","unnamed":"Zamora"}},{"type":"Feature","geometry":{"type":"Point","coordinates":[-6.321,42.2759,0]},"properties":{"styleUrl":"#pointStyleMap","icon":"http://maps.google.com/mapfiles/kml/shapes/placemark_circle.png","______Evento":1195514,"_______Fecha":"05/03/2013","________Hora":"00:51:41","_____Latitud":42.2759,"____Longitud":-6.321,"__Prof___Km_":"0.0","______Inten_":"","________Mag_":"1.3","___Tipo_Mag_":4,"Localizaci_n":"E TRUCHAS.LE","unnamed":"León"}},{"type":"Feature","geometry":{"type":"Point","coordinates":[-6.3517,41.998,0]},"properties":{"styleUrl":"#pointStyleMap","icon":"http://maps.google.com/mapfiles/kml/shapes/placemark_circle.png","______Evento":1246994,"_______Fecha":"23/11/2013","________Hora":"19:04:56","_____Latitud":41.998,"____Longitud":-6.3517,"__Prof___Km_":"0.0","______Inten_":"","________Mag_":"1.3","___Tipo_Mag_":4,"Localizaci_n":"SW MOMBUEY.ZA","unnamed":"Zamora"}},{"type":"Feature","geometry":{"type":"Point","coordinates":[-5.9541,41.6745,0]},"properties":{"styleUrl":"#pointStyleMap","icon":"http://maps.google.com/mapfiles/kml/shapes/placemark_circle.png","______Evento":1263279,"_______Fecha":"16/03/2014","________Hora":"15:06:04","_____Latitud":41.6745,"____Longitud":-5.9541,"__Prof___Km_":"0.0","______Inten_":"","________Mag_":"1.3","___Tipo_Mag_":4,"Localizaci_n":"NE CARBAJALES DE ALBA.ZA","unnamed":"Zamora"}},{"type":"Feature","geometry":{"type":"Point","coordinates":[-6.8576,42.6565,0]},"properties":{"styleUrl":"#pointStyleMap","icon":"http://maps.google.com/mapfiles/kml/shapes/placemark_circle.png","______Evento":1294354,"_______Fecha":"08/09/2014","________Hora":"20:26:38","_____Latitud":42.6565,"____Longitud":-6.8576,"__Prof___Km_":"0.0","______Inten_":"","________Mag_":"1.3","___Tipo_Mag_":4,"Localizaci_n":"E TRABADELO.LE","unnamed":"León"}},{"type":"Feature","geometry":{"type":"Point","coordinates":[-3.0288,41.6337,0]},"properties":{"styleUrl":"#pointStyleMap","icon":"http://maps.google.com/mapfiles/kml/shapes/placemark_circle.png","______Evento":1330236,"_______Fecha":"20/05/2015","________Hora":"20:55:00","_____Latitud":41.6337,"____Longitud":-3.0288,"__Prof___Km_":"11.0","______Inten_":"","________Mag_":"1.3","___Tipo_Mag_":4,"Localizaci_n":"SE VALDEMALUQUE.SO","unnamed":"Soria"}},{"type":"Feature","geometry":{"type":"Point","coordinates":[-6.9205,42.7469,0]},"properties":{"styleUrl":"#pointStyleMap","icon":"http://maps.google.com/mapfiles/kml/shapes/placemark_circle.png","______Evento":1344162,"_______Fecha":"11/09/2015","________Hora":"22:46:28","_____Latitud":42.7469,"____Longitud":-6.9205,"__Prof___Km_":"0.0","______Inten_":"","________Mag_":"1.3","___Tipo_Mag_":4,"Localizaci_n":"N BALBOA.LE","unnamed":"León"}},{"type":"Feature","geometry":{"type":"Point","coordinates":[-5.7724,40.4727,0]},"properties":{"styleUrl":"#pointStyleMap","icon":"http://maps.google.com/mapfiles/kml/shapes/placemark_circle.png","______Evento":0,"_______Fecha":"30/01/2017","________Hora":"13:35:43","_____Latitud":40.4727,"____Longitud":-5.7724,"__Prof___Km_":"12.0","______Inten_":"","________Mag_":"1.3","___Tipo_Mag_":4,"Localizaci_n":"N PEROMINGO.SA","unnamed":"Salamanca"}},{"type":"Feature","geometry":{"type":"Point","coordinates":[-3.2424,43.1826,0]},"properties":{"styleUrl":"#pointStyleMap","icon":"http://maps.google.com/mapfiles/kml/shapes/placemark_circle.png","______Evento":0,"_______Fecha":"17/05/2019","________Hora":"02:27:14","_____Latitud":43.1826,"____Longitud":-3.2424,"__Prof___Km_":"10.0","______Inten_":"","________Mag_":"1.3","___Tipo_Mag_":4,"Localizaci_n":"NE VALLE DE MENA.BU","unnamed":"Burgos"}},{"type":"Feature","geometry":{"type":"Point","coordinates":[-3.4178,42.3603,0]},"properties":{"styleUrl":"#pointStyleMap","icon":"http://maps.google.com/mapfiles/kml/shapes/placemark_circle.png","______Evento":0,"_______Fecha":"20/04/2020","________Hora":"12:50:23","_____Latitud":42.3603,"____Longitud":-3.4178,"__Prof___Km_":"5.0","______Inten_":"","________Mag_":"1.3","___Tipo_Mag_":4,"Localizaci_n":"NE ARLANZÓN.BU","unnamed":"Burgos"}},{"type":"Feature","geometry":{"type":"Point","coordinates":[-3.6041,42.8925,0]},"properties":{"styleUrl":"#pointStyleMap","icon":"http://maps.google.com/mapfiles/kml/shapes/placemark_circle.png","______Evento":0,"_______Fecha":"29/08/2020","________Hora":"14:04:47","_____Latitud":42.8925,"____Longitud":-3.6041,"__Prof___Km_":"0.0","______Inten_":"","________Mag_":"1.3","___Tipo_Mag_":4,"Localizaci_n":"SW VILLARCAYO DE MERINDAD DE C","unnamed":"Burgos"}},{"type":"Feature","geometry":{"type":"Point","coordinates":[-2.0585,41.1268,0]},"properties":{"styleUrl":"#pointStyleMap","icon":"http://maps.google.com/mapfiles/kml/shapes/placemark_circle.png","______Evento":0,"_______Fecha":"12/05/2021","________Hora":"02:30:51","_____Latitud":41.1268,"____Longitud":-2.0585,"__Prof___Km_":"0.0","______Inten_":"","________Mag_":"1.3","___Tipo_Mag_":4,"Localizaci_n":"SE SANTA MARÍA DE HUERTA.SO","unnamed":"Soria"}},{"type":"Feature","geometry":{"type":"Point","coordinates":[-2.2321,41.6502,0]},"properties":{"styleUrl":"#pointStyleMap","icon":"http://maps.google.com/mapfiles/kml/shapes/placemark_circle.png","______Evento":0,"_______Fecha":"02/10/2022","________Hora":"01:25:23","_____Latitud":41.6502,"____Longitud":-2.2321,"__Prof___Km_":"1.0","______Inten_":"","________Mag_":"1.3","___Tipo_Mag_":4,"Localizaci_n":"E ALIUD.SO","unnamed":"Soria"}},{"type":"Feature","geometry":{"type":"Point","coordinates":[-6.7794,42.2435,0]},"properties":{"styleUrl":"#pointStyleMap","icon":"http://maps.google.com/mapfiles/kml/shapes/placemark_circle.png","______Evento":0,"_______Fecha":"13/06/2023","________Hora":"01:30:12","_____Latitud":42.2435,"____Longitud":-6.7794,"__Prof___Km_":"22.0","______Inten_":"","________Mag_":"1.3","___Tipo_Mag_":4,"Localizaci_n":"NE PORTO.ZA","unnamed":"Zamora"}},{"type":"Feature","geometry":{"type":"Point","coordinates":[-3.0164,41.6068,0]},"properties":{"styleUrl":"#pointStyleMap","icon":"http://maps.google.com/mapfiles/kml/shapes/placemark_circle.png","______Evento":0,"_______Fecha":"24/06/2023","________Hora":"21:55:18","_____Latitud":41.6068,"____Longitud":-3.0164,"__Prof___Km_":"0.0","______Inten_":"","________Mag_":"1.3","___Tipo_Mag_":4,"Localizaci_n":"NE BURGO DE OSMA-CIUDAD DE OSM","unnamed":"Soria"}},{"type":"Feature","geometry":{"type":"Point","coordinates":[-6.6982,42.3345,0]},"properties":{"styleUrl":"#pointStyleMap","icon":"http://maps.google.com/mapfiles/kml/shapes/placemark_circle.png","______Evento":0,"_______Fecha":"01/03/2025","________Hora":"00:54:55","_____Latitud":42.3345,"____Longitud":-6.6982,"__Prof___Km_":"1.0","______Inten_":"","________Mag_":"1.3","___Tipo_Mag_":4,"Localizaci_n":"S BENUZA.LE","unnamed":"León"}},{"type":"Feature","geometry":{"type":"Point","coordinates":[-6.6414,42.3263,0]},"properties":{"styleUrl":"#pointStyleMap","icon":"http://maps.google.com/mapfiles/kml/shapes/placemark_circle.png","______Evento":0,"_______Fecha":"01/03/2025","________Hora":"01:18:34","_____Latitud":42.3263,"____Longitud":-6.6414,"__Prof___Km_":"0.0","______Inten_":"","________Mag_":"1.3","___Tipo_Mag_":4,"Localizaci_n":"NW ENCINEDO.LE","unnamed":"León"}},{"type":"Feature","geometry":{"type":"Point","coordinates":[-6.7195,42.3041,0]},"properties":{"styleUrl":"#pointStyleMap","icon":"http://maps.google.com/mapfiles/kml/shapes/placemark_circle.png","______Evento":0,"_______Fecha":"02/03/2025","________Hora":"03:35:57","_____Latitud":42.3041,"____Longitud":-6.7195,"__Prof___Km_":"1.0","______Inten_":"","________Mag_":"1.3","___Tipo_Mag_":4,"Localizaci_n":"S BENUZA.LE","unnamed":"León"}},{"type":"Feature","geometry":{"type":"Point","coordinates":[-6.8232,42.1473,0]},"properties":{"styleUrl":"#pointStyleMap","icon":"http://maps.google.com/mapfiles/kml/shapes/placemark_circle.png","______Evento":0,"_______Fecha":"11/10/2025","________Hora":"04:51:55","_____Latitud":42.1473,"____Longitud":-6.8232,"__Prof___Km_":"0.0","______Inten_":"","________Mag_":"1.3","___Tipo_Mag_":4,"Localizaci_n":"SE PORTO.ZA","unnamed":"Zamora"}},{"type":"Feature","geometry":{"type":"Point","coordinates":[-6.5239,42.7065,0]},"properties":{"styleUrl":"#pointStyleMap","icon":"http://maps.google.com/mapfiles/kml/shapes/placemark_circle.png","______Evento":0,"_______Fecha":"29/06/2026","________Hora":"03:19:30","_____Latitud":42.7065,"____Longitud":-6.5239,"__Prof___Km_":"12.0","______Inten_":"","________Mag_":"1.3","___Tipo_Mag_":4,"Localizaci_n":"NW TORENO.LE","unnamed":"León"}},{"type":"Feature","geometry":{"type":"Point","coordinates":[-3.3175,42.7805,0]},"properties":{"styleUrl":"#pointStyleMap","icon":"http://maps.google.com/mapfiles/kml/shapes/placemark_circle.png","______Evento":0,"_______Fecha":"20/09/2016","________Hora":"01:20:18","_____Latitud":42.7805,"____Longitud":-3.3175,"__Prof___Km_":"0.0","______Inten_":"","________Mag_":"1.3","___Tipo_Mag_":4,"Localizaci_n":"NW FRÍAS.BU","unnamed":"Burgos"}},{"type":"Feature","geometry":{"type":"Point","coordinates":[-6.0345,41.5181,0]},"properties":{"styleUrl":"#pointStyleMap","icon":"http://maps.google.com/mapfiles/kml/shapes/placemark_circle.png","______Evento":435391,"_______Fecha":"13/09/2003","________Hora":"09:03:19","_____Latitud":41.5181,"____Longitud":-6.0345,"__Prof___Km_":"5.4","______Inten_":"","________Mag_":"1.2","___Tipo_Mag_":4,"Localizaci_n":"SE VILLALCAMPO.ZA","unnamed":"Zamora"}},{"type":"Feature","geometry":{"type":"Point","coordinates":[-5.9803,41.5543,0]},"properties":{"styleUrl":"#pointStyleMap","icon":"http://maps.google.com/mapfiles/kml/shapes/placemark_circle.png","______Evento":435419,"_______Fecha":"20/09/2003","________Hora":"21:36:30","_____Latitud":41.5543,"____Longitud":-5.9803,"__Prof___Km_":"4.9","______Inten_":"","________Mag_":"1.2","___Tipo_Mag_":4,"Localizaci_n":"NW MUELAS DEL PAN.ZA","unnamed":"Zamora"}},{"type":"Feature","geometry":{"type":"Point","coordinates":[-6.1565,41.7883,0]},"properties":{"styleUrl":"#pointStyleMap","icon":"http://maps.google.com/mapfiles/kml/shapes/placemark_circle.png","______Evento":438667,"_______Fecha":"18/08/2003","________Hora":"11:42:11","_____Latitud":41.7883,"____Longitud":-6.1565,"__Prof___Km_":"0.0","______Inten_":"","________Mag_":"1.2","___Tipo_Mag_":4,"Localizaci_n":"SE RIOFRÍO DE ALISTE.ZA","unnamed":"Zamora"}},{"type":"Feature","geometry":{"type":"Point","coordinates":[-6.8434,42.7332,0]},"properties":{"styleUrl":"#pointStyleMap","icon":"http://maps.google.com/mapfiles/kml/shapes/placemark_circle.png","______Evento":499866,"_______Fecha":"15/07/2004","________Hora":"23:28:22","_____Latitud":42.7332,"____Longitud":-6.8434,"__Prof___Km_":"0.0","______Inten_":"","________Mag_":"1.2","___Tipo_Mag_":4,"Localizaci_n":"NE BALBOA.LE","unnamed":"León"}},{"type":"Feature","geometry":{"type":"Point","coordinates":[-5.866,42.9118,0]},"properties":{"styleUrl":"#pointStyleMap","icon":"http://maps.google.com/mapfiles/kml/shapes/placemark_circle.png","______Evento":553932,"_______Fecha":"18/03/2005","________Hora":"05:11:07","_____Latitud":42.9118,"____Longitud":-5.866,"__Prof___Km_":"0.0","______Inten_":"","________Mag_":"1.2","___Tipo_Mag_":4,"Localizaci_n":"N LOS BARRIOS DE LUNA.LE","unnamed":"León"}},{"type":"Feature","geometry":{"type":"Point","coordinates":[-6.7492,42.7577,0]},"properties":{"styleUrl":"#pointStyleMap","icon":"http://maps.google.com/mapfiles/kml/shapes/placemark_circle.png","______Evento":554603,"_______Fecha":"08/02/2004","________Hora":"03:19:26","_____Latitud":42.7577,"____Longitud":-6.7492,"__Prof___Km_":"0.0","______Inten_":"","________Mag_":"1.2","___Tipo_Mag_":4,"Localizaci_n":"SW CANDÍN.LE","unnamed":"León"}},{"type":"Feature","geometry":{"type":"Point","coordinates":[-6.4831,42.4547,0]},"properties":{"styleUrl":"#pointStyleMap","icon":"http://maps.google.com/mapfiles/kml/shapes/placemark_circle.png","______Evento":666477,"_______Fecha":"12/06/2006","________Hora":"23:31:23","_____Latitud":42.4547,"____Longitud":-6.4831,"__Prof___Km_":"0.0","______Inten_":"","________Mag_":"1.2","___Tipo_Mag_":4,"Localizaci_n":"SE MOLINASECA.LE","unnamed":"León"}},{"type":"Feature","geometry":{"type":"Point","coordinates":[-6.678,42.3266,0]},"properties":{"styleUrl":"#pointStyleMap","icon":"http://maps.google.com/mapfiles/kml/shapes/placemark_circle.png","______Evento":754465,"_______Fecha":"18/05/2007","________Hora":"02:47:45","_____Latitud":42.3266,"____Longitud":-6.678,"__Prof___Km_":"10.9","______Inten_":"","________Mag_":"1.2","___Tipo_Mag_":4,"Localizaci_n":"SE BENUZA.LE","unnamed":"León"}},{"type":"Feature","geometry":{"type":"Point","coordinates":[-4.1979,42.6731,0]},"properties":{"styleUrl":"#pointStyleMap","icon":"http://maps.google.com/mapfiles/kml/shapes/placemark_circle.png","______Evento":782774,"_______Fecha":"16/08/2007","________Hora":"04:56:10","_____Latitud":42.6731,"____Longitud":-4.1979,"__Prof___Km_":"0.0","______Inten_":"","________Mag_":"1.2","___Tipo_Mag_":4,"Localizaci_n":"SE REBOLLEDO DE LA TORRE.BU","unnamed":"Burgos"}},{"type":"Feature","geometry":{"type":"Point","coordinates":[-6.8521,42.8005,0]},"properties":{"styleUrl":"#pointStyleMap","icon":"http://maps.google.com/mapfiles/kml/shapes/placemark_circle.png","______Evento":845864,"_______Fecha":"29/05/2008","________Hora":"03:22:12","_____Latitud":42.8005,"____Longitud":-6.8521,"__Prof___Km_":"0.0","______Inten_":"","________Mag_":"1.2","___Tipo_Mag_":4,"Localizaci_n":"W CANDÍN.LE","unnamed":"León"}},{"type":"Feature","geometry":{"type":"Point","coordinates":[-6.6672,42.1581,0]},"properties":{"styleUrl":"#pointStyleMap","icon":"http://maps.google.com/mapfiles/kml/shapes/placemark_circle.png","______Evento":901167,"_______Fecha":"02/03/2009","________Hora":"22:38:59","_____Latitud":42.1581,"____Longitud":-6.6672,"__Prof___Km_":"11.4","______Inten_":"","________Mag_":"1.2","___Tipo_Mag_":4,"Localizaci_n":"NW TREFACIO.ZA","unnamed":"Zamora"}},{"type":"Feature","geometry":{"type":"Point","coordinates":[-6.271,42.2513,0]},"properties":{"styleUrl":"#pointStyleMap","icon":"http://maps.google.com/mapfiles/kml/shapes/placemark_circle.png","______Evento":902767,"_______Fecha":"14/03/2009","________Hora":"04:01:56","_____Latitud":42.2513,"____Longitud":-6.271,"__Prof___Km_":"0.0","______Inten_":"","________Mag_":"1.2","___Tipo_Mag_":4,"Localizaci_n":"NW CASTROCONTRIGO.LE","unnamed":"León"}},{"type":"Feature","geometry":{"type":"Point","coordinates":[-6.779,42.4664,0]},"properties":{"styleUrl":"#pointStyleMap","icon":"http://maps.google.com/mapfiles/kml/shapes/placemark_circle.png","______Evento":988908,"_______Fecha":"15/05/2010","________Hora":"03:35:00","_____Latitud":42.4664,"____Longitud":-6.779,"__Prof___Km_":"0.0","______Inten_":"","________Mag_":"1.2","___Tipo_Mag_":4,"Localizaci_n":"SW CARUCEDO.LE","unnamed":"León"}},{"type":"Feature","geometry":{"type":"Point","coordinates":[-5.7289,42.9972,0]},"properties":{"styleUrl":"#pointStyleMap","icon":"http://maps.google.com/mapfiles/kml/shapes/placemark_circle.png","______Evento":1126343,"_______Fecha":"13/02/2012","________Hora":"22:20:29","_____Latitud":42.9972,"____Longitud":-5.7289,"__Prof___Km_":"0.0","______Inten_":"","________Mag_":"1.2","___Tipo_Mag_":4,"Localizaci_n":"NW VILLAMANÍN.LE","unnamed":"León"}},{"type":"Feature","geometry":{"type":"Point","coordinates":[-6.7003,42.0355,0]},"properties":{"styleUrl":"#pointStyleMap","icon":"http://maps.google.com/mapfiles/kml/shapes/placemark_circle.png","______Evento":1161704,"_______Fecha":"19/08/2012","________Hora":"05:27:24","_____Latitud":42.0355,"____Longitud":-6.7003,"__Prof___Km_":"11.0","______Inten_":"","________Mag_":"1.2","___Tipo_Mag_":4,"Localizaci_n":"NW PEDRALBA DE LA PRADERÍA.ZA","unnamed":"Zamora"}},{"type":"Feature","geometry":{"type":"Point","coordinates":[-2.7661,42.6891,0]},"properties":{"styleUrl":"#pointStyleMap","icon":"http://maps.google.com/mapfiles/kml/shapes/placemark_circle.png","______Evento":1211782,"_______Fecha":"12/05/2013","________Hora":"23:02:53","_____Latitud":42.6891,"____Longitud":-2.7661,"__Prof___Km_":"10.0","______Inten_":"","________Mag_":"1.2","___Tipo_Mag_":4,"Localizaci_n":"SW TREVIÑO.BU","unnamed":"Burgos"}},{"type":"Feature","geometry":{"type":"Point","coordinates":[-3.353,43.1572,0]},"properties":{"styleUrl":"#pointStyleMap","icon":"http://maps.google.com/mapfiles/kml/shapes/placemark_circle.png","______Evento":0,"_______Fecha":"21/10/2018","________Hora":"02:53:34","_____Latitud":43.1572,"____Longitud":-3.353,"__Prof___Km_":"0.0","______Inten_":"","________Mag_":"1.2","___Tipo_Mag_":4,"Localizaci_n":"NW VILLASANA DE MENA.BU","unnamed":"Burgos"}},{"type":"Feature","geometry":{"type":"Point","coordinates":[-3.0648,42.9123,0]},"properties":{"styleUrl":"#pointStyleMap","icon":"http://maps.google.com/mapfiles/kml/shapes/placemark_circle.png","______Evento":0,"_______Fecha":"01/01/2020","________Hora":"12:16:45","_____Latitud":42.9123,"____Longitud":-3.0648,"__Prof___Km_":"0.0","______Inten_":"","________Mag_":"1.2","___Tipo_Mag_":4,"Localizaci_n":"SW BERBERANA.BU","unnamed":"Burgos"}},{"type":"Feature","geometry":{"type":"Point","coordinates":[-3.2338,42.6255,0]},"properties":{"styleUrl":"#pointStyleMap","icon":"http://maps.google.com/mapfiles/kml/shapes/placemark_circle.png","______Evento":0,"_______Fecha":"06/07/2020","________Hora":"02:07:36","_____Latitud":42.6255,"____Longitud":-3.2338,"__Prof___Km_":"11.0","______Inten_":"","________Mag_":"1.2","___Tipo_Mag_":4,"Localizaci_n":"S FUENTEBUREBA.BU","unnamed":"Burgos"}},{"type":"Feature","geometry":{"type":"Point","coordinates":[-2.3064,41.7366,0]},"properties":{"styleUrl":"#pointStyleMap","icon":"http://maps.google.com/mapfiles/kml/shapes/placemark_circle.png","______Evento":0,"_______Fecha":"27/09/2021","________Hora":"23:09:33","_____Latitud":41.7366,"____Longitud":-2.3064,"__Prof___Km_":"0.0","______Inten_":"","________Mag_":"1.2","___Tipo_Mag_":4,"Localizaci_n":"N CANDILICHERA.SO","unnamed":"Soria"}},{"type":"Feature","geometry":{"type":"Point","coordinates":[-6.724,42.3245,0]},"properties":{"styleUrl":"#pointStyleMap","icon":"http://maps.google.com/mapfiles/kml/shapes/placemark_circle.png","______Evento":0,"_______Fecha":"01/03/2025","________Hora":"04:41:07","_____Latitud":42.3245,"____Longitud":-6.724,"__Prof___Km_":"2.0","______Inten_":"","________Mag_":"1.2","___Tipo_Mag_":4,"Localizaci_n":"S BENUZA.LE","unnamed":"León"}},{"type":"Feature","geometry":{"type":"Point","coordinates":[-3.3672,43.1461,0]},"properties":{"styleUrl":"#pointStyleMap","icon":"http://maps.google.com/mapfiles/kml/shapes/placemark_circle.png","______Evento":0,"_______Fecha":"02/08/2025","________Hora":"19:01:59","_____Latitud":43.1461,"____Longitud":-3.3672,"__Prof___Km_":"0.0","______Inten_":"","________Mag_":"1.2","___Tipo_Mag_":4,"Localizaci_n":"NW VALLE DE MENA.BU","unnamed":"Burgos"}},{"type":"Feature","geometry":{"type":"Point","coordinates":[-6.2997,42.2392,0]},"properties":{"styleUrl":"#pointStyleMap","icon":"http://maps.google.com/mapfiles/kml/shapes/placemark_circle.png","______Evento":0,"_______Fecha":"04/05/2026","________Hora":"04:31:12","_____Latitud":42.2392,"____Longitud":-6.2997,"__Prof___Km_":"0.0","______Inten_":"","________Mag_":"1.2","___Tipo_Mag_":4,"Localizaci_n":"NW CASTROCONTRIGO.LE","unnamed":"León"}},{"type":"Feature","geometry":{"type":"Point","coordinates":[-3.3194,42.5209,0]},"properties":{"styleUrl":"#pointStyleMap","icon":"http://maps.google.com/mapfiles/kml/shapes/placemark_circle.png","______Evento":0,"_______Fecha":"14/07/2026","________Hora":"01:00:09","_____Latitud":42.5209,"____Longitud":-3.3194,"__Prof___Km_":"0.0","______Inten_":"","________Mag_":"1.2","___Tipo_Mag_":4,"Localizaci_n":"NE PRÁDANOS DE BUREBA.BU","unnamed":"Burgos"}},{"type":"Feature","geometry":{"type":"Point","coordinates":[-5.956,41.5776,0]},"properties":{"styleUrl":"#pointStyleMap","icon":"http://maps.google.com/mapfiles/kml/shapes/placemark_circle.png","______Evento":440773,"_______Fecha":"25/08/2003","________Hora":"04:53:38","_____Latitud":41.5776,"____Longitud":-5.956,"__Prof___Km_":"0.0","______Inten_":"","________Mag_":"1.1","___Tipo_Mag_":4,"Localizaci_n":"SW ALMENDRA.ZA","unnamed":"Zamora"}},{"type":"Feature","geometry":{"type":"Point","coordinates":[-6.6769,42.6365,0]},"properties":{"styleUrl":"#pointStyleMap","icon":"http://maps.google.com/mapfiles/kml/shapes/placemark_circle.png","______Evento":503450,"_______Fecha":"02/08/2004","________Hora":"02:02:21","_____Latitud":42.6365,"____Longitud":-6.6769,"__Prof___Km_":"0.0","______Inten_":"","________Mag_":"1.1","___Tipo_Mag_":4,"Localizaci_n":"SE ARGANZA.LE","unnamed":"León"}},{"type":"Feature","geometry":{"type":"Point","coordinates":[-6.4452,42.7275,0]},"properties":{"styleUrl":"#pointStyleMap","icon":"http://maps.google.com/mapfiles/kml/shapes/placemark_circle.png","______Evento":528617,"_______Fecha":"12/12/2004","________Hora":"03:38:29","_____Latitud":42.7275,"____Longitud":-6.4452,"__Prof___Km_":"0.0","______Inten_":"","________Mag_":"1.1","___Tipo_Mag_":4,"Localizaci_n":"W NOCEDA DEL BIERZO.LE","unnamed":"León"}},{"type":"Feature","geometry":{"type":"Point","coordinates":[-6.7564,42.7111,0]},"properties":{"styleUrl":"#pointStyleMap","icon":"http://maps.google.com/mapfiles/kml/shapes/placemark_circle.png","______Evento":582776,"_______Fecha":"22/06/2005","________Hora":"20:25:38","_____Latitud":42.7111,"____Longitud":-6.7564,"__Prof___Km_":"0.0","______Inten_":"","________Mag_":"1.1","___Tipo_Mag_":4,"Localizaci_n":"W VEGA DE ESPINAREDA.LE","unnamed":"León"}},{"type":"Feature","geometry":{"type":"Point","coordinates":[-6.8283,42.4934,0]},"properties":{"styleUrl":"#pointStyleMap","icon":"http://maps.google.com/mapfiles/kml/shapes/placemark_circle.png","______Evento":618698,"_______Fecha":"11/12/2005","________Hora":"01:23:18","_____Latitud":42.4934,"____Longitud":-6.8283,"__Prof___Km_":"0.0","______Inten_":"","________Mag_":"1.1","___Tipo_Mag_":4,"Localizaci_n":"SE SOBRADO.LE","unnamed":"León"}},{"type":"Feature","geometry":{"type":"Point","coordinates":[-6.9485,42.7391,0]},"properties":{"styleUrl":"#pointStyleMap","icon":"http://maps.google.com/mapfiles/kml/shapes/placemark_circle.png","______Evento":751491,"_______Fecha":"05/05/2007","________Hora":"03:24:14","_____Latitud":42.7391,"____Longitud":-6.9485,"__Prof___Km_":"0.0","______Inten_":"","________Mag_":"1.1","___Tipo_Mag_":4,"Localizaci_n":"NW BALBOA.LE","unnamed":"León"}},{"type":"Feature","geometry":{"type":"Point","coordinates":[-6.7892,42.6873,0]},"properties":{"styleUrl":"#pointStyleMap","icon":"http://maps.google.com/mapfiles/kml/shapes/placemark_circle.png","______Evento":830153,"_______Fecha":"15/03/2008","________Hora":"03:22:29","_____Latitud":42.6873,"____Longitud":-6.7892,"__Prof___Km_":"3.2","______Inten_":"","________Mag_":"1.1","___Tipo_Mag_":4,"Localizaci_n":"NE TRABADELO.LE","unnamed":"León"}},{"type":"Feature","geometry":{"type":"Point","coordinates":[-6.8864,42.6109,0]},"properties":{"styleUrl":"#pointStyleMap","icon":"http://maps.google.com/mapfiles/kml/shapes/placemark_circle.png","______Evento":873679,"_______Fecha":"05/10/2008","________Hora":"00:42:00","_____Latitud":42.6109,"____Longitud":-6.8864,"__Prof___Km_":"0.0","______Inten_":"","________Mag_":"1.1","___Tipo_Mag_":4,"Localizaci_n":"S TRABADELO.LE","unnamed":"León"}},{"type":"Feature","geometry":{"type":"Point","coordinates":[-2.9034,42.6262,0]},"properties":{"styleUrl":"#pointStyleMap","icon":"http://maps.google.com/mapfiles/kml/shapes/placemark_circle.png","______Evento":946671,"_______Fecha":"03/10/2009","________Hora":"15:25:53","_____Latitud":42.6262,"____Longitud":-2.9034,"__Prof___Km_":"0.0","______Inten_":"","________Mag_":"1.1","___Tipo_Mag_":4,"Localizaci_n":"SE MIRANDA DE EBRO.BU","unnamed":"Burgos"}},{"type":"Feature","geometry":{"type":"Point","coordinates":[-5.91,42.5521,0]},"properties":{"styleUrl":"#pointStyleMap","icon":"http://maps.google.com/mapfiles/kml/shapes/placemark_circle.png","______Evento":1036686,"_______Fecha":"29/12/2010","________Hora":"04:02:05","_____Latitud":42.5521,"____Longitud":-5.91,"__Prof___Km_":"21.3","______Inten_":"","________Mag_":"1.1","___Tipo_Mag_":4,"Localizaci_n":"NW TURCIA.LE","unnamed":"León"}},{"type":"Feature","geometry":{"type":"Point","coordinates":[-6.9231,42.7038,0]},"properties":{"styleUrl":"#pointStyleMap","icon":"http://maps.google.com/mapfiles/kml/shapes/placemark_circle.png","______Evento":1050873,"_______Fecha":"18/03/2011","________Hora":"00:05:28","_____Latitud":42.7038,"____Longitud":-6.9231,"__Prof___Km_":"0.0","______Inten_":"","________Mag_":"1.1","___Tipo_Mag_":4,"Localizaci_n":"SW BALBOA.LE","unnamed":"León"}},{"type":"Feature","geometry":{"type":"Point","coordinates":[-5.7996,41.4862,0]},"properties":{"styleUrl":"#pointStyleMap","icon":"http://maps.google.com/mapfiles/kml/shapes/placemark_circle.png","______Evento":1220488,"_______Fecha":"09/07/2013","________Hora":"11:36:29","_____Latitud":41.4862,"____Longitud":-5.7996,"__Prof___Km_":"11.0","______Inten_":"","________Mag_":"1.1","___Tipo_Mag_":4,"Localizaci_n":"SW ZAMORA.ZA","unnamed":"Zamora"}},{"type":"Feature","geometry":{"type":"Point","coordinates":[-3.3343,43.1376,0]},"properties":{"styleUrl":"#pointStyleMap","icon":"http://maps.google.com/mapfiles/kml/shapes/placemark_circle.png","______Evento":0,"_______Fecha":"07/12/2017","________Hora":"21:23:38","_____Latitud":43.1376,"____Longitud":-3.3343,"__Prof___Km_":"0.0","______Inten_":"","________Mag_":"1.1","___Tipo_Mag_":4,"Localizaci_n":"NW VILLASANA DE MENA.BU","unnamed":"Burgos"}},{"type":"Feature","geometry":{"type":"Point","coordinates":[-3.2821,43.1824,0]},"properties":{"styleUrl":"#pointStyleMap","icon":"http://maps.google.com/mapfiles/kml/shapes/placemark_circle.png","______Evento":0,"_______Fecha":"07/12/2017","________Hora":"22:29:13","_____Latitud":43.1824,"____Longitud":-3.2821,"__Prof___Km_":"10.0","______Inten_":"","________Mag_":"1.1","___Tipo_Mag_":4,"Localizaci_n":"N VILLASANA DE MENA.BU","unnamed":"Burgos"}},{"type":"Feature","geometry":{"type":"Point","coordinates":[-3.2622,43.0128,0]},"properties":{"styleUrl":"#pointStyleMap","icon":"http://maps.google.com/mapfiles/kml/shapes/placemark_circle.png","______Evento":0,"_______Fecha":"30/07/2020","________Hora":"23:27:58","_____Latitud":43.0128,"____Longitud":-3.2622,"__Prof___Km_":"0.0","______Inten_":"","________Mag_":"1.1","___Tipo_Mag_":4,"Localizaci_n":"NW VALLE DE LOSA.BU","unnamed":"Burgos"}},{"type":"Feature","geometry":{"type":"Point","coordinates":[-3.0324,41.6527,0]},"properties":{"styleUrl":"#pointStyleMap","icon":"http://maps.google.com/mapfiles/kml/shapes/placemark_circle.png","______Evento":0,"_______Fecha":"24/06/2023","________Hora":"21:57:28","_____Latitud":41.6527,"____Longitud":-3.0324,"__Prof___Km_":"0.0","______Inten_":"","________Mag_":"1.1","___Tipo_Mag_":4,"Localizaci_n":"SE VALDEMALUQUE.SO","unnamed":"Soria"}},{"type":"Feature","geometry":{"type":"Point","coordinates":[-2.2752,41.9571,0]},"properties":{"styleUrl":"#pointStyleMap","icon":"http://maps.google.com/mapfiles/kml/shapes/placemark_circle.png","______Evento":0,"_______Fecha":"08/11/2024","________Hora":"19:55:21","_____Latitud":41.9571,"____Longitud":-2.2752,"__Prof___Km_":"24.0","______Inten_":"","________Mag_":"1.1","___Tipo_Mag_":4,"Localizaci_n":"SE ONCALA.SO","unnamed":"Soria"}},{"type":"Feature","geometry":{"type":"Point","coordinates":[-3.246,43.171,0]},"properties":{"styleUrl":"#pointStyleMap","icon":"http://maps.google.com/mapfiles/kml/shapes/placemark_circle.png","______Evento":0,"_______Fecha":"26/04/2026","________Hora":"21:30:22","_____Latitud":43.171,"____Longitud":-3.246,"__Prof___Km_":"11.0","______Inten_":"","________Mag_":"1.1","___Tipo_Mag_":4,"Localizaci_n":"NE VALLE DE MENA.BU","unnamed":"Burgos"}},{"type":"Feature","geometry":{"type":"Point","coordinates":[-3.2529,43.1834,0]},"properties":{"styleUrl":"#pointStyleMap","icon":"http://maps.google.com/mapfiles/kml/shapes/placemark_circle.png","______Evento":0,"_______Fecha":"24/05/2026","________Hora":"20:58:31","_____Latitud":43.1834,"____Longitud":-3.2529,"__Prof___Km_":"17.0","______Inten_":"","________Mag_":"1.1","___Tipo_Mag_":4,"Localizaci_n":"NE VALLE DE MENA.BU","unnamed":"Burgos"}},{"type":"Feature","geometry":{"type":"Point","coordinates":[-6.7624,42.724,0]},"properties":{"styleUrl":"#pointStyleMap","icon":"http://maps.google.com/mapfiles/kml/shapes/placemark_circle.png","______Evento":596808,"_______Fecha":"21/08/2005","________Hora":"02:29:41","_____Latitud":42.724,"____Longitud":-6.7624,"__Prof___Km_":"0.0","______Inten_":"","________Mag_":"1.0","___Tipo_Mag_":4,"Localizaci_n":"W VEGA DE ESPINAREDA.LE","unnamed":"León"}},{"type":"Feature","geometry":{"type":"Point","coordinates":[-5.9353,41.5748,0]},"properties":{"styleUrl":"#pointStyleMap","icon":"http://maps.google.com/mapfiles/kml/shapes/placemark_circle.png","______Evento":675063,"_______Fecha":"16/07/2006","________Hora":"21:52:41","_____Latitud":41.5748,"____Longitud":-5.9353,"__Prof___Km_":"0.0","______Inten_":"","________Mag_":"1.0","___Tipo_Mag_":4,"Localizaci_n":"SW ALMENDRA.ZA","unnamed":"Zamora"}},{"type":"Feature","geometry":{"type":"Point","coordinates":[-6.4916,42.6482,0]},"properties":{"styleUrl":"#pointStyleMap","icon":"http://maps.google.com/mapfiles/kml/shapes/placemark_circle.png","______Evento":722847,"_______Fecha":"04/02/2007","________Hora":"14:40:08","_____Latitud":42.6482,"____Longitud":-6.4916,"__Prof___Km_":"5.6","______Inten_":"","________Mag_":"1.0","___Tipo_Mag_":4,"Localizaci_n":"NE CONGOSTO.LE","unnamed":"León"}},{"type":"Feature","geometry":{"type":"Point","coordinates":[-6.432,42.2633,0]},"properties":{"styleUrl":"#pointStyleMap","icon":"http://maps.google.com/mapfiles/kml/shapes/placemark_circle.png","______Evento":902764,"_______Fecha":"14/03/2009","________Hora":"03:57:56","_____Latitud":42.2633,"____Longitud":-6.432,"__Prof___Km_":"9.7","______Inten_":"","________Mag_":"1.0","___Tipo_Mag_":4,"Localizaci_n":"NE TRUCHAS.LE","unnamed":"León"}},{"type":"Feature","geometry":{"type":"Point","coordinates":[-3.9666,41.3839,0]},"properties":{"styleUrl":"#pointStyleMap","icon":"http://maps.google.com/mapfiles/kml/shapes/placemark_circle.png","______Evento":999053,"_______Fecha":"28/06/2010","________Hora":"03:56:04","_____Latitud":41.3839,"____Longitud":-3.9666,"__Prof___Km_":"0.0","______Inten_":"","________Mag_":"1.0","___Tipo_Mag_":4,"Localizaci_n":"SW SAN MIGUEL DE BERNUY.SG","unnamed":"Segovia"}},{"type":"Feature","geometry":{"type":"Point","coordinates":[-3.146,42.3685,0]},"properties":{"styleUrl":"#pointStyleMap","icon":"http://maps.google.com/mapfiles/kml/shapes/placemark_circle.png","______Evento":1075483,"_______Fecha":"23/07/2011","________Hora":"22:17:24","_____Latitud":42.3685,"____Longitud":-3.146,"__Prof___Km_":"18.1","______Inten_":"","________Mag_":"1.0","___Tipo_Mag_":4,"Localizaci_n":"NE SAN VICENTE DEL VALLE.BU","unnamed":"Burgos"}},{"type":"Feature","geometry":{"type":"Point","coordinates":[-2.1146,41.9246,0]},"properties":{"styleUrl":"#pointStyleMap","icon":"http://maps.google.com/mapfiles/kml/shapes/placemark_circle.png","______Evento":0,"_______Fecha":"19/05/2021","________Hora":"01:32:50","_____Latitud":41.9246,"____Longitud":-2.1146,"__Prof___Km_":"8.0","______Inten_":"","________Mag_":"1.0","___Tipo_Mag_":4,"Localizaci_n":"SW VALDEPRADO.SO","unnamed":"Soria"}},{"type":"Feature","geometry":{"type":"Point","coordinates":[-2.3292,42.1426,0]},"properties":{"styleUrl":"#pointStyleMap","icon":"http://maps.google.com/mapfiles/kml/shapes/placemark_circle.png","______Evento":0,"_______Fecha":"17/09/2022","________Hora":"20:40:53","_____Latitud":42.1426,"____Longitud":-2.3292,"__Prof___Km_":"9.0","______Inten_":"","________Mag_":"1.0","___Tipo_Mag_":4,"Localizaci_n":"N YANGUAS.SO","unnamed":"Soria"}},{"type":"Feature","geometry":{"type":"Point","coordinates":[-2.3299,42.1369,0]},"properties":{"styleUrl":"#pointStyleMap","icon":"http://maps.google.com/mapfiles/kml/shapes/placemark_circle.png","______Evento":0,"_______Fecha":"17/09/2022","________Hora":"22:29:32","_____Latitud":42.1369,"____Longitud":-2.3299,"__Prof___Km_":"9.0","______Inten_":"","________Mag_":"1.0","___Tipo_Mag_":4,"Localizaci_n":"N YANGUAS.SO","unnamed":"Soria"}},{"type":"Feature","geometry":{"type":"Point","coordinates":[-2.4718,42.0724,0]},"properties":{"styleUrl":"#pointStyleMap","icon":"http://maps.google.com/mapfiles/kml/shapes/placemark_circle.png","______Evento":0,"_______Fecha":"08/04/2025","________Hora":"19:12:40","_____Latitud":42.0724,"____Longitud":-2.4718,"__Prof___Km_":"5.0","______Inten_":"","________Mag_":"1.0","___Tipo_Mag_":4,"Localizaci_n":"NW SANTA CRUZ DE YANGUAS.SO","unnamed":"Soria"}},{"type":"Feature","geometry":{"type":"Point","coordinates":[-6.0132,41.5367,0]},"properties":{"styleUrl":"#pointStyleMap","icon":"http://maps.google.com/mapfiles/kml/shapes/placemark_circle.png","______Evento":435447,"_______Fecha":"21/09/2003","________Hora":"16:44:46","_____Latitud":41.5367,"____Longitud":-6.0132,"__Prof___Km_":"4.5","______Inten_":"","________Mag_":"0.9","___Tipo_Mag_":4,"Localizaci_n":"NE VILLALCAMPO.ZA","unnamed":"Zamora"}},{"type":"Feature","geometry":{"type":"Point","coordinates":[-6.232,42.1493,0]},"properties":{"styleUrl":"#pointStyleMap","icon":"http://maps.google.com/mapfiles/kml/shapes/placemark_circle.png","______Evento":819013,"_______Fecha":"27/01/2008","________Hora":"00:07:18","_____Latitud":42.1493,"____Longitud":-6.232,"__Prof___Km_":"10.8","______Inten_":"","________Mag_":"0.9","___Tipo_Mag_":4,"Localizaci_n":"E JUSTEL.ZA","unnamed":"Zamora"}},{"type":"Feature","geometry":{"type":"Point","coordinates":[-6.8054,42.0052,0]},"properties":{"styleUrl":"#pointStyleMap","icon":"http://maps.google.com/mapfiles/kml/shapes/placemark_circle.png","______Evento":1161653,"_______Fecha":"18/08/2012","________Hora":"16:17:08","_____Latitud":42.0052,"____Longitud":-6.8054,"__Prof___Km_":"31.0","______Inten_":"","________Mag_":"0.9","___Tipo_Mag_":4,"Localizaci_n":"SW REQUEJO.ZA","unnamed":"Zamora"}},{"type":"Feature","geometry":{"type":"Point","coordinates":[-2.1593,42.1015,0]},"properties":{"styleUrl":"#pointStyleMap","icon":"http://maps.google.com/mapfiles/kml/shapes/placemark_circle.png","______Evento":0,"_______Fecha":"25/03/2021","________Hora":"09:27:42","_____Latitud":42.1015,"____Longitud":-2.1593,"__Prof___Km_":"4.0","______Inten_":"","________Mag_":"0.9","___Tipo_Mag_":4,"Localizaci_n":"NE SAN PEDRO MANRIQUE.SO","unnamed":"Soria"}},{"type":"Feature","geometry":{"type":"Point","coordinates":[-2.3193,42.1347,0]},"properties":{"styleUrl":"#pointStyleMap","icon":"http://maps.google.com/mapfiles/kml/shapes/placemark_circle.png","______Evento":0,"_______Fecha":"17/09/2022","________Hora":"19:46:48","_____Latitud":42.1347,"____Longitud":-2.3193,"__Prof___Km_":"9.0","______Inten_":"","________Mag_":"0.9","___Tipo_Mag_":4,"Localizaci_n":"NE YANGUAS.SO","unnamed":"Soria"}},{"type":"Feature","geometry":{"type":"Point","coordinates":[-2.1376,42.0331,0]},"properties":{"styleUrl":"#pointStyleMap","icon":"http://maps.google.com/mapfiles/kml/shapes/placemark_circle.png","______Evento":0,"_______Fecha":"04/06/2023","________Hora":"09:14:16","_____Latitud":42.0331,"____Longitud":-2.1376,"__Prof___Km_":"7.0","______Inten_":"","________Mag_":"0.9","___Tipo_Mag_":4,"Localizaci_n":"E SAN PEDRO MANRIQUE.SO","unnamed":"Soria"}},{"type":"Feature","geometry":{"type":"Point","coordinates":[-2.2299,42.037,0]},"properties":{"styleUrl":"#pointStyleMap","icon":"http://maps.google.com/mapfiles/kml/shapes/placemark_circle.png","______Evento":0,"_______Fecha":"03/09/2023","________Hora":"04:33:14","_____Latitud":42.037,"____Longitud":-2.2299,"__Prof___Km_":"11.0","______Inten_":"","________Mag_":"0.9","___Tipo_Mag_":4,"Localizaci_n":"N SAN PEDRO MANRIQUE.SO","unnamed":"Soria"}},{"type":"Feature","geometry":{"type":"Point","coordinates":[-6.7184,42.4192,0]},"properties":{"styleUrl":"#pointStyleMap","icon":"http://maps.google.com/mapfiles/kml/shapes/placemark_circle.png","______Evento":468239,"_______Fecha":"18/03/2004","________Hora":"01:16:54","_____Latitud":42.4192,"____Longitud":-6.7184,"__Prof___Km_":"0.0","______Inten_":"","________Mag_":"0.8","___Tipo_Mag_":4,"Localizaci_n":"NW BENUZA.LE","unnamed":"León"}},{"type":"Feature","geometry":{"type":"Point","coordinates":[-2.1876,41.6818,0]},"properties":{"styleUrl":"#pointStyleMap","icon":"http://maps.google.com/mapfiles/kml/shapes/placemark_circle.png","______Evento":0,"_______Fecha":"03/12/2016","________Hora":"03:16:38","_____Latitud":41.6818,"____Longitud":-2.1876,"__Prof___Km_":"0.0","______Inten_":"","________Mag_":"0.8","___Tipo_Mag_":4,"Localizaci_n":"E ALMENAR DE SORIA.SO","unnamed":"Soria"}},{"type":"Feature","geometry":{"type":"Point","coordinates":[-2.1525,42.0979,0]},"properties":{"styleUrl":"#pointStyleMap","icon":"http://maps.google.com/mapfiles/kml/shapes/placemark_circle.png","______Evento":0,"_______Fecha":"25/06/2022","________Hora":"02:05:58","_____Latitud":42.0979,"____Longitud":-2.1525,"__Prof___Km_":"0.0","______Inten_":"","________Mag_":"0.8","___Tipo_Mag_":4,"Localizaci_n":"NE SAN PEDRO MANRIQUE.SO","unnamed":"Soria"}},{"type":"Feature","geometry":{"type":"Point","coordinates":[-2.1915,42.0996,0]},"properties":{"styleUrl":"#pointStyleMap","icon":"http://maps.google.com/mapfiles/kml/shapes/placemark_circle.png","______Evento":0,"_______Fecha":"07/08/2023","________Hora":"21:10:06","_____Latitud":42.0996,"____Longitud":-2.1915,"__Prof___Km_":"0.0","______Inten_":"","________Mag_":"0.8","___Tipo_Mag_":4,"Localizaci_n":"NE SAN PEDRO MANRIQUE.SO","unnamed":"Soria"}},{"type":"Feature","geometry":{"type":"Point","coordinates":[-2.3318,42.1312,0]},"properties":{"styleUrl":"#pointStyleMap","icon":"http://maps.google.com/mapfiles/kml/shapes/placemark_circle.png","______Evento":0,"_______Fecha":"22/05/2024","________Hora":"23:56:54","_____Latitud":42.1312,"____Longitud":-2.3318,"__Prof___Km_":"0.0","______Inten_":"","________Mag_":"0.8","___Tipo_Mag_":4,"Localizaci_n":"N YANGUAS.SO","unnamed":"Soria"}},{"type":"Feature","geometry":{"type":"Point","coordinates":[-2.5425,42.0263,0]},"properties":{"styleUrl":"#pointStyleMap","icon":"http://maps.google.com/mapfiles/kml/shapes/placemark_circle.png","______Evento":0,"_______Fecha":"03/04/2026","________Hora":"01:33:09","_____Latitud":42.0263,"____Longitud":-2.5425,"__Prof___Km_":"0.0","______Inten_":"","________Mag_":"0.8","___Tipo_Mag_":4,"Localizaci_n":"NW LA PÓVEDA DE SORIA.SO","unnamed":"Soria"}},{"type":"Feature","geometry":{"type":"Point","coordinates":[-2.2916,42.1255,0]},"properties":{"styleUrl":"#pointStyleMap","icon":"http://maps.google.com/mapfiles/kml/shapes/placemark_circle.png","______Evento":0,"_______Fecha":"28/07/2023","________Hora":"00:55:02","_____Latitud":42.1255,"____Longitud":-2.2916,"__Prof___Km_":"0.0","______Inten_":"","________Mag_":"0.7","___Tipo_Mag_":4,"Localizaci_n":"NE YANGUAS.SO","unnamed":"Soria"}},{"type":"Feature","geometry":{"type":"Point","coordinates":[-2.1441,42.0428,0]},"properties":{"styleUrl":"#pointStyleMap","icon":"http://maps.google.com/mapfiles/kml/shapes/placemark_circle.png","______Evento":0,"_______Fecha":"30/04/2024","________Hora":"05:56:00","_____Latitud":42.0428,"____Longitud":-2.1441,"__Prof___Km_":"16.0","______Inten_":"","________Mag_":"0.7","___Tipo_Mag_":4,"Localizaci_n":"E SAN PEDRO MANRIQUE.SO","unnamed":"Soria"}},{"type":"Feature","geometry":{"type":"Point","coordinates":[-2.3499,42.1175,0]},"properties":{"styleUrl":"#pointStyleMap","icon":"http://maps.google.com/mapfiles/kml/shapes/placemark_circle.png","______Evento":0,"_______Fecha":"02/04/2021","________Hora":"01:21:08","_____Latitud":42.1175,"____Longitud":-2.3499,"__Prof___Km_":"6.0","______Inten_":"","________Mag_":"0.6","___Tipo_Mag_":4,"Localizaci_n":"NW YANGUAS.SO","unnamed":"soria"}},{"type":"Feature","geometry":{"type":"Point","coordinates":[-2.1619,42.0602,0]},"properties":{"styleUrl":"#pointStyleMap","icon":"http://maps.google.com/mapfiles/kml/shapes/placemark_circle.png","______Evento":0,"_______Fecha":"16/05/2022","________Hora":"22:14:30","_____Latitud":42.0602,"____Longitud":-2.1619,"__Prof___Km_":"8.0","______Inten_":"","________Mag_":"0.6","___Tipo_Mag_":4,"Localizaci_n":"NE SAN PEDRO MANRIQUE.SO","unnamed":"Soria"}},{"type":"Feature","geometry":{"type":"Point","coordinates":[-2.1432,42.04,0]},"properties":{"styleUrl":"#pointStyleMap","icon":"http://maps.google.com/mapfiles/kml/shapes/placemark_circle.png","______Evento":0,"_______Fecha":"06/01/2023","________Hora":"11:19:28","_____Latitud":42.04,"____Longitud":-2.1432,"__Prof___Km_":"0.0","______Inten_":"","________Mag_":"0.6","___Tipo_Mag_":4,"Localizaci_n":"E SAN PEDRO MANRIQUE.SO","unnamed":"Soria"}},{"type":"Feature","geometry":{"type":"Point","coordinates":[-2.3558,42.1285,0]},"properties":{"styleUrl":"#pointStyleMap","icon":"http://maps.google.com/mapfiles/kml/shapes/placemark_circle.png","______Evento":0,"_______Fecha":"17/05/2025","________Hora":"23:07:43","_____Latitud":42.1285,"____Longitud":-2.3558,"__Prof___Km_":"0.0","______Inten_":"","________Mag_":"0.6","___Tipo_Mag_":4,"Localizaci_n":"NW YANGUAS.SO","unnamed":"soria"}},{"type":"Feature","geometry":{"type":"Point","coordinates":[-2.3128,42.1147,0]},"properties":{"styleUrl":"#pointStyleMap","icon":"http://maps.google.com/mapfiles/kml/shapes/placemark_circle.png","______Evento":0,"_______Fecha":"23/08/2025","________Hora":"18:52:12","_____Latitud":42.1147,"____Longitud":-2.3128,"__Prof___Km_":"5.0","______Inten_":"","________Mag_":"0.6","___Tipo_Mag_":4,"Localizaci_n":"NE YANGUAS.SO","unnamed":"Soria"}},{"type":"Feature","geometry":{"type":"Point","coordinates":[-2.3296,42.1386,0]},"properties":{"styleUrl":"#pointStyleMap","icon":"http://maps.google.com/mapfiles/kml/shapes/placemark_circle.png","______Evento":0,"_______Fecha":"18/09/2022","________Hora":"17:18:58","_____Latitud":42.1386,"____Longitud":-2.3296,"__Prof___Km_":"9.0","______Inten_":"","________Mag_":"0.4","___Tipo_Mag_":4,"Localizaci_n":"N YANGUAS.SO","unnamed":"Soria"}},{"type":"Feature","geometry":{"type":"Point","coordinates":[-5.5,42.5,0]},"properties":{"styleUrl":"#pointStyleMap","icon":"http://maps.google.com/mapfiles/kml/shapes/placemark_circle.png","______Evento":131,"_______Fecha":"18/02/1605","________Hora":"03:00:00","_____Latitud":42.5,"____Longitud":-5.5,"__Prof___Km_":"0.0","______Inten_":"IV-V","________Mag_":"","___Tipo_Mag_":0,"Localizaci_n":"León","unnamed":"León"}},{"type":"Feature","geometry":{"type":"Point","coordinates":[-5.5,42.5,0]},"properties":{"styleUrl":"#pointStyleMap","icon":"http://maps.google.com/mapfiles/kml/shapes/placemark_circle.png","______Evento":132,"_______Fecha":"30/05/1605","________Hora":"00:00:00","_____Latitud":42.5,"____Longitud":-5.5,"__Prof___Km_":"0.0","______Inten_":"","________Mag_":"","___Tipo_Mag_":0,"Localizaci_n":"León","unnamed":"León"}},{"type":"Feature","geometry":{"type":"Point","coordinates":[-6.6167,42.2667,0]},"properties":{"styleUrl":"#pointStyleMap","icon":"http://maps.google.com/mapfiles/kml/shapes/placemark_circle.png","______Evento":1010,"_______Fecha":"10/04/1829","________Hora":"05:45:00","_____Latitud":42.2667,"____Longitud":-6.6167,"__Prof___Km_":"0.0","______Inten_":"IV","________Mag_":"","___Tipo_Mag_":0,"Localizaci_n":"S. Ponferrada.LE","unnamed":"León"}},{"type":"Feature","geometry":{"type":"Point","coordinates":[-6.6333,41.1667,0]},"properties":{"styleUrl":"#pointStyleMap","icon":"http://maps.google.com/mapfiles/kml/shapes/placemark_circle.png","______Evento":1045,"_______Fecha":"27/05/1831","________Hora":"08:00:00","_____Latitud":41.1667,"____Longitud":-6.6333,"__Prof___Km_":"0.0","______Inten_":"IV-V","________Mag_":"","___Tipo_Mag_":0,"Localizaci_n":"Zarza de Pumareda.SA","unnamed":"Salamanca"}},{"type":"Feature","geometry":{"type":"Point","coordinates":[-2.1,41.9333,0]},"properties":{"styleUrl":"#pointStyleMap","icon":"http://maps.google.com/mapfiles/kml/shapes/placemark_circle.png","______Evento":1153,"_______Fecha":"03/05/1847","________Hora":"06:15:00","_____Latitud":41.9333,"____Longitud":-2.1,"__Prof___Km_":"0.0","______Inten_":"IV-V","________Mag_":"","___Tipo_Mag_":0,"Localizaci_n":"Valdeprado.SO","unnamed":"Soria"}},{"type":"Feature","geometry":{"type":"Point","coordinates":[-5.8833,42.3333,0]},"properties":{"styleUrl":"#pointStyleMap","icon":"http://maps.google.com/mapfiles/kml/shapes/placemark_circle.png","______Evento":1200,"_______Fecha":"08/03/1849","________Hora":"14:45:00","_____Latitud":42.3333,"____Longitud":-5.8833,"__Prof___Km_":"0.0","______Inten_":"III-IV","________Mag_":"","___Tipo_Mag_":0,"Localizaci_n":"Soto de la Vega.LE","unnamed":"León"}},{"type":"Feature","geometry":{"type":"Point","coordinates":[-6.6333,42.05,0]},"properties":{"styleUrl":"#pointStyleMap","icon":"http://maps.google.com/mapfiles/kml/shapes/placemark_circle.png","______Evento":1264,"_______Fecha":"08/10/1852","________Hora":"20:00:00","_____Latitud":42.05,"____Longitud":-6.6333,"__Prof___Km_":"0.0","______Inten_":"IV-V","________Mag_":"","___Tipo_Mag_":0,"Localizaci_n":"Puebla de Sanabria.ZA","unnamed":"Zamora"}},{"type":"Feature","geometry":{"type":"Point","coordinates":[-5.75,41.5,0]},"properties":{"styleUrl":"#pointStyleMap","icon":"http://maps.google.com/mapfiles/kml/shapes/placemark_circle.png","______Evento":1276,"_______Fecha":"29/08/1853","________Hora":"23:00:00","_____Latitud":41.5,"____Longitud":-5.75,"__Prof___Km_":"0.0","______Inten_":"V-VI","________Mag_":"","___Tipo_Mag_":0,"Localizaci_n":"Zamora","unnamed":"Zamora"}},{"type":"Feature","geometry":{"type":"Point","coordinates":[-2.4667,41.7667,0]},"properties":{"styleUrl":"#pointStyleMap","icon":"http://maps.google.com/mapfiles/kml/shapes/placemark_circle.png","______Evento":2255,"_______Fecha":"01/01/1886","________Hora":"00:00:00","_____Latitud":41.7667,"____Longitud":-2.4667,"__Prof___Km_":"0.0","______Inten_":"IV","________Mag_":"","___Tipo_Mag_":0,"Localizaci_n":"Soria","unnamed":"Soria"}},{"type":"Feature","geometry":{"type":"Point","coordinates":[-6.7,42.05,0]},"properties":{"styleUrl":"#pointStyleMap","icon":"http://maps.google.com/mapfiles/kml/shapes/placemark_circle.png","______Evento":2490,"_______Fecha":"24/08/1899","________Hora":"01:25:00","_____Latitud":42.05,"____Longitud":-6.7,"__Prof___Km_":"0.0","______Inten_":"V","________Mag_":"","___Tipo_Mag_":0,"Localizaci_n":"Puebla de Sanabria.ZA","unnamed":"Zamora"}},{"type":"Feature","geometry":{"type":"Point","coordinates":[-5.5667,42.6,0]},"properties":{"styleUrl":"#pointStyleMap","icon":"http://maps.google.com/mapfiles/kml/shapes/placemark_circle.png","______Evento":2498,"_______Fecha":"09/06/1900","________Hora":"23:50:00","_____Latitud":42.6,"____Longitud":-5.5667,"__Prof___Km_":"0.0","______Inten_":"III","________Mag_":"","___Tipo_Mag_":0,"Localizaci_n":"León","unnamed":"León"}},{"type":"Feature","geometry":{"type":"Point","coordinates":[-3.2167,41.5667,0]},"properties":{"styleUrl":"#pointStyleMap","icon":"http://maps.google.com/mapfiles/kml/shapes/placemark_circle.png","______Evento":2582,"_______Fecha":"14/06/1904","________Hora":"00:00:00","_____Latitud":41.5667,"____Longitud":-3.2167,"__Prof___Km_":"0.0","______Inten_":"VI","________Mag_":"","___Tipo_Mag_":0,"Localizaci_n":"SAN ESTEBAN GORMAZ.SO","unnamed":"Soria"}},{"type":"Feature","geometry":{"type":"Point","coordinates":[-2.5,41.7833,0]},"properties":{"styleUrl":"#pointStyleMap","icon":"http://maps.google.com/mapfiles/kml/shapes/placemark_circle.png","______Evento":3167,"_______Fecha":"26/03/1914","________Hora":"08:40:00","_____Latitud":41.7833,"____Longitud":-2.5,"__Prof___Km_":"0.0","______Inten_":"IV","________Mag_":"","___Tipo_Mag_":0,"Localizaci_n":"SORIA","unnamed":"Soria"}},{"type":"Feature","geometry":{"type":"Point","coordinates":[-5.75,41,0]},"properties":{"styleUrl":"#pointStyleMap","icon":"http://maps.google.com/mapfiles/kml/shapes/placemark_circle.png","______Evento":4238,"_______Fecha":"07/04/1936","________Hora":"03:00:00","_____Latitud":41,"____Longitud":-5.75,"__Prof___Km_":"0.0","______Inten_":"III","________Mag_":"","___Tipo_Mag_":0,"Localizaci_n":"ZAMORA","unnamed":"Zamora"}},{"type":"Feature","geometry":{"type":"Point","coordinates":[-2.7383,41.6183,0]},"properties":{"styleUrl":"#pointStyleMap","icon":"http://maps.google.com/mapfiles/kml/shapes/placemark_circle.png","______Evento":6083,"_______Fecha":"04/08/1965","________Hora":"02:33:13","_____Latitud":41.6183,"____Longitud":-2.7383,"__Prof___Km_":"5.0","______Inten_":"","________Mag_":"","___Tipo_Mag_":0,"Localizaci_n":"NE FUENTEPINILLA.SO","unnamed":"Soria"}},{"type":"Feature","geometry":{"type":"Point","coordinates":[-3.19,42.655,0]},"properties":{"styleUrl":"#pointStyleMap","icon":"http://maps.google.com/mapfiles/kml/shapes/placemark_circle.png","______Evento":9563,"_______Fecha":"16/03/1983","________Hora":"18:19:30","_____Latitud":42.655,"____Longitud":-3.19,"__Prof___Km_":"5.0","______Inten_":"","________Mag_":"","___Tipo_Mag_":0,"Localizaci_n":"NW SANTA MARÍA RIVARREDONDA.BU","unnamed":"Burgos"}},{"type":"Feature","geometry":{"type":"Point","coordinates":[-3.1867,42.6483,0]},"properties":{"styleUrl":"#pointStyleMap","icon":"http://maps.google.com/mapfiles/kml/shapes/placemark_circle.png","______Evento":9567,"_______Fecha":"28/03/1983","________Hora":"16:55:01","_____Latitud":42.6483,"____Longitud":-3.1867,"__Prof___Km_":"5.0","______Inten_":"","________Mag_":"","___Tipo_Mag_":0,"Localizaci_n":"NW SANTA MARÍA RIVARREDONDA.BU","unnamed":"Burgos"}},{"type":"Feature","geometry":{"type":"Point","coordinates":[-3.1783,42.665,0]},"properties":{"styleUrl":"#pointStyleMap","icon":"http://maps.google.com/mapfiles/kml/shapes/placemark_circle.png","______Evento":9571,"_______Fecha":"08/04/1983","________Hora":"16:14:04","_____Latitud":42.665,"____Longitud":-3.1783,"__Prof___Km_":"5.0","______Inten_":"","________Mag_":"","___Tipo_Mag_":0,"Localizaci_n":"SE MIRAVECHE.BU","unnamed":"Burgos"}}]}